2024-11-08,6,21000
2024-11-12,6,596000
2024-11-13,6,20000
2024-11-14,6,44000
2024-11-15,6,75000
2024-11-18,6,65000
2024-11-19,6,60000
2024-11-20,6,52000
2024-11-26,6,22000
2024-11-27,6,29000
2024-11-28,6,23000
2024-12-17,6,32000
2024-12-18,6,35000
2024-12-19,6,42000
2024-12-27,6,38000
2025-01-03,6,26000
2025-01-06,6,18000
2025-01-13,6,21000
2025-01-16,6,22000
2025-01-22,6,24000
2025-02-03,6,25000
2025-02-05,6,19000
2025-02-11,6,63000
2025-02-12,6,61000
2025-02-14,6,60000
2025-02-17,6,41000
2025-03-03,6,11000
2024-12-16,7,12000
2024-12-17,7,40000
2024-12-20,7,52000
2024-12-23,7,67000
2024-12-30,7,30000
2025-01-23,7,0
2024-11-08,9,19000
2024-11-12,9,105000
2024-11-13,9,214000
2024-12-04,9,217000
2024-12-12,9,106000
2025-01-02,9,125000
2025-01-03,9,123000
2025-01-06,9,144000
2025-01-07,9,166000
2025-01-14,9,170000
2025-01-23,9,151000
2025-02-03,9,141000
2025-02-10,9,142000
2025-02-11,9,130000
2025-02-12,9,30000
2025-02-13,9,6000
2024-11-08,10,1000
2024-11-12,10,36000
2024-11-13,10,88000
2024-11-14,10,115000
2024-11-15,10,112000
2024-11-18,10,111000
2024-11-19,10,108000
2024-11-21,10,113000
2024-11-22,10,129000
2024-11-25,10,121000
2024-11-26,10,131000
2024-11-27,10,141000
2024-12-03,10,125000
2024-12-05,10,123000
2024-12-06,10,133000
2024-12-09,10,128000
2024-12-11,10,149000
2024-12-17,10,150000
2024-12-18,10,140000
2024-12-19,10,135000
2024-12-20,10,136000
2024-12-27,10,122000
2024-12-30,10,111000
2025-01-03,10,81000
2025-02-06,10,76000
2025-02-11,10,80000
2025-02-21,10,90000
2025-02-24,10,95000
2025-02-26,10,105000
2025-02-27,10,111000
2025-02-28,10,106000
2025-03-05,10,96000
2025-03-07,10,80000
2025-03-10,10,81000
2025-03-11,10,121000
2025-03-12,10,101000
2025-03-19,10,119000
2025-03-20,10,109000
2025-03-21,10,89000
2025-04-29,10,85000
2024-11-08,11,5000
2024-11-12,11,15000
2024-11-13,11,6000
2024-11-14,11,1000
2025-03-10,11,101000
2024-11-14,13,10000
2024-11-15,13,0
2024-11-20,13,10000
2025-01-22,13,0
2024-11-08,16,1000
2024-11-12,16,28000
2024-11-13,16,5000
2024-11-08,17,66000
2024-11-12,17,492000
2024-11-13,17,494000
2024-11-14,17,650000
2024-11-15,17,682000
2024-11-18,17,638000
2024-11-19,17,620000
2024-11-20,17,723000
2024-11-21,17,804000
2024-11-22,17,815000
2024-11-25,17,816000
2024-11-26,17,828000
2024-11-27,17,892000
2024-11-28,17,891000
2024-11-29,17,875000
2024-12-02,17,872000
2024-12-03,17,882000
2024-12-04,17,871000
2024-12-05,17,872000
2024-12-06,17,887000
2024-12-09,17,879000
2024-12-10,17,873000
2024-12-11,17,917000
2024-12-12,17,927000
2024-12-13,17,939000
2024-12-16,17,943000
2024-12-17,17,963000
2024-12-18,17,968000
2024-12-19,17,1013000
2024-12-20,17,995000
2024-12-23,17,996000
2024-12-27,17,976000
2024-12-30,17,898000
2025-01-02,17,888000
2025-01-03,17,865000
2025-01-06,17,873000
2025-01-07,17,871000
2025-01-08,17,891000
2025-01-10,17,901000
2025-01-13,17,921000
2025-01-14,17,916000
2025-01-15,17,936000
2025-01-16,17,928000
2025-01-17,17,944000
2025-01-20,17,970000
2025-01-21,17,974000
2025-01-27,17,975000
2025-02-04,17,893000
2025-02-06,17,903000
2025-02-07,17,894000
2025-02-10,17,800000
2025-02-11,17,637000
2025-02-12,17,1481000
2025-02-13,17,1513000
2025-02-14,17,1620000
2025-02-18,17,1630000
2025-02-19,17,1669000
2025-02-20,17,1649000
2025-02-21,17,1691000
2025-02-24,17,1718000
2025-02-25,17,1781000
2025-02-26,17,1814000
2025-02-27,17,1834000
2025-02-28,17,1855000
2025-03-03,17,1898000
2025-03-04,17,1861000
2025-03-05,17,1782000
2025-03-06,17,1780000
2025-03-07,17,1653000
2025-03-10,17,1709000
2025-03-11,17,1702000
2025-03-12,17,1724000
2025-03-13,17,1728000
2025-03-14,17,1739000
2025-03-17,17,1748000
2025-03-18,17,1729000
2025-03-19,17,1738000
2025-03-20,17,1756000
2025-03-25,17,1746000
2025-03-26,17,1739000
2025-03-27,17,1749000
2025-03-28,17,1746000
2025-04-01,17,1753000
2025-04-02,17,1695000
2025-04-07,17,1705000
2025-04-09,17,1675000
2025-04-10,17,1687000
2025-04-11,17,1714000
2025-04-14,17,1687000
2025-04-16,17,1685000
2025-04-24,17,1705000
2025-04-25,17,1720000
2025-04-29,17,1731000
2025-04-30,17,1711000
2024-11-08,20,1000
2024-11-11,20,0
2024-11-08,22,1000
2024-11-12,22,10000
2024-11-13,22,24000
2024-11-14,22,27000
2024-11-15,22,17000
2024-11-26,22,16000
2024-11-29,22,26000
2024-12-03,22,20000
2024-12-04,22,23000
2024-12-06,22,13000
2024-12-09,22,16000
2024-12-10,22,13000
2024-12-13,22,10000
2024-12-19,22,26000
2025-02-06,22,31000
2025-02-11,22,36000
2025-02-12,22,38000
2025-02-13,22,33000
2025-02-18,22,34000
2025-02-19,22,14000
2025-02-21,22,13000
2025-03-05,22,33000
2025-03-06,22,53000
2025-03-07,22,33000
2025-03-10,22,13000
2025-03-14,22,21000
2025-03-19,22,31000
2025-03-20,22,21000
2024-11-08,24,1664000
2024-11-12,24,1687000
2024-11-13,24,177000
2024-11-14,24,60000
2024-11-15,24,56000
2024-11-18,24,51000
2024-11-19,24,53000
2024-11-20,24,43000
2024-11-21,24,37000
2024-11-26,24,36000
2024-11-27,24,31000
2024-11-28,24,36000
2024-12-02,24,136000
2024-12-03,24,250000
2024-12-05,24,249000
2024-12-06,24,149000
2024-12-12,24,279000
2024-12-13,24,299000
2024-12-16,24,309000
2024-12-30,24,239000
2025-01-07,24,238000
2025-01-08,24,269000
2025-01-16,24,284000
2025-01-20,24,282000
2025-01-21,24,285000
2025-01-23,24,282000
2025-01-24,24,281000
2025-02-03,24,278000
2025-02-04,24,281000
2025-02-06,24,390000
2025-02-07,24,385000
2025-02-10,24,374000
2025-02-11,24,285000
2025-02-12,24,284000
2025-02-14,24,326000
2025-02-18,24,350000
2025-02-19,24,470000
2025-02-21,24,492000
2025-02-27,24,494000
2025-03-04,24,501000
2025-03-07,24,378000
2025-03-10,24,377000
2025-03-11,24,382000
2025-03-20,24,368000
2025-03-24,24,366000
2025-04-09,24,299000
2025-04-11,24,304000
2024-11-08,30,567000
2024-11-12,30,1180000
2024-11-21,30,0
2025-03-07,30,18000
2025-03-10,30,56000
2025-03-11,30,58000
2025-03-12,30,56000
2025-03-18,30,45000
2025-03-20,30,42000
2025-03-21,30,24000
2025-03-26,30,20000
2025-03-27,30,23000
2025-03-28,30,27000
2025-03-31,30,42000
2025-04-01,30,27000
2025-04-02,30,39000
2025-04-03,30,36000
2025-04-07,30,41000
2025-04-08,30,33000
2025-04-09,30,22000
2025-04-10,30,9000
2025-04-11,30,15000
2025-04-14,30,8000
2025-04-15,30,3000
2025-04-24,30,0
2024-11-12,32,25000
2024-11-13,32,35000
2024-11-14,32,48000
2024-11-15,32,46000
2024-11-22,32,57000
2024-11-26,32,63000
2024-11-28,32,46000
2024-12-06,32,56000
2024-12-16,32,58000
2024-12-17,32,63000
2024-12-18,32,68000
2024-12-19,32,66000
2024-12-30,32,46000
2025-03-21,32,56000
2024-11-18,33,4000
2024-11-19,33,22000
2024-11-20,33,40000
2024-12-03,33,43000
2024-12-04,33,40000
2024-12-05,33,42000
2024-12-06,33,40000
2024-12-10,33,41000
2024-12-11,33,43000
2024-12-12,33,40000
2024-12-17,33,50000
2024-12-19,33,49000
2024-12-20,33,51000
2024-12-23,33,50000
2024-12-27,33,38000
2024-12-30,33,47000
2025-02-10,33,39000
2025-02-12,33,0
2024-11-08,35,2000
2024-11-12,35,26000
2024-11-13,35,5000
2024-11-15,35,3000
2024-11-21,35,6000
2024-12-11,35,7000
2024-12-12,35,5000
2024-12-19,35,8000
2025-01-07,35,5000
2025-01-08,35,3000
2025-02-10,35,2000
2025-02-14,35,1000
2025-03-12,35,13000
2025-03-13,35,1000
2024-11-12,36,163000
2024-11-13,36,229000
2024-11-14,36,235000
2024-11-15,36,191000
2024-11-18,36,194000
2024-11-19,36,179000
2024-11-21,36,203000
2024-11-22,36,235000
2024-11-27,36,225000
2024-11-29,36,206000
2024-12-02,36,186000
2024-12-03,36,185000
2024-12-04,36,195000
2024-12-05,36,190000
2024-12-06,36,200000
2024-12-09,36,190000
2024-12-10,36,180000
2024-12-12,36,182000
2024-12-13,36,177000
2024-12-16,36,172000
2024-12-17,36,192000
2024-12-18,36,222000
2024-12-19,36,146000
2025-01-02,36,156000
2025-01-10,36,148000
2025-01-13,36,147000
2025-01-23,36,137000
2025-02-03,36,134000
2025-02-10,36,153000
2025-02-11,36,128000
2025-02-12,36,134000
2025-02-14,36,164000
2025-02-17,36,189000
2025-02-20,36,194000
2025-02-21,36,192000
2025-02-25,36,177000
2025-03-05,36,157000
2025-03-07,36,142000
2025-03-11,36,147000
2025-03-12,36,142000
2025-03-25,36,132000
2025-03-26,36,137000
2025-04-01,36,132000
2025-04-30,36,131000
2024-11-12,37,1000
2024-11-13,37,3000
2024-11-14,37,6000
2024-11-15,37,3000
2024-11-18,37,1000
2024-11-20,37,2000
2024-11-21,37,1000
2024-11-27,37,6000
2024-11-28,37,1000
2025-01-03,37,5000
2025-01-06,37,1000
2025-01-10,37,6000
2025-01-13,37,3000
2025-01-14,37,1000
2025-02-27,37,2000
2025-02-28,37,1000
2025-03-14,37,5000
2025-03-17,37,1000
2025-03-21,37,8000
2025-03-25,37,1000
2025-02-12,40,10000
2025-02-26,40,0
2025-03-20,40,3000
2025-03-24,40,0
2024-11-12,45,6000
2024-11-13,45,0
2024-11-18,48,5000
2024-11-19,48,13000
2024-11-20,48,38000
2024-11-21,48,110000
2024-11-22,48,66000
2024-11-25,48,58000
2024-11-26,48,69000
2024-11-27,48,128000
2024-11-28,48,90000
2024-11-29,48,126000
2024-12-02,48,109000
2024-12-03,48,78000
2024-12-04,48,81000
2024-12-05,48,59000
2024-12-06,48,73000
2024-12-09,48,67000
2024-12-10,48,55000
2024-12-11,48,108000
2024-12-12,48,148000
2024-12-13,48,145000
2024-12-16,48,131000
2024-12-17,48,128000
2024-12-18,48,127000
2024-12-19,48,123000
2024-12-20,48,122000
2024-12-23,48,120000
2024-12-27,48,50000
2024-12-30,48,52000
2025-01-02,48,40000
2025-01-03,48,38000
2025-01-06,48,37000
2025-01-07,48,53000
2025-01-08,48,139000
2025-01-09,48,146000
2025-01-10,48,152000
2025-01-13,48,161000
2025-01-15,48,166000
2025-01-17,48,165000
2025-01-20,48,161000
2025-01-22,48,107000
2025-01-23,48,166000
2025-01-24,48,135000
2025-01-27,48,136000
2025-02-03,48,207000
2025-02-04,48,154000
2025-02-05,48,149000
2025-02-06,48,93000
2025-02-07,48,39000
2025-02-10,48,697000
2025-02-11,48,47000
2025-02-12,48,541000
2025-02-13,48,356000
2025-02-14,48,418000
2025-02-17,48,271000
2025-02-18,48,283000
2025-02-19,48,311000
2025-02-20,48,305000
2025-02-21,48,265000
2025-02-24,48,244000
2025-02-25,48,192000
2025-02-26,48,71000
2025-02-27,48,140000
2025-02-28,48,134000
2025-03-03,48,75000
2025-03-04,48,42000
2025-03-05,48,67000
2025-03-06,48,70000
2025-03-07,48,271000
2025-03-10,48,130000
2025-03-11,48,141000
2025-03-12,48,128000
2025-03-14,48,72000
2025-03-17,48,67000
2025-03-18,48,70000
2025-03-19,48,67000
2025-03-20,48,74000
2025-03-21,48,65000
2025-03-24,48,59000
2025-03-25,48,65000
2025-03-26,48,50000
2025-03-27,48,20000
2025-03-28,48,16000
2025-03-31,48,46000
2025-04-01,48,57000
2025-04-02,48,84000
2025-04-03,48,86000
2025-04-07,48,73000
2025-04-08,48,31000
2025-04-09,48,27000
2025-04-10,48,38000
2025-04-11,48,36000
2025-04-14,48,50000
2025-04-15,48,52000
2025-04-16,48,39000
2025-04-22,48,38000
2025-04-25,48,60000
2025-04-28,48,53000
2025-04-30,48,63000
2024-11-08,50,13269000
2024-11-12,50,11613000
2024-11-13,50,11427000
2024-11-14,50,11430000
2024-11-18,50,11429000
2024-11-19,50,11432000
2024-11-20,50,11653000
2024-11-21,50,13694000
2024-11-22,50,13692000
2024-11-25,50,13691000
2024-11-26,50,13761000
2024-11-27,50,13766000
2024-11-28,50,13802000
2024-11-29,50,11816000
2024-12-02,50,11813000
2024-12-03,50,11803000
2024-12-04,50,11798000
2024-12-05,50,11800000
2024-12-06,50,11799000
2024-12-09,50,11835000
2024-12-10,50,11834000
2024-12-11,50,11844000
2024-12-12,50,11884000
2024-12-16,50,11888000
2024-12-17,50,11749000
2024-12-19,50,11741000
2024-12-20,50,11743000
2024-12-23,50,11763000
2024-12-27,50,11761000
2024-12-30,50,11806000
2025-01-10,50,11810000
2025-01-14,50,11813000
2025-01-16,50,11828000
2025-01-22,50,11811000
2025-01-24,50,11814000
2025-01-27,50,11854000
2025-02-07,50,11857000
2025-02-10,50,11854000
2025-02-11,50,11916000
2025-02-12,50,11513000
2025-02-14,50,11408000
2025-02-18,50,11407000
2025-02-20,50,11412000
2025-02-25,50,11407000
2025-02-28,50,11417000
2025-03-03,50,11437000
2025-03-05,50,11517000
2025-03-07,50,11402000
2025-03-10,50,11327000
2025-03-13,50,11335000
2025-03-14,50,11355000
2025-03-27,50,11365000
2025-04-01,50,11384000
2025-04-02,50,11414000
2025-04-03,50,11419000
2025-04-09,50,11437000
2025-04-14,50,11447000
2025-04-16,50,11432000
2025-04-25,50,11438000
2025-04-30,50,11448000
2025-05-02,50,11461000
2025-03-07,54,800
2024-11-12,55,10000
2024-11-14,55,5000
2024-11-15,55,0
2024-12-17,57,10000
2024-12-30,57,0
2024-11-12,58,11000
2024-11-13,58,0
2024-11-14,58,10000
2024-11-15,58,11000
2024-11-18,58,14000
2024-11-21,58,15000
2024-12-04,58,5000
2024-12-05,58,15000
2024-12-27,58,5000
2025-02-12,58,1000
2025-03-07,58,2000
2025-03-10,58,1000
2025-03-26,58,0
2024-11-13,59,9000
2024-11-15,59,2000
2024-11-19,59,0
2024-11-20,59,10000
2024-11-21,59,2000
2024-11-22,59,0
2024-11-12,60,250000
2024-11-13,60,1000
2024-11-26,60,0
2025-02-11,60,5000
2025-03-07,60,0
2025-03-10,60,5000
2024-11-08,64,4000
2024-11-12,64,0
2024-11-14,64,15000
2024-11-15,64,10000
2024-11-18,64,15000
2024-12-03,64,25000
2024-12-04,64,15000
2025-02-21,64,25000
2025-02-26,64,35000
2025-03-07,64,15000
2025-04-01,64,25000
2025-04-23,64,30000
2025-05-02,64,25000
2024-11-12,65,35000
2024-11-13,65,116000
2024-11-14,65,120000
2024-11-15,65,118000
2024-11-20,65,123000
2024-11-21,65,127000
2024-11-22,65,108000
2024-11-25,65,118000
2024-11-28,65,123000
2024-11-29,65,113000
2024-12-03,65,123000
2024-12-04,65,133000
2024-12-10,65,113000
2024-12-16,65,93000
2024-12-18,65,89000
2024-12-23,65,129000
2024-12-27,65,410000
2024-12-30,65,470000
2025-01-03,65,472000
2025-01-10,65,475000
2025-01-22,65,470000
2025-02-03,65,611000
2025-02-04,65,800000
2025-02-10,65,798000
2025-02-12,65,814000
2025-02-13,65,810000
2025-02-18,65,809000
2025-03-04,65,800000
2025-03-10,65,780000
2025-03-20,65,790000
2025-03-21,65,780000
2024-11-13,67,10000
2025-01-10,67,0
2024-11-12,68,1000
2024-12-17,68,0
2024-11-12,69,11000
2024-11-13,69,10000
2024-12-06,69,12000
2024-12-13,69,17000
2024-12-16,69,27000
2024-12-20,69,17000
2025-02-11,69,12000
2025-02-26,69,22000
2025-03-05,69,12000
2025-03-10,69,17000
2025-03-17,69,27000
2025-03-25,69,39000
2025-04-02,69,27000
2024-11-08,70,1319000
2024-11-12,70,1247000
2024-11-19,70,1310000
2024-11-20,70,1311000
2024-11-22,70,1316000
2024-11-28,70,1298000
2024-11-29,70,1271000
2024-12-02,70,1269000
2024-12-03,70,1264000
2024-12-04,70,1260000
2024-12-05,70,1254000
2024-12-06,70,1250000
2024-12-09,70,1247000
2024-12-17,70,1251000
2024-12-18,70,1269000
2024-12-19,70,1270000
2024-12-20,70,1267000
2024-12-30,70,1256000
2025-01-02,70,1255000
2025-01-09,70,1258000
2025-01-10,70,1255000
2025-02-05,70,1254000
2025-02-06,70,1249000
2025-02-11,70,1247000
2025-02-20,70,1252000
2025-02-21,70,1247000
2025-03-07,70,1322000
2025-03-10,70,1353000
2025-03-11,70,1359000
2025-03-13,70,1348000
2025-03-20,70,1327000
2025-03-26,70,1320000
2025-03-28,70,1319000
2025-04-03,70,1318000
2025-04-10,70,1278000
2025-04-11,70,1252000
2025-04-14,70,1250000
2025-04-25,70,1249000
2025-04-28,70,1248000
2024-11-13,71,30000
2024-11-14,71,0
2024-12-06,71,10000
2024-12-17,71,0
2024-12-30,71,10000
2025-01-03,71,0
2025-02-10,71,10000
2025-02-17,71,0
2025-03-07,71,8000
2025-03-10,71,0
2024-11-08,76,16000
2024-11-12,76,868000
2024-11-13,76,1368000
2024-11-14,76,1191000
2024-11-15,76,1246000
2024-11-18,76,1232000
2024-11-19,76,1132000
2024-11-20,76,1151000
2024-11-21,76,1290000
2024-11-22,76,1283000
2024-11-25,76,1335000
2024-11-26,76,1342000
2024-11-27,76,1344000
2024-11-28,76,1338000
2024-11-29,76,1396000
2024-12-02,76,1388000
2024-12-03,76,1379000
2024-12-04,76,1358000
2024-12-05,76,1356000
2024-12-06,76,1357000
2024-12-09,76,1375000
2024-12-10,76,1376000
2024-12-11,76,1344000
2024-12-12,76,1303000
2024-12-13,76,1285000
2024-12-16,76,1312000
2024-12-17,76,1280000
2024-12-18,76,1273000
2024-12-19,76,1259000
2024-12-20,76,1267000
2024-12-23,76,1266000
2024-12-27,76,1201000
2024-12-30,76,1344000
2025-01-02,76,1347000
2025-01-03,76,1377000
2025-01-06,76,1371000
2025-01-07,76,1351000
2025-01-08,76,1335000
2025-01-13,76,1324000
2025-01-14,76,1329000
2025-01-16,76,1331000
2025-01-17,76,1321000
2025-01-20,76,1327000
2025-01-22,76,1321000
2025-01-24,76,1310000
2025-01-27,76,1309000
2025-02-03,76,1319000
2025-02-04,76,1312000
2025-02-06,76,1291000
2025-02-07,76,1284000
2025-02-10,76,1260000
2025-02-11,76,1290000
2025-02-12,76,1242000
2025-02-13,76,1186000
2025-02-14,76,1090000
2025-02-17,76,1092000
2025-02-18,76,1112000
2025-02-19,76,1110000
2025-02-20,76,1143000
2025-02-21,76,1130000
2025-02-24,76,1150000
2025-02-25,76,1142000
2025-02-26,76,1164000
2025-02-27,76,1150000
2025-02-28,76,1149000
2025-03-03,76,1148000
2025-03-04,76,1169000
2025-03-05,76,1165000
2025-03-06,76,1160000
2025-03-07,76,1153200
2025-03-10,76,1194200
2025-03-11,76,1145200
2025-03-12,76,1153200
2025-03-14,76,1173200
2025-03-17,76,1183200
2025-03-18,76,1184200
2025-03-19,76,1175200
2025-03-20,76,1176200
2025-03-24,76,1166200
2025-03-26,76,1176200
2025-03-31,76,1153200
2025-04-01,76,1158200
2025-04-02,76,1160200
2025-04-03,76,1165200
2025-04-07,76,1167200
2025-04-08,76,1171200
2025-04-09,76,1169200
2025-04-14,76,1165200
2025-04-15,76,1154200
2025-04-16,76,1189200
2024-11-12,77,14000
2024-11-13,77,219000
2024-11-14,77,224000
2024-11-15,77,164000
2024-11-18,77,24000
2024-11-19,77,14000
2024-11-22,77,54000
2024-11-26,77,44000
2024-12-06,77,54000
2024-12-09,77,44000
2025-02-03,77,39000
2025-02-10,77,34000
2025-02-14,77,39000
2025-03-03,77,49000
2025-03-06,77,54000
2025-04-10,77,154000
2024-11-12,78,3000
2024-11-13,78,0
2024-11-15,78,3000
2024-11-18,78,0
2024-11-19,78,3000
2024-12-10,78,0
2024-11-12,83,2000
2024-11-13,83,27000
2024-11-14,83,35000
2024-11-15,83,39000
2024-11-20,83,34000
2024-11-21,83,30000
2024-12-05,83,20000
2024-12-16,83,40000
2024-12-17,83,20000
2024-12-30,83,16000
2025-01-03,83,14000
2025-02-07,83,11000
2025-02-10,83,5000
2025-02-24,83,0
2024-11-12,88,2000
2024-11-13,90,10000
2025-02-10,90,5000
2025-03-07,90,2000
2024-11-08,91,1000
2024-11-12,91,4000
2024-11-13,91,7000
2024-11-14,91,9000
2024-11-15,91,7000
2024-11-18,91,9000
2024-11-21,91,14000
2024-11-22,91,8000
2024-11-26,91,7000
2024-12-19,91,8000
2024-12-27,91,7000
2024-12-30,91,8000
2025-01-02,91,7000
2025-01-14,91,6000
2025-02-11,91,5000
2024-11-12,93,2000
2024-11-13,93,0
2024-11-14,93,2000
2024-11-15,93,0
2024-11-20,93,2000
2024-11-27,93,4000
2024-12-12,93,2000
2025-02-14,93,10000
2025-03-07,93,8000
2024-11-12,95,1000
2024-11-14,95,4000
2024-11-15,95,3000
2024-11-19,95,18000
2024-11-21,95,3000
2024-11-22,95,6000
2024-12-20,95,9000
2025-02-03,95,6000
2025-02-07,95,26000
2025-02-10,95,6000
2024-11-12,98,1000
2024-11-13,98,11000
2024-11-14,98,15000
2024-11-15,98,10000
2024-11-19,98,0
2025-02-10,98,10000
2025-02-11,98,5000
2025-02-14,98,4000
2025-02-18,98,0
2025-02-26,98,20000
2025-03-07,98,0
2025-03-11,98,14000
2025-03-25,98,0
2025-04-16,98,50000
2025-04-28,98,60000
2025-02-07,99,5000
2025-02-11,99,0
2025-02-12,99,4000
2025-02-14,99,0
2024-11-08,103,8677000
2024-11-12,103,710000
2024-11-13,103,641000
2024-11-14,103,568000
2024-11-15,103,536000
2024-11-18,103,527000
2024-11-19,103,477000
2024-11-20,103,452000
2024-11-21,103,431000
2024-11-22,103,380000
2024-11-25,103,376000
2024-11-26,103,348000
2024-11-27,103,339000
2024-11-28,103,329000
2024-11-29,103,404000
2024-12-02,103,400000
2024-12-03,103,380000
2024-12-04,103,350000
2024-12-05,103,343000
2024-12-06,103,340000
2024-12-09,103,343000
2024-12-10,103,342000
2024-12-11,103,350000
2024-12-12,103,238000
2024-12-16,103,258000
2024-12-17,103,220000
2024-12-18,103,225000
2024-12-19,103,202000
2024-12-23,103,223000
2024-12-27,103,217000
2024-12-30,103,319000
2025-01-02,103,326000
2025-01-03,103,302000
2025-01-06,103,265000
2025-01-07,103,187000
2025-01-08,103,165000
2025-01-13,103,162000
2025-01-14,103,150000
2025-01-16,103,151000
2025-01-20,103,150000
2025-01-23,103,145000
2025-02-03,103,138000
2025-02-05,103,144000
2025-02-07,103,139000
2025-02-10,103,122000
2025-02-11,103,148000
2025-02-12,103,110000
2025-02-13,103,119000
2025-02-14,103,117000
2025-02-17,103,119000
2025-02-18,103,118000
2025-02-20,103,121000
2025-02-21,103,123000
2025-02-24,103,122000
2025-02-25,103,126000
2025-02-26,103,116000
2025-02-27,103,120000
2025-02-28,103,119000
2025-03-03,103,115000
2025-03-05,103,145000
2025-03-06,103,154000
2025-03-07,103,239000
2025-03-10,103,228000
2025-03-11,103,226000
2025-03-12,103,204000
2025-03-13,103,199000
2025-03-14,103,200000
2025-03-18,103,167000
2025-03-20,103,165000
2025-03-21,103,168000
2025-03-24,103,171000
2025-03-25,103,174000
2025-03-26,103,182000
2025-03-27,103,122000
2025-03-28,103,124000
2025-03-31,103,121000
2025-04-01,103,102000
2025-04-03,103,103000
2025-04-07,103,108000
2025-04-09,103,136000
2025-04-10,103,156000
2025-04-11,103,155000
2025-04-17,103,154000
2025-04-29,103,141000
2025-05-02,103,139000
2025-03-10,105,1000
2025-03-11,105,0
2024-11-12,107,5000
2024-11-08,108,5000
2024-11-12,108,61000
2024-11-13,108,113000
2024-11-14,108,157000
2024-11-15,108,70000
2024-11-19,108,74000
2024-11-20,108,84000
2024-11-21,108,86000
2024-11-26,108,136000
2024-11-28,108,145000
2024-11-29,108,142000
2024-12-02,108,140000
2024-12-03,108,130000
2024-12-04,108,127000
2024-12-06,108,107000
2024-12-10,108,113000
2024-12-16,108,96000
2024-12-18,108,90000
2024-12-19,108,80000
2024-12-30,108,75000
2025-02-03,108,25000
2025-02-10,108,39000
2025-02-11,108,25000
2025-02-12,108,20000
2025-03-21,108,23000
2024-11-12,110,3000
2024-11-13,110,10000
2024-11-14,110,0
2025-03-10,110,10000
2024-11-12,114,7000
2024-11-13,114,10000
2024-12-11,114,0
2024-11-12,131,10000
2024-11-13,131,1000
2024-11-20,131,990
2024-11-22,131,3990
2024-11-25,131,13990
2024-11-26,131,10990
2025-02-11,131,990
2025-02-13,131,2990
2025-02-26,131,12990
2025-03-07,131,2990
2025-04-29,131,990
2024-11-08,133,2000
2024-11-12,133,12000
2024-11-14,133,0
2024-11-15,133,2000
2024-11-19,133,0
2024-12-10,133,2000
2025-02-12,133,10000
2025-02-27,133,0
2025-03-10,133,21000
2025-03-11,133,3000
2024-11-08,140,834000
2024-11-12,140,95000
2024-11-13,140,79000
2024-11-14,140,77000
2024-11-15,140,69000
2024-11-20,140,64000
2024-11-21,140,48000
2024-11-22,140,50000
2024-11-26,140,47000
2024-12-03,140,101000
2024-12-05,140,98000
2024-12-10,140,44000
2024-12-19,140,74000
2024-12-30,140,114000
2025-01-02,140,72000
2025-01-07,140,75000
2025-02-06,140,115000
2025-02-10,140,372000
2025-02-11,140,181000
2025-02-12,140,226000
2025-02-14,140,224000
2025-02-17,140,221000
2025-02-26,140,206000
2025-02-27,140,209000
2025-03-06,140,154000
2025-03-20,140,124000
2025-03-21,140,129000
2025-04-01,140,59000
2025-04-10,140,58000
2024-11-12,142,2000
2024-11-13,142,0
2024-11-15,142,7000
2024-11-18,142,2000
2024-11-19,142,0
2024-12-06,142,5000
2025-02-11,142,0
2024-11-15,144,1000
2024-11-18,144,0
2024-11-12,147,15000
2025-03-20,147,27000
2024-11-12,150,50000
2024-11-13,150,10000
2024-11-12,151,4000
2024-11-13,151,3000
2024-11-14,151,1000
2024-11-19,151,5000
2024-11-21,151,15000
2024-11-26,151,14000
2024-11-28,151,4000
2024-12-11,151,14000
2024-12-12,151,4000
2024-12-13,151,14000
2024-12-30,151,4000
2024-11-08,156,49000
2024-11-12,156,1000
2024-11-13,156,0
2024-11-26,156,2000
2024-12-18,156,3000
2025-02-07,156,0
2025-02-12,157,5000
2024-11-08,158,35000
2024-11-11,158,17000
2024-11-12,158,0
2024-12-05,158,2000
2024-12-09,158,0
2024-12-11,158,1000
2024-12-12,158,0
2024-12-13,158,1000
2024-12-17,158,0
2024-12-18,158,2000
2024-12-19,158,0
2024-12-20,158,2000
2024-12-30,158,0
2025-03-05,158,1000
2025-03-07,158,0
2025-03-12,158,1000
2025-03-21,158,0
2025-03-25,158,1000
2025-03-26,158,0
2025-03-27,158,1000
2025-03-31,158,0
2025-04-10,158,3000
2025-04-11,158,0
2024-11-12,160,2000
2024-11-14,160,1000
2024-11-27,171,2000
2024-11-28,171,1000
2025-02-10,171,0
2024-11-08,185,40000
2024-11-12,185,4000
2024-11-13,185,5000
2024-11-14,185,4000
2024-11-20,185,0
2024-11-28,185,10000
2024-11-29,185,0
2025-02-18,185,10000
2025-04-10,185,0
2024-11-12,191,3000
2024-11-13,191,0
2024-11-20,191,9000
2024-11-22,191,4000
2025-01-23,191,14000
2025-01-24,191,20000
2025-01-27,191,14000
2025-02-04,191,15000
2025-02-05,191,14000
2025-02-06,191,4000
2025-02-07,191,14000
2025-02-10,191,4000
2025-03-21,192,14000
2024-11-14,193,5000
2024-11-15,193,0
2024-11-21,193,11000
2024-12-10,193,16000
2024-12-12,193,11000
2024-12-20,193,16000
2024-12-30,193,32000
2025-01-15,193,16000
2025-02-07,193,6000
2025-02-10,193,20000
2025-02-11,193,10000
2025-02-13,193,0
2025-03-14,193,4000
2024-11-12,194,5000
2024-11-13,194,0
2024-11-21,194,10000
2024-11-22,194,5000
2025-02-10,194,2000
2025-02-11,194,10000
2025-02-14,194,0
2025-03-07,194,5000
2025-03-10,194,0
2024-11-08,199,11000
2024-11-12,199,1000
2024-12-05,199,0
2024-11-15,201,2000
2024-11-18,201,13000
2024-11-19,201,11000
2024-11-26,201,15000
2024-12-13,201,0
2024-11-14,202,220000
2024-11-19,202,225000
2024-11-21,202,230000
2024-11-28,202,225000
2024-12-11,202,235000
2024-12-12,202,225000
2024-12-17,202,230000
2024-12-30,202,220000
2024-11-08,207,1000
2024-11-19,207,41000
2025-01-20,207,20000
2025-01-21,207,0
2025-03-25,207,70000
2025-03-31,207,100000
2024-11-08,208,1000
2024-11-12,208,0
2024-11-22,211,200000
2024-11-27,211,0
2024-11-12,214,15000
2024-11-13,214,5000
2024-11-14,214,6000
2024-11-15,214,5000
2024-12-18,214,0
2025-04-09,214,50000
2025-04-10,214,40000
2025-04-14,214,0
2024-11-18,217,4000
2024-11-19,217,1000
2024-11-22,217,3000
2024-11-26,217,4000
2024-11-27,217,2000
2024-12-04,217,3000
2024-12-05,217,2000
2024-12-06,217,7000
2024-12-09,217,2000
2024-12-10,217,5000
2024-12-11,217,2000
2024-12-12,217,5000
2024-12-16,217,2000
2024-12-18,217,5000
2024-12-19,217,2000
2024-12-27,217,1000
2024-12-30,217,7000
2025-01-02,217,1000
2025-01-03,217,2000
2025-01-06,217,1000
2025-01-27,217,3000
2025-02-03,217,2000
2025-02-05,217,3000
2025-02-07,217,1000
2025-02-11,217,2000
2025-02-12,217,1000
2025-02-14,217,16000
2025-02-17,217,10000
2025-02-18,217,1000
2025-02-26,217,15000
2025-02-27,217,16000
2025-02-28,217,15000
2025-03-03,217,42000
2025-03-04,217,24000
2025-03-05,217,15000
2025-03-06,217,3000
2025-03-07,217,1000
2025-03-10,217,21000
2025-03-11,217,3000
2025-03-12,217,12000
2025-03-13,217,13000
2025-03-14,217,1000
2025-03-17,217,2000
2025-03-19,217,1000
2025-03-20,217,8000
2025-03-21,217,9000
2025-03-25,217,15000
2025-03-26,217,7000
2025-03-27,217,5000
2025-03-28,217,4000
2025-03-31,217,6000
2025-04-01,217,5000
2025-04-02,217,4000
2025-04-09,217,1000
2025-04-10,217,2000
2025-04-11,217,1000
2024-11-08,218,1000
2024-11-12,218,0
2024-11-15,218,5000
2025-02-13,218,15000
2025-02-14,218,25000
2025-03-07,218,5000
2024-11-13,221,4000
2025-02-07,221,14000
2024-11-12,222,50000
2024-11-13,222,68000
2024-11-14,222,60000
2024-11-15,222,50000
2024-11-20,222,60000
2024-11-21,222,70000
2024-11-27,222,80000
2024-11-28,222,70000
2025-01-02,222,80000
2025-01-08,222,69000
2025-01-27,222,60000
2025-02-10,222,70000
2025-02-12,222,60000
2025-02-13,222,70000
2025-02-18,222,60000
2024-11-08,223,4000
2024-11-12,223,235000
2024-11-13,223,75000
2024-11-14,223,72000
2024-11-15,223,44000
2024-11-18,223,36000
2024-11-19,223,34000
2024-11-20,223,35000
2024-11-21,223,44000
2024-11-26,223,12000
2024-11-27,223,16000
2024-11-28,223,7000
2024-12-10,223,8000
2025-01-14,223,14000
2025-01-21,223,8000
2025-02-10,223,7000
2025-03-05,223,6000
2025-03-10,223,4000
2025-04-07,223,12000
2025-04-09,223,4000
2024-11-12,231,2000
2024-11-19,231,32000
2025-03-04,231,30000
2025-03-14,231,0
2024-11-08,239,79000
2024-11-12,239,317000
2024-11-13,239,299000
2024-11-14,239,234000
2024-11-15,239,229000
2024-11-18,239,245000
2024-11-19,239,226000
2024-11-20,239,253000
2024-11-21,239,266000
2024-11-22,239,295000
2024-11-25,239,296000
2024-11-27,239,194000
2024-11-29,239,184000
2024-12-02,239,180000
2024-12-03,239,179000
2024-12-04,239,194000
2024-12-06,239,216000
2024-12-09,239,177000
2024-12-12,239,172000
2024-12-13,239,173000
2024-12-16,239,170000
2024-12-18,239,194000
2024-12-19,239,192000
2024-12-20,239,212000
2024-12-30,239,200000
2025-01-03,239,203000
2025-01-13,239,206000
2025-01-16,239,205000
2025-01-17,239,208000
2025-01-22,239,212000
2025-01-23,239,205000
2025-01-24,239,202000
2025-02-04,239,213000
2025-02-05,239,207000
2025-02-06,239,216000
2025-02-07,239,204000
2025-02-10,239,222000
2025-02-11,239,205000
2025-02-12,239,195000
2025-02-13,239,204000
2025-02-14,239,190000
2025-02-17,239,175000
2025-02-18,239,171000
2025-02-19,239,176000
2025-02-20,239,179000
2025-02-24,239,167000
2025-02-25,239,170000
2025-02-26,239,180000
2025-02-28,239,183000
2025-03-03,239,191000
2025-03-04,239,154000
2025-03-05,239,150000
2025-03-06,239,144000
2025-03-07,239,130000
2025-03-10,239,145000
2025-03-11,239,153000
2025-03-13,239,148000
2025-03-19,239,159000
2025-03-21,239,165000
2025-03-26,239,150000
2025-03-27,239,149000
2025-04-01,239,163000
2025-04-09,239,162000
2025-04-14,239,157000
2025-04-16,239,163000
2025-04-22,239,164000
2025-04-28,239,158000
2024-11-12,240,5000
2024-11-15,240,0
2024-11-19,240,10000
2024-11-20,240,15000
2024-11-21,240,10000
2024-12-19,240,20000
2024-12-27,240,10000
2025-02-12,240,0
2024-11-08,243,47000
2024-11-12,243,400000
2024-11-13,243,182000
2024-11-14,243,80000
2024-11-15,243,209000
2024-11-18,243,121000
2024-11-19,243,219000
2024-11-20,243,121000
2024-11-21,243,126000
2024-11-22,243,176000
2024-11-26,243,167000
2024-11-27,243,170000
2024-11-28,243,185000
2024-11-29,243,184000
2024-12-02,243,185000
2024-12-03,243,172000
2024-12-04,243,169000
2024-12-05,243,194000
2024-12-06,243,199000
2024-12-09,243,183000
2024-12-10,243,182000
2024-12-12,243,132000
2024-12-13,243,131000
2024-12-17,243,134000
2024-12-19,243,175000
2024-12-20,243,133000
2024-12-23,243,134000
2024-12-27,243,231000
2024-12-30,243,360000
2025-01-02,243,257000
2025-01-06,243,253000
2025-01-07,243,241000
2025-01-08,243,234000
2025-01-27,243,224000
2025-02-05,243,221000
2025-02-06,243,218000
2025-02-10,243,284000
2025-02-11,243,211000
2025-02-12,243,130000
2025-02-13,243,112000
2025-02-17,243,119000
2025-02-18,243,131000
2025-02-19,243,147000
2025-02-20,243,148000
2025-02-26,243,189000
2025-02-27,243,201000
2025-02-28,243,188000
2025-03-03,243,275000
2025-03-04,243,277000
2025-03-05,243,279000
2025-03-06,243,282000
2025-03-07,243,296000
2025-03-10,243,271000
2025-03-11,243,273000
2025-03-12,243,274000
2025-03-13,243,130000
2025-03-18,243,131000
2025-03-20,243,132000
2025-03-26,243,135000
2025-03-27,243,117000
2025-03-28,243,119000
2025-04-01,243,120000
2025-04-07,243,135000
2025-04-09,243,148000
2025-04-14,243,177000
2025-04-17,243,175000
2025-04-25,243,181000
2024-11-08,248,1000
2024-11-12,248,0
2025-04-11,253,20000
2024-11-08,255,389000
2024-11-12,255,143000
2024-11-13,255,169000
2024-11-14,255,147000
2024-11-15,255,161000
2024-11-18,255,149000
2024-11-19,255,127000
2024-11-20,255,132000
2024-11-21,255,156000
2024-11-22,255,130000
2024-11-25,255,140000
2024-11-26,255,143000
2024-11-27,255,155000
2024-11-28,255,138000
2024-11-29,255,130000
2024-12-03,255,129000
2024-12-05,255,143000
2024-12-06,255,145000
2024-12-09,255,139000
2024-12-11,255,140000
2024-12-12,255,147000
2024-12-16,255,187000
2024-12-17,255,167000
2024-12-20,255,186000
2024-12-23,255,191000
2024-12-27,255,167000
2024-12-30,255,117000
2025-01-10,255,111000
2025-02-10,255,118000
2025-02-11,255,110000
2025-02-12,255,108000
2025-02-13,255,131000
2025-02-14,255,61000
2025-02-17,255,26000
2025-02-18,255,32000
2025-02-19,255,40000
2025-02-24,255,45000
2025-02-25,255,42000
2025-02-26,255,45000
2025-02-27,255,47000
2025-03-04,255,27000
2025-03-07,255,23000
2025-03-10,255,58000
2025-03-18,255,65000
2025-03-19,255,59000
2025-03-20,255,74000
2025-03-21,255,59000
2025-03-24,255,64000
2025-03-25,255,71000
2025-03-26,255,62000
2025-03-27,255,63000
2025-03-28,255,67000
2025-03-31,255,80000
2025-04-01,255,78000
2025-04-02,255,71000
2025-04-09,255,76000
2024-11-12,260,38000
2024-11-13,260,73000
2024-11-14,260,78000
2024-11-15,260,87000
2024-11-18,260,75000
2024-11-19,260,70000
2024-11-20,260,80000
2024-11-21,260,70000
2024-11-29,260,80000
2024-12-05,260,90000
2024-12-06,260,80000
2024-12-10,260,130000
2024-12-17,260,128000
2024-12-18,260,115000
2024-12-30,260,65000
2025-02-10,260,63000
2025-02-11,260,65000
2025-02-13,260,76000
2025-02-19,260,82000
2025-02-26,260,92000
2025-02-28,260,88000
2025-03-05,260,80000
2025-03-10,260,74000
2025-03-13,260,85000
2025-03-20,260,95000
2025-03-21,260,87000
2025-03-26,260,85000
2025-03-27,260,88000
2025-04-09,260,82000
2025-04-14,260,87000
2024-11-12,278,10000
2024-11-13,278,15000
2024-11-14,278,20000
2024-11-15,278,15000
2024-11-21,278,25000
2024-11-22,278,75000
2024-11-26,278,65000
2024-11-28,278,85000
2024-12-03,278,75000
2024-12-13,278,55000
2024-12-17,278,50000
2024-12-30,278,64000
2025-01-03,278,69000
2025-01-06,278,64000
2025-01-24,278,70000
2025-02-03,278,64000
2025-02-07,278,73000
2025-02-10,278,95000
2025-02-11,278,56000
2025-02-12,278,96000
2025-02-13,278,92000
2025-02-14,278,97000
2025-02-17,278,92000
2025-02-25,278,2000
2025-02-26,278,9000
2025-02-27,278,2000
2025-03-04,278,0
2025-03-07,278,15000
2025-03-10,278,30000
2025-03-11,278,89000
2025-03-13,278,80000
2025-03-19,278,85000
2025-03-20,278,92000
2025-03-21,278,80000
2025-03-25,278,20000
2024-11-08,283,140000
2024-11-12,283,0
2024-11-08,292,31000
2024-11-12,292,7000
2024-11-13,292,4000
2024-11-14,292,7000
2024-11-19,292,8000
2024-11-21,292,7000
2024-12-19,292,17000
2024-12-20,292,7000
2025-01-14,292,0
2024-11-08,293,496000
2024-11-12,293,871000
2024-11-13,293,2163000
2024-11-14,293,1008000
2024-11-15,293,871000
2024-11-18,293,787000
2024-11-19,293,836000
2024-11-20,293,859000
2024-11-21,293,928000
2024-11-22,293,938000
2024-11-25,293,936000
2024-11-26,293,943000
2024-11-27,293,939000
2024-11-28,293,942000
2024-11-29,293,908000
2024-12-02,293,963000
2024-12-03,293,974000
2024-12-04,293,943000
2024-12-05,293,957000
2024-12-06,293,950000
2024-12-09,293,936000
2024-12-10,293,884000
2024-12-11,293,902000
2024-12-12,293,874000
2024-12-13,293,827000
2024-12-16,293,856000
2024-12-17,293,872000
2024-12-18,293,792000
2024-12-19,293,752000
2024-12-20,293,793000
2024-12-23,293,814000
2024-12-27,293,751000
2024-12-30,293,673000
2025-01-02,293,697000
2025-01-03,293,703000
2025-01-06,293,705000
2025-01-07,293,707000
2025-01-08,293,675000
2025-01-09,293,665000
2025-01-13,293,661000
2025-01-20,293,648000
2025-01-22,293,652000
2025-01-23,293,640000
2025-01-27,293,660000
2025-02-03,293,624000
2025-02-04,293,634000
2025-02-05,293,627000
2025-02-06,293,602000
2025-02-07,293,539000
2025-02-10,293,641000
2025-02-11,293,632000
2025-02-12,293,516000
2025-02-13,293,521000
2025-02-14,293,540000
2025-02-17,293,550000
2025-02-18,293,607000
2025-02-19,293,628000
2025-02-20,293,586000
2025-02-21,293,598000
2025-02-24,293,604000
2025-02-25,293,628000
2025-02-26,293,616000
2025-02-27,293,593000
2025-02-28,293,601000
2025-03-03,293,605000
2025-03-04,293,624000
2025-03-06,293,627000
2025-03-07,293,1314000
2025-03-10,293,752000
2025-03-11,293,548000
2025-03-12,293,570000
2025-03-13,293,559000
2025-03-14,293,655000
2025-03-17,293,677000
2025-03-18,293,683000
2025-03-19,293,628000
2025-03-20,293,640000
2025-03-21,293,646000
2025-03-24,293,638000
2025-03-25,293,647000
2025-03-26,293,659000
2025-03-27,293,663000
2025-03-28,293,661000
2025-03-31,293,645000
2025-04-01,293,622000
2025-04-02,293,585000
2025-04-03,293,584000
2025-04-07,293,593000
2025-04-09,293,527000
2025-04-11,293,531000
2025-04-14,293,543000
2025-04-15,293,546000
2025-04-16,293,548000
2025-04-25,293,568000
2025-04-28,293,581000
2025-04-29,293,579000
2024-11-08,298,6000
2024-11-12,298,1542000
2024-11-13,298,53000
2024-11-14,298,127000
2024-11-15,298,86000
2024-11-18,298,80000
2024-11-19,298,97000
2024-11-20,298,105000
2024-11-22,298,119000
2024-11-26,298,110000
2024-11-28,298,107000
2024-11-29,298,114000
2024-12-02,298,116000
2024-12-03,298,114000
2024-12-19,298,116000
2024-12-20,298,149000
2024-12-27,298,160000
2024-12-30,298,142000
2025-01-23,298,135000
2025-02-03,298,141000
2025-02-06,298,139000
2025-02-07,298,137000
2025-02-10,298,147000
2025-02-11,298,153000
2025-02-12,298,147000
2025-02-13,298,170000
2025-02-14,298,206000
2025-02-17,298,228000
2025-02-18,298,232000
2025-02-19,298,230000
2025-02-20,298,239000
2025-02-24,298,244000
2025-02-25,298,249000
2025-02-26,298,159000
2025-02-27,298,188000
2025-02-28,298,186000
2025-03-03,298,204000
2025-03-05,298,206000
2025-03-06,298,212000
2025-03-07,298,184000
2025-03-10,298,169000
2025-03-11,298,153000
2025-03-12,298,154000
2025-03-13,298,157000
2025-03-14,298,160000
2025-03-19,298,161000
2025-03-20,298,160000
2025-03-21,298,193000
2025-03-25,298,196000
2025-03-26,298,191000
2025-03-27,298,180000
2025-03-31,298,159000
2025-04-02,298,162000
2025-04-07,298,161000
2025-04-10,298,165000
2025-04-30,298,166000
2024-11-08,304,1000
2024-11-12,304,0
2025-02-05,304,7000
2025-02-07,304,0
2024-11-08,307,85000
2024-11-12,307,84000
2024-11-28,307,104000
2024-11-29,307,144000
2024-12-30,307,305000
2025-01-02,307,365000
2025-01-06,307,425000
2025-01-07,307,504000
2025-01-08,307,532000
2025-01-10,307,544000
2025-01-13,307,572000
2025-01-14,307,591000
2025-01-16,307,615000
2025-01-23,307,524000
2025-01-24,307,505000
2025-02-03,307,446000
2025-02-06,307,436000
2025-02-10,307,349000
2025-02-11,307,265000
2025-02-13,307,184000
2025-02-14,307,152000
2025-02-18,307,161000
2025-02-26,307,156000
2025-02-27,307,140000
2025-03-21,307,211000
2025-03-25,307,219000
2025-04-02,307,124000
2024-11-08,311,1000
2024-11-12,311,120000
2024-11-13,311,85000
2024-11-14,311,163000
2024-11-18,311,143000
2024-11-19,311,153000
2024-11-20,311,167000
2024-11-21,311,177000
2024-11-22,311,182000
2024-11-25,311,189000
2024-11-26,311,203000
2024-11-27,311,185000
2024-11-28,311,166000
2024-11-29,311,164000
2024-12-03,311,191000
2024-12-04,311,196000
2024-12-05,311,216000
2024-12-06,311,226000
2024-12-09,311,216000
2024-12-11,311,219000
2024-12-12,311,204000
2024-12-13,311,194000
2024-12-16,311,199000
2024-12-17,311,191000
2024-12-18,311,183000
2024-12-19,311,218000
2024-12-23,311,212000
2024-12-30,311,183000
2025-01-03,311,173000
2025-01-07,311,218000
2025-01-16,311,213000
2025-02-07,311,181000
2025-02-10,311,191000
2025-02-11,311,186000
2025-02-12,311,171000
2025-02-13,311,182000
2025-02-14,311,196000
2025-02-17,311,182000
2025-02-18,311,186000
2025-02-19,311,163000
2025-02-21,311,142000
2025-02-25,311,160000
2025-02-28,311,135000
2025-03-05,311,125000
2025-03-06,311,107000
2025-03-07,311,73000
2025-03-11,311,83000
2025-03-18,311,93000
2025-03-21,311,83000
2025-03-24,311,86000
2025-03-25,311,96000
2025-03-26,311,106000
2025-03-31,311,103000
2025-04-07,311,111000
2024-11-08,312,5000
2024-11-12,312,107000
2024-11-13,312,120000
2024-11-14,312,121000
2024-11-15,312,91000
2024-11-21,312,81000
2024-12-11,312,91000
2024-12-19,312,103000
2024-12-20,312,105000
2024-12-27,312,104000
2024-12-30,312,101000
2025-02-10,312,111000
2025-02-11,312,109000
2025-02-17,312,159000
2025-02-25,312,179000
2025-03-10,312,189000
2025-03-24,312,219000
2025-03-31,312,240000
2025-04-01,312,219000
2024-11-12,315,16000
2024-11-13,315,38000
2024-11-14,315,32000
2024-11-18,315,37000
2024-11-19,315,29000
2024-11-20,315,24000
2024-12-20,315,26000
2024-12-27,315,24000
2024-11-12,318,6000
2024-11-14,318,0
2024-11-12,322,5000
2024-11-13,322,29000
2024-11-14,322,8000
2024-11-22,322,7000
2024-11-27,322,10000
2024-11-28,322,8000
2024-12-02,322,7000
2024-12-16,322,4000
2024-12-20,322,8000
2024-12-23,322,11000
2024-12-30,322,29000
2025-01-08,322,36000
2025-01-20,322,29000
2025-02-10,322,32000
2025-02-11,322,21000
2025-02-13,322,13000
2025-02-17,322,5000
2025-02-24,322,6000
2025-02-26,322,4000
2025-04-08,322,0
2024-11-12,325,1000
2024-11-13,325,2000
2024-11-14,325,1000
2024-11-20,325,0
2024-11-21,325,2000
2024-11-25,325,4000
2024-11-26,325,0
2024-11-08,335,2000
2024-11-12,335,214000
2024-11-13,335,268000
2024-11-14,335,399000
2024-11-15,335,356000
2024-11-18,335,359000
2024-11-19,335,387000
2024-11-20,335,451000
2024-11-21,335,604000
2024-11-22,335,506000
2024-11-25,335,541000
2024-11-26,335,560000
2024-11-27,335,541000
2024-11-28,335,426000
2024-11-29,335,441000
2024-12-02,335,389000
2024-12-03,335,439000
2024-12-05,335,437000
2024-12-09,335,479000
2024-12-10,335,512000
2024-12-11,335,550000
2024-12-12,335,559000
2024-12-13,335,554000
2024-12-16,335,552000
2024-12-17,335,577000
2024-12-18,335,618000
2024-12-19,335,606000
2024-12-23,335,538000
2024-12-27,335,347000
2024-12-30,335,335000
2025-01-08,335,285000
2025-01-14,335,287000
2025-01-16,335,262000
2025-02-03,335,292000
2025-02-05,335,282000
2025-02-10,335,301000
2025-02-11,335,288000
2025-02-12,335,262000
2025-02-13,335,143000
2025-02-14,335,149000
2025-02-17,335,199000
2025-02-18,335,225000
2025-02-19,335,224000
2025-02-20,335,230000
2025-02-21,335,261000
2025-02-24,335,266000
2025-02-25,335,281000
2025-02-26,335,347000
2025-03-03,335,361000
2025-03-07,335,343000
2025-03-10,335,340000
2025-03-11,335,344000
2025-03-14,335,335000
2025-03-19,335,290000
2025-03-21,335,355000
2025-03-24,335,382000
2025-03-25,335,362000
2025-03-26,335,382000
2025-03-27,335,405000
2025-04-09,335,406000
2025-04-11,335,403000
2025-04-17,335,396000
2025-04-25,335,386000
2025-04-30,335,385000
2025-03-20,360,4000
2025-03-21,360,10000
2025-03-25,360,13000
2025-03-26,360,14000
2025-03-27,360,15000
2025-03-28,360,17000
2025-03-31,360,20000
2025-04-02,360,21000
2025-04-09,360,24000
2024-11-12,365,1000
2024-11-18,365,0
2024-11-12,370,412
2024-11-13,370,142
2024-11-14,370,80
2024-11-22,370,180
2024-12-16,370,580
2025-02-12,370,10580
2025-02-18,370,20580
2025-03-03,370,10580
2025-03-07,370,580
2025-03-10,370,10580
2024-11-21,389,4000
2024-11-22,389,0
2025-02-10,389,5000
2025-02-11,389,10000
2025-02-12,389,0
2025-02-13,389,5000
2025-02-14,389,10000
2025-03-05,389,5000
2025-03-07,389,0
2024-11-14,390,5000
2024-11-15,390,0
2024-11-21,390,70000
2024-11-27,390,90000
2024-11-12,411,6000
2024-11-13,411,22000
2024-11-14,411,27000
2024-11-15,411,15000
2024-11-21,411,20000
2024-11-22,411,32000
2024-11-26,411,33000
2024-11-28,411,63000
2024-11-29,411,53000
2024-12-16,411,43000
2024-12-23,411,22000
2024-12-30,411,23000
2025-01-02,411,22000
2025-02-11,411,11000
2025-03-10,411,16000
2025-03-11,411,18000
2024-11-12,412,10000
2024-11-13,412,15000
2024-11-14,412,22000
2024-11-18,412,25000
2024-11-20,412,23000
2024-11-21,412,33000
2024-11-22,412,37000
2024-12-03,412,33000
2024-12-12,412,37000
2024-12-16,412,42000
2024-12-18,412,40000
2024-12-30,412,35000
2025-02-06,412,33000
2025-02-10,412,23000
2025-02-11,412,27000
2025-02-12,412,17000
2025-02-20,412,3000
2025-02-25,412,0
2025-04-09,412,4000
2025-05-02,412,15000
2024-11-08,422,1000
2024-11-12,422,0
2024-11-08,423,308000
2024-11-12,423,167000
2024-11-13,423,181000
2024-11-14,423,190000
2024-11-15,423,102000
2024-11-18,423,228000
2024-11-19,423,225000
2024-11-20,423,127000
2024-11-21,423,132000
2024-11-22,423,129000
2024-11-28,423,247000
2024-12-03,423,246000
2024-12-13,423,256000
2025-01-08,423,257000
2025-02-11,423,190000
2025-02-12,423,158000
2025-02-14,423,157000
2025-02-20,423,139000
2025-02-28,423,20000
2025-03-04,423,60000
2025-03-05,423,68000
2025-03-10,423,73000
2025-03-11,423,93000
2025-03-12,423,95000
2025-03-14,423,83000
2025-03-20,423,93000
2025-03-21,423,92000
2025-03-27,423,112000
2025-03-28,423,116000
2025-04-02,423,112000
2025-04-16,423,121000
2025-04-22,423,111000
2024-11-08,426,354000
2024-11-12,426,331000
2024-11-13,426,268000
2024-11-14,426,217000
2024-11-15,426,190000
2024-11-18,426,203000
2024-11-19,426,196000
2024-11-20,426,144000
2024-11-21,426,169000
2024-11-22,426,165000
2024-11-25,426,156000
2024-11-26,426,158000
2024-11-27,426,155000
2024-11-28,426,135000
2024-12-02,426,136000
2024-12-03,426,129000
2024-12-04,426,134000
2024-12-05,426,133000
2024-12-06,426,124000
2024-12-09,426,106000
2024-12-12,426,104000
2024-12-13,426,102000
2024-12-16,426,120000
2024-12-18,426,128000
2024-12-19,426,124000
2024-12-23,426,127000
2024-12-27,426,110000
2024-12-30,426,126000
2025-01-02,426,124000
2025-01-03,426,109000
2025-01-07,426,106000
2025-01-08,426,105000
2025-01-09,426,104000
2025-01-10,426,103000
2025-01-23,426,101000
2025-02-03,426,100000
2025-02-06,426,96000
2025-02-07,426,95000
2025-02-10,426,98000
2025-02-11,426,93000
2025-02-12,426,90000
2025-02-14,426,86000
2025-02-18,426,80000
2025-02-19,426,86000
2025-02-21,426,91000
2025-02-24,426,90000
2025-03-03,426,91000
2025-03-04,426,85000
2025-03-05,426,77000
2025-03-07,426,85000
2025-03-10,426,74000
2025-03-11,426,71000
2025-03-12,426,70000
2025-03-13,426,81000
2025-03-14,426,83000
2025-03-31,426,84000
2025-04-08,426,85000
2025-04-09,426,82000
2025-04-10,426,79000
2025-04-25,426,68000
2024-11-08,437,1000
2024-11-12,437,150000
2024-11-13,437,160000
2024-11-14,437,198000
2024-11-15,437,108000
2024-11-20,437,58000
2024-11-21,437,44000
2024-11-22,437,94000
2024-11-26,437,16000
2025-01-02,437,13000
2025-02-10,437,10000
2025-02-12,437,0
2024-11-12,438,8000
2024-11-13,438,5000
2024-11-14,438,12000
2024-11-15,438,7000
2024-11-21,438,9000
2024-11-27,438,4000
2024-12-19,438,5000
2024-12-20,438,4000
2025-02-10,438,2000
2025-02-24,438,1000
2025-03-10,438,6000
2025-03-25,438,7000
2025-04-15,438,8000
2025-02-12,442,5000
2025-02-25,442,10000
2025-02-26,442,13000
2025-02-28,442,14000
2025-03-04,442,21000
2025-03-05,442,26000
2025-03-06,442,28000
2025-03-07,442,30000
2025-03-10,442,50000
2025-03-12,442,17000
2025-03-20,442,35000
2025-03-27,442,10000
2025-04-02,442,11000
2025-04-03,442,2000
2025-04-07,442,0
2025-04-28,442,4000
2024-11-08,451,4000
2024-11-12,451,113000
2024-11-13,451,177000
2024-11-14,451,498000
2024-11-15,451,507000
2024-11-18,451,500000
2024-11-19,451,491000
2024-11-20,451,221000
2024-11-21,451,220000
2024-11-22,451,202000
2024-11-27,451,185000
2024-11-28,451,196000
2024-11-29,451,186000
2024-12-02,451,204000
2024-12-03,451,195000
2024-12-04,451,192000
2024-12-05,451,202000
2024-12-06,451,206000
2024-12-11,451,236000
2024-12-12,451,246000
2024-12-16,451,323000
2024-12-17,451,324000
2024-12-18,451,352000
2024-12-19,451,317000
2024-12-20,451,313000
2024-12-27,451,224000
2024-12-30,451,102000
2025-01-03,451,104000
2025-01-14,451,109000
2025-01-15,451,117000
2025-01-16,451,110000
2025-01-17,451,105000
2025-01-21,451,102000
2025-01-24,451,107000
2025-01-27,451,115000
2025-02-03,451,109000
2025-02-05,451,104000
2025-02-06,451,108000
2025-02-10,451,123000
2025-02-11,451,107000
2025-02-12,451,88000
2025-02-13,451,142000
2025-02-14,451,403000
2025-02-17,451,532000
2025-02-18,451,529000
2025-02-19,451,559000
2025-02-24,451,550000
2025-02-26,451,586000
2025-02-28,451,566000
2025-03-03,451,601000
2025-03-04,451,577000
2025-03-05,451,567000
2025-03-07,451,542000
2025-03-11,451,553000
2025-03-12,451,545000
2025-03-17,451,535000
2025-03-19,451,533000
2025-03-20,451,543000
2025-03-26,451,533000
2025-03-27,451,528000
2025-04-03,451,529000
2025-04-11,451,552000
2025-04-25,451,542000
2025-04-28,451,519000
2024-11-08,452,1000
2024-11-12,452,56000
2024-11-13,452,86000
2024-11-14,452,87000
2024-11-18,452,90000
2024-11-19,452,84000
2024-11-20,452,94000
2024-11-21,452,128000
2024-11-22,452,135000
2024-11-26,452,155000
2024-11-27,452,145000
2024-11-28,452,146000
2024-11-29,452,142000
2024-12-10,452,152000
2024-12-16,452,162000
2024-12-17,452,174000
2024-12-19,452,184000
2024-12-30,452,134000
2025-01-08,452,94000
2025-02-12,452,84000
2025-02-17,452,82000
2025-02-18,452,140000
2025-02-20,452,102000
2025-02-25,452,92000
2025-03-07,452,94000
2025-03-25,452,93000
2025-03-31,452,92000
2025-04-09,452,95000
2025-04-10,452,115000
2025-04-28,452,118000
2024-11-08,454,19000
2024-11-11,454,38000
2024-11-12,454,323000
2024-11-13,454,300000
2024-11-14,454,331000
2024-11-15,454,311000
2024-11-18,454,315000
2024-11-19,454,316000
2024-11-20,454,323000
2024-11-21,454,389000
2024-11-22,454,382000
2024-11-25,454,392000
2024-11-26,454,424000
2024-11-27,454,361000
2024-11-28,454,335000
2024-12-02,454,336000
2024-12-03,454,337000
2024-12-04,454,331000
2024-12-06,454,334000
2024-12-09,454,337000
2024-12-11,454,324000
2024-12-12,454,333000
2024-12-16,454,335000
2024-12-17,454,332000
2024-12-18,454,334000
2024-12-19,454,850276
2024-12-20,454,847276
2024-12-27,454,841276
2024-12-30,454,626076
2025-01-02,454,627076
2025-01-03,454,628076
2025-01-20,454,627076
2025-01-23,454,626076
2025-01-24,454,631076
2025-02-04,454,601076
2025-02-05,454,597076
2025-02-06,454,595076
2025-02-10,454,901674
2025-02-11,454,614598
2025-02-12,454,595598
2025-02-13,454,609598
2025-02-14,454,585598
2025-02-17,454,565598
2025-02-18,454,575598
2025-02-19,454,526598
2025-02-20,454,578598
2025-02-21,454,550598
2025-02-24,454,562598
2025-02-25,454,567598
2025-02-26,454,561598
2025-02-27,454,557598
2025-02-28,454,545598
2025-03-03,454,534598
2025-03-04,454,530598
2025-03-05,454,504598
2025-03-06,454,514598
2025-03-07,454,879205
2025-03-10,454,675105
2025-03-11,454,679105
2025-03-13,454,690105
2025-03-14,454,321105
2025-03-18,454,323105
2025-03-19,454,319105
2025-03-20,454,325105
2025-03-21,454,314105
2025-03-25,454,292105
2025-03-26,454,295105
2025-03-27,454,297105
2025-03-31,454,294105
2025-04-01,454,304105
2025-04-03,454,302105
2025-04-07,454,298105
2025-04-08,454,297105
2025-04-09,454,294105
2025-04-10,454,288105
2025-04-11,454,281105
2025-04-14,454,286105
2025-04-15,454,285105
2025-04-16,454,278105
2025-04-17,454,276105
2025-04-22,454,280105
2025-04-24,454,275105
2025-04-25,454,274105
2025-04-28,454,275105
2025-04-29,454,274105
2024-11-12,457,25000
2024-11-13,457,50000
2024-11-14,457,57000
2024-11-15,457,65000
2024-11-18,457,61000
2024-11-19,457,72000
2024-11-20,457,71000
2024-11-21,457,62000
2024-11-22,457,47000
2024-11-27,457,59000
2024-12-02,457,79000
2024-12-12,457,99000
2024-12-16,457,119000
2024-12-18,457,139000
2024-12-27,457,504000
2024-12-30,457,817000
2025-01-17,457,837000
2025-01-23,457,867000
2025-02-04,457,881000
2025-02-10,457,887000
2025-02-11,457,880000
2025-02-12,457,853000
2025-02-13,457,820000
2025-02-14,457,817000
2025-02-17,457,819000
2025-02-21,457,824000
2025-02-24,457,804000
2025-02-27,457,797000
2025-02-28,457,796000
2025-03-10,457,806000
2025-03-11,457,808000
2025-04-07,457,788000
2025-02-11,458,10000
2025-02-13,458,310000
2025-02-18,458,98000
2025-02-19,458,20000
2025-02-25,458,0
2024-11-08,460,60000
2024-11-12,460,1403000
2024-11-13,460,1922000
2024-11-14,460,2561000
2024-11-15,460,2894000
2024-11-18,460,2869000
2024-11-19,460,2707000
2024-11-20,460,2769000
2024-11-21,460,2791000
2024-11-22,460,2620000
2024-11-25,460,2654000
2024-11-26,460,2694000
2024-11-27,460,2611000
2024-11-28,460,2524000
2024-11-29,460,2549000
2024-12-02,460,2514000
2024-12-03,460,2491000
2024-12-04,460,2575000
2024-12-05,460,2462000
2024-12-06,460,2460000
2024-12-09,460,2533000
2024-12-10,460,2481000
2024-12-11,460,2256000
2024-12-12,460,2340000
2024-12-13,460,2578000
2024-12-16,460,2647000
2024-12-17,460,2694000
2024-12-18,460,2679000
2024-12-19,460,2535000
2024-12-20,460,2569000
2024-12-23,460,2490000
2024-12-27,460,2611000
2024-12-30,460,2578000
2025-01-02,460,2544000
2025-01-03,460,2546000
2025-01-06,460,2547000
2025-01-07,460,2530000
2025-01-08,460,2466000
2025-01-09,460,2471000
2025-01-10,460,2473000
2025-01-13,460,2377000
2025-01-15,460,2351000
2025-01-17,460,2349000
2025-01-20,460,2347000
2025-01-21,460,2349000
2025-01-22,460,2341000
2025-01-23,460,2354000
2025-01-24,460,2355000
2025-01-27,460,2347000
2025-02-03,460,2353000
2025-02-04,460,2358000
2025-02-05,460,2357000
2025-02-06,460,2292000
2025-02-07,460,2285000
2025-02-10,460,2320000
2025-02-11,460,2595000
2025-02-12,460,2640000
2025-02-13,460,2684000
2025-02-14,460,2273000
2025-02-17,460,2269000
2025-02-18,460,2317000
2025-02-19,460,2303000
2025-02-20,460,2291000
2025-02-21,460,2336000
2025-02-24,460,2309000
2025-02-25,460,2318000
2025-02-26,460,2201000
2025-02-27,460,1798000
2025-02-28,460,1758000
2025-03-03,460,1778000
2025-03-04,460,1760000
2025-03-05,460,1792000
2025-03-06,460,1782000
2025-03-07,460,1630000
2025-03-10,460,1733000
2025-03-11,460,1742000
2025-03-12,460,1829000
2025-03-13,460,1769000
2025-03-14,460,1767000
2025-03-17,460,1784000
2025-03-18,460,1775000
2025-03-19,460,1751000
2025-03-20,460,1670000
2025-03-21,460,1613000
2025-03-24,460,1637000
2025-03-25,460,1516000
2025-03-26,460,1513000
2025-03-27,460,1591000
2025-03-28,460,1593000
2025-03-31,460,1605000
2025-04-01,460,1583000
2025-04-02,460,1591000
2025-04-03,460,1572000
2025-04-07,460,1574000
2025-04-08,460,1565000
2025-04-09,460,1597000
2025-04-10,460,1613000
2025-04-11,460,1654000
2025-04-14,460,1650000
2025-04-15,460,1651000
2025-04-16,460,1656000
2025-04-17,460,1655000
2025-04-22,460,1638000
2025-04-23,460,1636000
2025-04-24,460,1624000
2025-04-25,460,1608000
2025-04-29,460,1613000
2025-04-30,460,1603000
2024-11-08,462,2000
2024-11-12,462,100000
2024-11-13,462,170000
2024-11-14,462,238000
2024-11-15,462,197000
2024-11-19,462,201000
2024-11-20,462,206000
2024-11-21,462,233000
2024-11-22,462,269000
2024-11-25,462,266000
2024-11-26,462,257000
2024-11-27,462,261000
2024-11-29,462,255000
2024-12-02,462,254000
2024-12-03,462,258000
2024-12-06,462,267000
2024-12-09,462,270000
2024-12-10,462,269000
2024-12-12,462,274000
2024-12-13,462,271000
2024-12-16,462,247000
2024-12-19,462,252000
2024-12-20,462,250000
2024-12-23,462,245000
2024-12-27,462,226000
2024-12-30,462,222000
2025-01-02,462,216000
2025-01-03,462,215000
2025-01-06,462,214000
2025-01-07,462,210000
2025-01-08,462,196000
2025-01-10,462,193000
2025-01-14,462,197000
2025-01-16,462,208000
2025-01-17,462,204000
2025-01-21,462,208000
2025-01-22,462,193000
2025-02-03,462,188000
2025-02-04,462,182000
2025-02-06,462,165000
2025-02-10,462,155000
2025-02-12,462,132000
2025-02-18,462,140000
2025-02-19,462,119000
2025-02-20,462,124000
2025-02-21,462,117000
2025-02-24,462,115000
2025-02-26,462,78000
2025-02-27,462,83000
2025-02-28,462,85000
2025-03-04,462,83000
2025-03-05,462,88000
2025-03-10,462,76000
2025-03-11,462,102000
2025-03-14,462,91000
2025-03-19,462,101000
2025-03-25,462,91000
2025-04-08,462,109000
2025-04-09,462,118000
2025-04-10,462,121000
2025-04-16,462,124000
2025-04-23,462,121000
2024-11-08,463,157000
2024-11-12,463,2677000
2024-11-13,463,3425000
2024-11-14,463,4024000
2024-11-15,463,3763000
2024-11-18,463,3909000
2024-11-19,463,4010000
2024-11-20,463,4233000
2024-11-21,463,4229000
2024-11-22,463,4168000
2024-11-25,463,4003000
2024-11-26,463,3824000
2024-11-27,463,4020000
2024-11-28,463,4202000
2024-11-29,463,4029000
2024-12-02,463,4004000
2024-12-03,463,3896000
2024-12-05,463,3832000
2024-12-06,463,3806000
2024-12-09,463,3785000
2024-12-10,463,3850000
2024-12-11,463,3851000
2024-12-12,463,3768000
2024-12-13,463,3709000
2024-12-16,463,3549000
2024-12-17,463,3556000
2024-12-18,463,3504000
2024-12-19,463,3553000
2024-12-20,463,3556000
2024-12-23,463,3551000
2024-12-27,463,3449000
2024-12-30,463,3356000
2025-01-02,463,3223000
2025-01-03,463,3104000
2025-01-06,463,3082000
2025-01-07,463,3089000
2025-01-08,463,3079000
2025-01-09,463,3050000
2025-01-10,463,3038000
2025-01-13,463,3048000
2025-01-14,463,3024000
2025-01-15,463,3003000
2025-01-16,463,2997000
2025-01-20,463,2986000
2025-01-22,463,2996000
2025-01-23,463,2973000
2025-01-24,463,2984000
2025-01-27,463,2977000
2025-02-03,463,2926000
2025-02-04,463,2914000
2025-02-05,463,2999000
2025-02-06,463,2984000
2025-02-07,463,2964000
2025-02-10,463,2952000
2025-02-11,463,2802000
2025-02-12,463,2597000
2025-02-13,463,2657000
2025-02-14,463,2711000
2025-02-17,463,2759000
2025-02-18,463,2775000
2025-02-19,463,2789000
2025-02-20,463,2853000
2025-02-21,463,2870000
2025-02-24,463,2898000
2025-02-25,463,2933000
2025-02-26,463,2966000
2025-02-27,463,3007000
2025-02-28,463,3143000
2025-03-03,463,3172000
2025-03-04,463,3196000
2025-03-05,463,3103000
2025-03-06,463,3126000
2025-03-07,463,2940000
2025-03-10,463,3126000
2025-03-11,463,3165000
2025-03-12,463,3173000
2025-03-13,463,3160000
2025-03-14,463,3205000
2025-03-18,463,3207000
2025-03-19,463,3171000
2025-03-20,463,3179000
2025-03-21,463,3256000
2025-03-24,463,3248000
2025-03-25,463,3278000
2025-03-26,463,3282000
2025-03-27,463,3329000
2025-03-28,463,3314000
2025-03-31,463,3340000
2025-04-01,463,3352000
2025-04-02,463,3350000
2025-04-03,463,3352000
2025-04-07,463,3383000
2025-04-08,463,3381000
2025-04-09,463,3475000
2025-04-10,463,3444000
2025-04-11,463,3443000
2025-04-14,463,3463000
2025-04-15,463,3485000
2025-04-16,463,3473000
2025-04-17,463,3484000
2025-04-22,463,3487000
2025-04-24,463,3455000
2025-04-25,463,3444000
2025-04-28,463,3451000
2025-04-29,463,3456000
2025-04-30,463,3450000
2025-05-02,463,3440000
2024-11-08,464,1000
2024-11-12,464,432000
2024-11-13,464,467000
2024-11-14,464,515000
2024-11-15,464,482000
2024-11-18,464,485000
2024-11-20,464,521000
2024-11-21,464,440000
2024-11-25,464,430000
2024-11-27,464,435000
2024-11-28,464,458000
2024-12-02,464,460000
2024-12-09,464,458000
2024-12-12,464,463000
2024-12-16,464,284000
2024-12-17,464,156000
2024-12-30,464,157000
2025-02-10,464,136000
2025-02-11,464,137000
2025-02-12,464,111000
2025-02-13,464,124000
2025-02-14,464,149000
2025-02-17,464,156000
2025-02-21,464,160000
2025-03-04,464,150000
2025-03-07,464,130000
2025-03-11,464,128000
2025-03-20,464,136000
2025-03-27,464,132000
2025-03-31,464,142000
2025-04-07,464,134000
2025-04-08,464,130000
2024-11-12,465,233000
2024-11-13,465,141000
2024-11-14,465,178000
2024-11-15,465,185000
2024-11-18,465,186000
2024-11-19,465,185000
2024-11-20,465,238000
2024-11-21,465,268000
2024-11-22,465,265000
2024-11-25,465,287000
2024-11-26,465,339000
2024-11-27,465,350000
2024-11-28,465,321000
2024-11-29,465,320000
2024-12-03,465,330000
2024-12-05,465,350000
2024-12-06,465,341000
2024-12-09,465,329000
2024-12-11,465,341000
2024-12-12,465,361000
2024-12-16,465,366000
2024-12-17,465,391000
2024-12-18,465,385000
2024-12-19,465,369000
2024-12-20,465,359000
2024-12-23,465,363000
2024-12-27,465,314000
2024-12-30,465,306000
2025-01-02,465,296000
2025-01-13,465,306000
2025-01-14,465,303000
2025-01-20,465,309000
2025-01-23,465,299000
2025-02-06,465,296000
2025-02-07,465,302000
2025-02-10,465,265000
2025-02-11,465,239000
2025-02-12,465,249000
2025-02-13,465,245000
2025-02-14,465,260000
2025-02-17,465,246000
2025-02-18,465,256000
2025-02-19,465,276000
2025-02-20,465,286000
2025-02-25,465,285000
2025-02-26,465,275000
2025-03-05,465,261000
2025-03-07,465,258000
2025-03-24,465,238000
2025-03-25,465,248000
2025-03-27,465,258000
2025-04-02,465,268000
2025-04-08,465,264000
2025-04-09,465,288000
2025-04-10,465,302000
2025-04-11,465,300000
2025-04-16,465,281000
2025-04-28,465,271000
2024-11-08,466,136000
2024-11-12,466,411000
2024-11-13,466,438000
2024-11-14,466,511000
2024-11-15,466,557000
2024-11-18,466,563000
2024-11-19,466,556000
2024-11-20,466,595000
2024-11-21,466,585000
2024-11-22,466,665000
2024-11-26,466,650000
2024-11-28,466,672000
2024-11-29,466,682000
2024-12-02,466,674000
2024-12-03,466,640000
2024-12-04,466,645000
2024-12-05,466,650000
2024-12-06,466,653000
2024-12-09,466,667000
2024-12-10,466,655000
2024-12-11,466,659000
2024-12-12,466,656000
2024-12-13,466,623000
2024-12-16,466,631000
2024-12-17,466,616000
2024-12-18,466,615000
2024-12-19,466,586000
2024-12-20,466,599000
2024-12-23,466,615000
2024-12-27,466,602000
2024-12-30,466,566000
2025-01-02,466,581000
2025-01-03,466,559000
2025-01-06,466,560000
2025-01-07,466,564000
2025-01-08,466,575000
2025-01-10,466,579000
2025-01-14,466,572000
2025-01-15,466,571000
2025-01-17,466,581000
2025-01-21,466,580000
2025-01-22,466,581000
2025-01-27,466,571000
2025-02-03,466,570000
2025-02-04,466,572000
2025-02-06,466,566000
2025-02-07,466,570000
2025-02-10,466,561000
2025-02-11,466,545000
2025-02-12,466,533000
2025-02-13,466,575000
2025-02-14,466,603000
2025-02-17,466,634000
2025-02-18,466,638000
2025-02-19,466,621000
2025-02-20,466,604000
2025-02-24,466,614000
2025-02-25,466,648000
2025-02-26,466,671000
2025-02-27,466,668000
2025-02-28,466,673000
2025-03-04,466,632000
2025-03-05,466,627000
2025-03-06,466,625000
2025-03-07,466,527000
2025-03-10,466,570000
2025-03-11,466,588000
2025-03-14,466,591000
2025-03-18,466,595000
2025-03-19,466,599000
2025-03-20,466,710000
2025-03-21,466,718000
2025-03-24,466,716000
2025-03-25,466,721000
2025-03-26,466,698000
2025-03-27,466,719000
2025-03-31,466,709000
2025-04-01,466,723000
2025-04-02,466,727000
2025-04-07,466,747000
2025-04-09,466,737000
2025-04-10,466,738000
2025-04-22,466,743000
2025-04-29,466,744000
2024-11-08,469,7000
2024-11-12,469,171000
2024-11-13,469,161000
2024-11-14,469,243000
2024-11-15,469,193000
2024-11-18,469,185000
2024-11-19,469,189000
2024-11-20,469,337000
2024-11-21,469,391000
2024-11-22,469,374000
2024-11-25,469,373000
2024-11-26,469,381000
2024-11-27,469,385000
2024-11-28,469,390000
2024-11-29,469,386000
2024-12-03,469,388000
2024-12-05,469,404000
2024-12-06,469,407000
2024-12-09,469,411000
2024-12-10,469,433000
2024-12-11,469,412000
2024-12-12,469,503000
2024-12-16,469,518000
2024-12-17,469,535000
2024-12-18,469,567000
2024-12-19,469,577000
2024-12-20,469,587000
2024-12-23,469,555000
2024-12-27,469,530000
2024-12-30,469,713000
2025-01-02,469,990000
2025-01-03,469,1262000
2025-01-06,469,1264000
2025-01-07,469,1265000
2025-01-08,469,1267000
2025-01-10,469,1268000
2025-01-13,469,1297000
2025-01-14,469,1299000
2025-01-16,469,1300000
2025-01-17,469,1301000
2025-01-23,469,1271000
2025-01-27,469,1264000
2025-02-03,469,1262000
2025-02-06,469,1260000
2025-02-10,469,1234000
2025-02-11,469,1068000
2025-02-12,469,1072000
2025-02-13,469,1083000
2025-02-14,469,1095000
2025-02-17,469,1116000
2025-02-18,469,1105000
2025-02-19,469,1112000
2025-02-21,469,1121000
2025-02-25,469,1122000
2025-02-26,469,1100000
2025-02-27,469,1102000
2025-02-28,469,1084000
2025-03-03,469,1080000
2025-03-04,469,1084000
2025-03-06,469,1080000
2025-03-07,469,1071000
2025-03-10,469,1081000
2025-03-11,469,1083000
2025-03-13,469,1082000
2025-03-14,469,1091000
2025-03-17,469,1098000
2025-03-19,469,1078000
2025-03-20,469,1055000
2025-03-21,469,1070000
2025-03-25,469,1086000
2025-03-26,469,1062000
2025-03-27,469,1065000
2025-03-28,469,1063000
2025-03-31,469,1064000
2025-04-02,469,1082000
2025-04-03,469,1078000
2025-04-08,469,1178000
2025-04-09,469,1208000
2025-04-10,469,1209000
2025-04-11,469,1207000
2025-04-15,469,1181000
2025-04-17,469,1182000
2025-04-22,469,1180000
2025-04-28,469,1210000
2025-04-30,469,1212000
2024-11-12,471,74000
2024-11-13,471,89000
2024-11-14,471,76000
2024-11-15,471,102000
2024-11-18,471,112000
2024-11-19,471,42000
2024-11-20,471,52000
2024-11-21,471,57000
2024-11-25,471,61000
2024-11-27,471,66000
2024-11-29,471,51000
2024-12-04,471,84000
2024-12-06,471,79000
2024-12-09,471,78000
2024-12-19,471,74000
2025-02-10,471,58000
2025-02-11,471,53000
2025-02-12,471,60000
2025-02-13,471,43000
2025-02-19,471,53000
2025-02-25,471,48000
2025-03-03,471,53000
2025-03-06,471,58000
2025-03-07,471,53000
2025-03-10,471,68000
2025-03-18,471,66000
2025-03-19,471,56000
2025-03-31,471,66000
2025-04-25,471,56000
2024-11-08,474,1000
2024-11-12,474,22000
2024-11-13,474,172000
2024-11-14,474,42000
2024-11-15,474,36000
2024-11-21,474,55000
2024-11-22,474,56000
2024-11-26,474,66000
2024-11-28,474,46000
2024-12-05,474,60000
2024-12-06,474,65000
2024-12-09,474,76000
2024-12-16,474,66000
2025-01-24,474,126000
2025-02-10,474,76000
2025-02-11,474,16000
2025-02-12,474,19000
2025-02-13,474,39000
2025-02-19,474,69000
2025-02-24,474,118000
2025-02-25,474,128000
2025-02-28,474,135000
2025-03-07,474,86000
2025-03-14,474,76000
2025-03-18,474,133000
2025-03-19,474,140000
2025-03-24,474,120000
2025-03-28,474,130000
2025-03-31,474,140000
2025-04-02,474,152000
2025-04-09,474,154000
2024-11-08,486,15000
2024-11-12,486,265000
2024-11-13,486,180000
2024-11-14,486,187000
2024-11-15,486,213000
2024-11-18,486,179000
2024-11-19,486,35000
2024-11-20,486,41000
2024-11-25,486,45000
2024-11-28,486,46000
2024-11-29,486,66000
2024-12-04,486,44000
2024-12-10,486,34000
2024-12-11,486,29000
2024-12-13,486,39000
2024-12-16,486,70000
2024-12-17,486,76000
2024-12-18,486,80000
2024-12-20,486,85000
2024-12-30,486,51000
2025-01-06,486,82000
2025-01-20,486,51000
2025-01-22,486,45000
2025-02-07,486,41000
2025-02-10,486,44000
2025-02-11,486,41000
2025-02-12,486,35000
2025-02-13,486,43000
2025-02-14,486,50000
2025-02-17,486,46000
2025-02-18,486,246000
2025-02-19,486,46000
2025-02-24,486,52000
2025-02-25,486,48000
2025-02-26,486,52000
2025-02-28,486,184000
2025-03-03,486,50000
2025-03-04,486,420000
2025-03-06,486,409000
2025-03-07,486,135000
2025-03-10,486,244000
2025-03-12,486,184000
2025-03-14,486,19000
2025-03-19,486,213000
2025-03-20,486,59000
2025-03-24,486,64000
2025-03-25,486,69000
2025-03-28,486,76000
2025-04-01,486,137000
2025-04-02,486,144000
2025-04-03,486,274000
2025-04-09,486,276000
2025-04-10,486,69000
2025-04-24,486,67000
2024-11-12,541,29000
2024-11-13,541,0
2024-11-12,543,10000
2024-11-20,543,14000
2024-11-21,543,16000
2024-11-22,543,29000
2024-11-26,543,31000
2024-11-27,543,33000
2024-11-28,543,27000
2024-12-02,543,26000
2024-12-03,543,28000
2024-12-16,543,20000
2024-12-17,543,24000
2024-12-18,543,27000
2024-12-19,543,19000
2024-12-23,543,20000
2024-12-27,543,15000
2024-12-30,543,10000
2025-01-13,543,15000
2025-01-14,543,18000
2025-01-16,543,14000
2025-01-21,543,10000
2025-03-26,543,13000
2025-04-09,543,16000
2025-04-14,543,14000
2025-04-16,543,12000
2024-11-29,1068,2000
2025-02-21,1068,0
2024-11-08,1077,18000
2024-11-13,1077,0
2024-11-15,1077,11000
2024-11-18,1077,3000
2024-11-19,1077,9000
2024-11-21,1077,0
2024-11-22,1077,1000
2024-11-25,1077,12000
2024-11-26,1077,11000
2024-11-27,1077,4000
2024-11-29,1077,9000
2024-12-02,1077,14000
2024-12-03,1077,23000
2024-12-04,1077,20000
2024-12-05,1077,16000
2024-12-06,1077,95000
2024-12-09,1077,124000
2024-12-10,1077,158000
2024-12-11,1077,232000
2024-12-12,1077,264000
2024-12-13,1077,290000
2024-12-16,1077,328000
2024-12-17,1077,364000
2024-12-18,1077,385000
2024-12-19,1077,127724
2024-12-20,1077,22724
2024-12-23,1077,91724
2024-12-27,1077,135724
2024-12-30,1077,255924
2025-01-02,1077,129924
2025-01-03,1077,99924
2025-01-06,1077,96924
2025-01-07,1077,106924
2025-01-08,1077,176924
2025-01-09,1077,185924
2025-01-10,1077,183924
2025-01-13,1077,194924
2025-01-14,1077,187924
2025-01-15,1077,176924
2025-01-16,1077,179924
2025-01-17,1077,142924
2025-01-20,1077,143924
2025-01-22,1077,119924
2025-01-23,1077,250924
2025-01-24,1077,200924
2025-01-27,1077,191924
2025-02-03,1077,283924
2025-02-04,1077,233924
2025-02-05,1077,144924
2025-02-06,1077,145924
2025-02-07,1077,96924
2025-02-10,1077,112326
2025-02-11,1077,21402
2025-02-12,1077,270402
2025-02-13,1077,22402
2025-02-14,1077,81402
2025-02-17,1077,23402
2025-02-18,1077,89402
2025-02-19,1077,119402
2025-02-20,1077,188402
2025-02-21,1077,80402
2025-02-24,1077,82402
2025-02-25,1077,93402
2025-02-26,1077,25402
2025-02-27,1077,82402
2025-02-28,1077,30402
2025-03-03,1077,43402
2025-03-04,1077,62402
2025-03-05,1077,163402
2025-03-06,1077,146402
2025-03-07,1077,110795
2025-03-10,1077,212895
2025-03-11,1077,189895
2025-03-12,1077,163895
2025-03-13,1077,102895
2025-03-14,1077,356895
2025-03-17,1077,344895
2025-03-18,1077,334895
2025-03-19,1077,350895
2025-03-20,1077,339895
2025-03-21,1077,331895
2025-03-24,1077,333895
2025-03-25,1077,335895
2025-03-27,1077,336895
2025-03-31,1077,347895
2025-04-01,1077,357895
2025-04-02,1077,418895
2025-04-03,1077,405895
2025-04-07,1077,370895
2025-04-08,1077,345895
2025-04-09,1077,353895
2025-04-10,1077,337895
2025-04-11,1077,313895
2025-04-14,1077,298895
2025-04-15,1077,310895
2025-04-16,1077,267895
2025-04-22,1077,264895
2025-04-24,1077,269895
2025-04-25,1077,305895
2025-04-28,1077,290895
2025-04-29,1077,297895
2025-04-30,1077,304895
2025-05-02,1077,309895
2024-11-08,1085,53000
2024-11-12,1085,118000
2024-11-13,1085,134000
2024-11-14,1085,150000
2024-11-15,1085,154000
2024-11-19,1085,134000
2024-11-20,1085,80000
2024-11-21,1085,68000
2024-11-22,1085,66000
2024-11-25,1085,75000
2024-11-26,1085,77000
2024-11-27,1085,72000
2024-11-28,1085,80000
2024-12-02,1085,72000
2024-12-03,1085,73000
2024-12-09,1085,63000
2024-12-10,1085,65000
2024-12-11,1085,48000
2024-12-12,1085,50000
2024-12-13,1085,48000
2024-12-16,1085,54000
2024-12-18,1085,55000
2024-12-19,1085,56000
2024-12-30,1085,50000
2025-01-10,1085,48000
2025-01-15,1085,50000
2025-01-22,1085,52000
2025-02-03,1085,50000
2025-02-04,1085,42000
2025-02-06,1085,44000
2025-02-07,1085,54000
2025-02-10,1085,66000
2025-02-11,1085,42000
2025-02-13,1085,41000
2025-02-14,1085,31000
2025-02-18,1085,29000
2025-02-19,1085,24000
2025-02-21,1085,28000
2025-02-25,1085,29000
2025-02-26,1085,28000
2025-02-28,1085,33000
2025-03-05,1085,13000
2025-03-07,1085,9000
2025-03-10,1085,6000
2025-03-11,1085,24000
2025-03-12,1085,15000
2025-03-13,1085,14000
2025-03-14,1085,24000
2025-03-17,1085,15000
2025-03-20,1085,24000
2025-03-21,1085,17000
2025-03-26,1085,19000
2025-04-02,1085,15000
2025-04-03,1085,16000
2025-04-09,1085,17000
2025-04-14,1085,16000
2025-04-15,1085,18000
2025-04-16,1085,19000
2025-04-24,1085,22000
2025-04-28,1085,21000
2025-05-02,1085,20000
2024-11-08,1086,6000
2024-11-12,1086,0
2024-11-08,1091,1000
2024-11-12,1091,102000
2024-11-13,1091,108000
2024-11-19,1091,110000
2024-12-11,1091,108000
2025-01-13,1091,102000
2025-02-05,1091,106000
2025-02-11,1091,109000
2025-02-12,1091,106000
2025-03-03,1091,116000
2025-03-04,1091,118000
2025-03-07,1091,14000
2025-03-10,1091,24000
2025-04-08,1091,4000
2025-04-10,1091,31000
2024-11-08,1105,1000
2024-11-12,1105,20000
2024-11-13,1105,0
2024-11-08,1108,233000
2024-11-12,1108,234000
2024-11-13,1108,2000
2024-11-14,1108,10000
2024-11-19,1108,13000
2024-11-26,1108,155000
2024-11-27,1108,172000
2024-11-28,1108,173000
2024-12-02,1108,172000
2024-12-17,1108,177000
2025-01-15,1108,277000
2025-02-12,1108,257000
2025-02-18,1108,3000
2025-03-31,1108,4000
2025-04-01,1108,24000
2025-04-08,1108,42000
2025-04-09,1108,52000
2025-04-28,1108,50000
2024-11-08,1112,10000
2024-11-12,1112,430000
2024-11-13,1112,426000
2024-11-14,1112,375000
2024-11-15,1112,383000
2024-11-18,1112,548000
2024-11-19,1112,603000
2024-11-20,1112,956000
2024-11-21,1112,1048000
2024-11-26,1112,1063000
2024-11-27,1112,1064000
2024-11-28,1112,1254000
2024-12-04,1112,1250000
2024-12-05,1112,1253000
2024-12-11,1112,1250000
2024-12-13,1112,1040000
2024-12-18,1112,1042000
2024-12-19,1112,1043000
2024-12-30,1112,1137000
2025-01-02,1112,1213000
2025-01-09,1112,1217000
2025-01-15,1112,1219000
2025-01-16,1112,1220000
2025-02-03,1112,1215000
2025-02-04,1112,1217000
2025-02-10,1112,1220000
2025-02-11,1112,1037000
2025-02-13,1112,1133000
2025-02-17,1112,833000
2025-02-18,1112,827000
2025-02-19,1112,837000
2025-02-20,1112,850000
2025-02-21,1112,857000
2025-02-25,1112,877000
2025-02-28,1112,927000
2025-03-03,1112,577000
2025-03-04,1112,77000
2025-03-05,1112,95000
2025-03-06,1112,145000
2025-03-07,1112,485000
2025-03-10,1112,593000
2025-03-11,1112,623000
2025-03-24,1112,625000
2025-03-25,1112,624000
2025-03-27,1112,523000
2025-03-28,1112,527000
2025-03-31,1112,323000
2025-04-03,1112,224000
2025-04-07,1112,123000
2025-04-09,1112,23000
2024-11-08,1114,125000
2024-11-12,1114,427000
2024-11-13,1114,529009
2024-11-14,1114,611009
2024-11-15,1114,628009
2024-11-18,1114,458009
2024-11-19,1114,429009
2024-11-20,1114,453009
2024-11-21,1114,435009
2024-11-22,1114,383009
2024-11-25,1114,354009
2024-11-26,1114,360009
2024-11-28,1114,319009
2024-11-29,1114,325009
2024-12-02,1114,337009
2024-12-03,1114,343009
2024-12-04,1114,326009
2024-12-05,1114,336009
2024-12-06,1114,342009
2024-12-09,1114,339009
2024-12-10,1114,341009
2024-12-11,1114,383009
2024-12-12,1114,387009
2024-12-13,1114,384009
2024-12-16,1114,400009
2024-12-17,1114,413009
2024-12-18,1114,417009
2024-12-19,1114,418009
2024-12-20,1114,416009
2024-12-23,1114,430009
2024-12-27,1114,421009
2024-12-30,1114,373009
2025-01-02,1114,357009
2025-01-03,1114,351009
2025-01-06,1114,343009
2025-01-07,1114,346009
2025-01-08,1114,344009
2025-01-09,1114,350009
2025-01-15,1114,349009
2025-01-17,1114,344009
2025-01-23,1114,328009
2025-01-24,1114,319009
2025-01-27,1114,316009
2025-02-03,1114,309009
2025-02-04,1114,307009
2025-02-05,1114,304009
2025-02-06,1114,290009
2025-02-07,1114,288009
2025-02-10,1114,254009
2025-02-11,1114,258009
2025-02-12,1114,267009
2025-02-13,1114,255009
2025-02-14,1114,252009
2025-02-17,1114,258009
2025-02-18,1114,255009
2025-02-19,1114,247009
2025-02-20,1114,239009
2025-02-21,1114,244009
2025-02-24,1114,242009
2025-02-25,1114,248009
2025-02-26,1114,253009
2025-02-28,1114,255009
2025-03-03,1114,263009
2025-03-04,1114,257009
2025-03-05,1114,272009
2025-03-06,1114,296009
2025-03-07,1114,305009
2025-03-10,1114,265009
2025-03-11,1114,275009
2025-03-12,1114,274009
2025-03-13,1114,279009
2025-03-14,1114,237009
2025-03-17,1114,235009
2025-03-19,1114,232009
2025-03-20,1114,239009
2025-03-21,1114,255009
2025-03-26,1114,256009
2025-03-27,1114,259009
2025-03-31,1114,265009
2025-04-01,1114,280009
2025-04-02,1114,287009
2025-04-08,1114,253009
2025-04-09,1114,224009
2025-04-10,1114,225009
2025-04-11,1114,219009
2025-04-14,1114,218009
2025-04-17,1114,219009
2025-04-24,1114,217009
2025-04-30,1114,216009
2024-11-08,1119,4000
2024-11-12,1119,16000
2024-11-13,1119,40000
2024-11-14,1119,44000
2024-11-15,1119,45000
2024-11-18,1119,47000
2024-11-19,1119,46000
2024-11-20,1119,56000
2024-11-21,1119,57000
2024-11-28,1119,67000
2024-12-02,1119,69000
2024-12-03,1119,82000
2024-12-05,1119,85000
2024-12-20,1119,86000
2024-12-27,1119,84000
2024-12-30,1119,106000
2025-01-02,1119,126000
2025-01-03,1119,136000
2025-01-06,1119,140000
2025-01-07,1119,143000
2025-01-08,1119,152000
2025-01-10,1119,155000
2025-01-14,1119,158000
2025-01-15,1119,161000
2025-01-16,1119,171000
2025-01-17,1119,178000
2025-01-20,1119,182000
2025-01-22,1119,187000
2025-01-23,1119,192000
2025-02-04,1119,180000
2025-02-06,1119,177000
2025-02-10,1119,174000
2025-02-12,1119,166000
2025-02-13,1119,167000
2025-02-14,1119,164000
2025-02-20,1119,162000
2025-02-21,1119,164000
2025-03-07,1119,160000
2025-03-10,1119,164000
2025-03-20,1119,165000
2025-03-21,1119,166000
2025-03-25,1119,165000
2025-04-07,1119,166000
2025-04-09,1119,176000
2025-04-10,1119,181000
2025-04-16,1119,179000
2025-04-17,1119,181000
2025-04-22,1119,189000
2025-04-24,1119,195000
2025-04-28,1119,208000
2024-11-08,1136,1000
2024-11-12,1136,0
2024-11-12,1151,1000
2024-11-13,1151,2000
2024-11-20,1151,1000
2024-11-08,1159,1000
2024-11-12,1159,0
2024-11-08,1184,4000
2024-11-12,1184,58000
2024-11-13,1184,4000
2024-11-18,1184,9000
2024-11-19,1184,4000
2024-11-28,1184,24000
2024-11-29,1184,4000
2024-12-13,1184,14000
2024-12-16,1184,4000
2024-12-20,1184,14000
2024-12-27,1184,24000
2024-12-30,1184,59000
2025-01-07,1184,44000
2025-01-20,1184,34000
2025-01-23,1184,44000
2025-01-24,1184,54000
2025-01-27,1184,59000
2025-02-03,1184,74000
2025-02-07,1184,94000
2025-02-10,1184,107000
2025-02-11,1184,114000
2025-02-12,1184,104000
2025-02-13,1184,134000
2025-02-14,1184,14000
2025-02-27,1184,4000
2025-03-10,1184,125000
2025-03-14,1184,165000
2025-03-21,1184,125000
2024-11-14,1193,3000
2024-11-15,1193,0
2024-11-12,1200,3000
2024-11-13,1200,0
2024-11-08,1208,1000
2024-11-12,1208,0
2024-12-17,1208,7000
2024-12-19,1208,0
2024-11-12,1210,10000
2024-11-13,1210,1000
2024-11-14,1210,0
2024-11-15,1210,20000
2024-11-21,1210,0
2024-11-13,1214,10000
2024-11-14,1214,79000
2024-11-15,1214,49000
2024-11-18,1214,79000
2024-11-19,1214,109000
2024-11-21,1214,169000
2024-11-22,1214,139000
2024-11-26,1214,169000
2024-11-28,1214,139000
2024-12-02,1214,169000
2024-12-06,1214,139000
2024-12-09,1214,169000
2025-01-03,1214,161000
2025-01-06,1214,153000
2025-02-06,1214,154000
2025-02-10,1214,124000
2025-02-11,1214,94000
2025-03-10,1214,105000
2025-04-14,1214,90000
2024-11-12,1215,8000
2024-11-13,1215,5000
2024-11-14,1215,1000
2024-11-15,1215,0
2024-11-22,1215,3000
2024-11-28,1215,1000
2024-12-04,1215,0
2025-03-10,1215,10000
2025-03-25,1215,20000
2025-04-11,1215,25000
2024-11-08,1235,66000
2024-11-12,1235,0
2024-11-08,1243,5475000
2024-11-12,1243,4662288
2024-11-13,1243,5963549
2024-11-14,1243,5095611
2024-11-15,1243,5703611
2024-11-18,1243,5819611
2024-11-19,1243,5851611
2024-11-20,1243,4883611
2024-11-21,1243,4956611
2024-11-22,1243,4920611
2024-11-25,1243,4933611
2024-11-26,1243,4643611
2024-11-27,1243,4713611
2024-11-28,1243,4565611
2024-11-29,1243,4576611
2024-12-02,1243,4525611
2024-12-03,1243,4501611
2024-12-04,1243,4544611
2024-12-05,1243,4580611
2024-12-06,1243,4567611
2024-12-09,1243,4452611
2024-12-10,1243,4451611
2024-12-11,1243,4318611
2024-12-12,1243,4340611
2024-12-13,1243,4336611
2024-12-16,1243,4222211
2024-12-17,1243,4079211
2024-12-18,1243,4041211
2024-12-19,1243,3903211
2024-12-20,1243,3923211
2024-12-23,1243,3919211
2024-12-27,1243,3877211
2024-12-30,1243,3868211
2025-01-02,1243,3857211
2025-01-03,1243,3848211
2025-01-06,1243,3839211
2025-01-07,1243,3793211
2025-01-08,1243,3798211
2025-01-09,1243,3807211
2025-01-10,1243,3804211
2025-01-13,1243,3800211
2025-01-14,1243,3819211
2025-01-15,1243,3748211
2025-01-16,1243,3725211
2025-01-20,1243,3787211
2025-01-21,1243,3809211
2025-01-22,1243,3923211
2025-01-23,1243,3961211
2025-01-24,1243,3986211
2025-01-27,1243,3985211
2025-02-03,1243,3918211
2025-02-04,1243,3913211
2025-02-05,1243,3948211
2025-02-06,1243,4046211
2025-02-07,1243,4252211
2025-02-10,1243,3200211
2025-02-11,1243,5337211
2025-02-12,1243,5388211
2025-02-13,1243,5417211
2025-02-14,1243,5525211
2025-02-17,1243,5788211
2025-02-18,1243,5692211
2025-02-19,1243,5728211
2025-02-20,1243,5625211
2025-02-21,1243,5620211
2025-02-24,1243,5544211
2025-02-25,1243,5458211
2025-02-26,1243,5591211
2025-02-27,1243,5810211
2025-02-28,1243,5717211
2025-03-03,1243,5944211
2025-03-04,1243,6141211
2025-03-05,1243,6129211
2025-03-06,1243,6107211
2025-03-07,1243,5945211
2025-03-10,1243,5871211
2025-03-11,1243,5906211
2025-03-12,1243,5930211
2025-03-13,1243,6200211
2025-03-14,1243,6373211
2025-03-17,1243,6337211
2025-03-18,1243,6326211
2025-03-19,1243,6225211
2025-03-20,1243,6285211
2025-03-21,1243,6236211
2025-03-24,1243,6213211
2025-03-25,1243,6271211
2025-03-26,1243,6315211
2025-03-27,1243,6327211
2025-03-28,1243,6326211
2025-03-31,1243,6398211
2025-04-01,1243,6383211
2025-04-02,1243,6396211
2025-04-03,1243,6390211
2025-04-07,1243,6461211
2025-04-08,1243,6483211
2025-04-09,1243,6474211
2025-04-10,1243,6559211
2025-04-11,1243,6506211
2025-04-14,1243,6523211
2025-04-16,1243,6525211
2025-04-17,1243,6523211
2025-04-22,1243,6535211
2025-04-24,1243,6546211
2025-04-25,1243,6526211
2025-04-28,1243,6520211
2025-04-29,1243,6513211
2025-04-30,1243,6510211
2025-05-02,1243,6499211
2025-02-11,1248,2000
2025-02-14,1248,3000
2025-02-19,1248,2000
2025-02-24,1248,3000
2025-02-27,1248,2000
2024-11-08,1256,1000
2024-11-12,1256,16000
2024-11-13,1256,0
2024-11-12,1274,2000
2024-11-13,1274,0
2024-11-12,1284,64000
2024-11-13,1284,53000
2024-11-14,1284,27000
2024-11-15,1284,0
2024-11-20,1284,2000
2024-12-30,1284,5000
2025-01-21,1284,3000
2025-02-10,1284,0
2025-02-11,1284,3000
2025-02-12,1284,0
2024-11-08,1361,2000
2024-11-12,1361,0
2024-11-08,1370,6000
2024-11-12,1370,0
2024-11-26,1447,18000
2024-11-28,1447,1000
2024-12-04,1447,0
2024-11-12,1449,9000
2024-11-13,1449,11000
2024-11-14,1449,15000
2024-11-21,1449,12000
2025-02-04,1449,35000
2025-02-10,1449,47000
2025-02-11,1449,48000
2025-02-12,1449,43000
2025-02-13,1449,35000
2025-02-17,1449,12000
2024-11-08,1479,1000
2024-11-12,1479,0
2024-11-08,1482,7000
2024-11-12,1482,15000
2024-11-14,1482,12000
2024-11-15,1482,11000
2024-11-20,1482,8000
2024-11-21,1482,9000
2024-11-25,1482,11000
2024-11-27,1482,9000
2024-11-28,1482,10000
2024-11-29,1482,11000
2024-12-02,1482,10000
2024-12-11,1482,9000
2024-12-19,1482,8000
2025-01-07,1482,7000
2025-02-10,1482,5000
2025-02-11,1482,4000
2025-02-17,1482,5000
2025-02-18,1482,6000
2025-02-28,1482,7000
2025-03-25,1482,9000
2025-04-09,1482,10000
2025-04-17,1482,9000
2025-04-22,1482,10000
2025-04-24,1482,12000
2025-04-25,1482,11000
2025-05-02,1482,10000
2024-12-10,1491,3000
2024-12-11,1491,0
2024-11-08,1495,896000
2024-11-12,1495,0
2025-03-07,1495,4000
2025-03-28,1495,0
2024-11-08,1509,1000
2024-11-14,1509,0
2024-12-13,1517,70000
2024-12-17,1517,170000
2024-12-30,1517,0
2024-11-13,1528,1000
2024-11-14,1528,0
2024-11-12,1551,32000
2024-12-12,1551,0
2024-11-29,1556,11000
2024-11-08,1569,156000
2024-11-12,1569,38100
2024-11-13,1569,28100
2024-11-14,1569,26100
2024-11-18,1569,25100
2024-11-21,1569,23100
2024-11-22,1569,25000
2024-11-25,1569,22000
2024-11-27,1569,26000
2024-11-28,1569,25000
2024-12-02,1569,22000
2024-12-05,1569,21000
2024-12-06,1569,22000
2024-12-09,1569,25000
2024-12-10,1569,26000
2024-12-11,1569,20000
2024-12-12,1569,21000
2024-12-13,1569,20000
2024-12-16,1569,18000
2024-12-17,1569,13000
2024-12-20,1569,14000
2024-12-23,1569,13000
2024-12-27,1569,15000
2024-12-30,1569,8000
2025-02-10,1569,11000
2025-02-11,1569,8000
2025-02-12,1569,10000
2025-02-13,1569,8000
2025-02-18,1569,10000
2025-03-04,1569,9000
2025-03-07,1569,11000
2025-03-10,1569,9000
2025-03-20,1569,10000
2025-03-21,1569,12000
2025-03-27,1569,13000
2024-11-08,1581,12000
2024-11-12,1581,6000
2024-11-13,1581,4000
2024-11-14,1581,3000
2024-11-15,1581,1000
2024-11-27,1581,2000
2025-02-07,1581,1000
2025-02-10,1581,11000
2025-02-13,1581,1000
2024-12-13,1602,5000
2024-12-18,1602,0
2024-12-30,1602,1000
2025-01-22,1602,0
2025-04-28,1602,3000
2024-12-05,1604,2000
2025-01-15,1604,0
2024-11-08,1609,3000
2024-11-12,1609,16000
2024-11-13,1609,7000
2024-11-14,1609,4000
2024-11-18,1609,3000
2024-11-21,1609,4000
2024-12-04,1609,9000
2024-12-12,1609,11000
2024-12-17,1609,13000
2024-12-19,1609,10000
2025-01-23,1609,8000
2025-02-03,1609,11000
2025-02-06,1609,8000
2025-02-13,1609,4000
2025-02-21,1609,1000
2025-03-10,1609,4000
2025-03-20,1609,5000
2025-04-14,1609,7000
2025-04-16,1609,10000
2024-11-08,1615,9000
2024-11-12,1615,0
2025-02-17,1618,3000
2024-11-12,1627,28000
2024-11-13,1627,3000
2024-11-14,1627,2000
2024-11-15,1627,6000
2024-11-18,1627,3000
2024-11-19,1627,2000
2024-11-20,1627,0
2024-11-22,1627,4000
2024-11-27,1627,0
2024-11-28,1627,6000
2024-12-02,1627,0
2024-12-27,1627,5000
2025-01-02,1627,0
2025-02-11,1627,7000
2025-02-13,1627,0
2025-02-28,1627,10000
2025-03-11,1627,0
2025-03-20,1627,10000
2025-03-26,1627,0
2024-11-08,1633,5000
2024-11-12,1633,0
2024-11-08,1637,481000
2024-11-12,1637,972000
2024-11-13,1637,394000
2024-11-14,1637,392000
2024-11-15,1637,379000
2024-11-18,1637,402000
2024-11-19,1637,551000
2024-11-20,1637,567000
2024-11-21,1637,659000
2024-11-25,1637,651000
2024-11-27,1637,671000
2024-11-28,1637,669000
2024-11-29,1637,666000
2024-12-02,1637,662000
2024-12-03,1637,666000
2024-12-04,1637,660000
2024-12-05,1637,662000
2024-12-06,1637,650000
2024-12-09,1637,654000
2024-12-10,1637,662000
2024-12-11,1637,677000
2024-12-12,1637,671000
2024-12-13,1637,681000
2024-12-16,1637,662000
2024-12-18,1637,644000
2024-12-19,1637,642000
2024-12-20,1637,643000
2024-12-27,1637,627000
2024-12-30,1637,583000
2025-01-02,1637,585000
2025-01-03,1637,582000
2025-01-06,1637,578000
2025-01-09,1637,579000
2025-01-10,1637,578000
2025-01-15,1637,579000
2025-01-16,1637,573000
2025-01-22,1637,572000
2025-01-23,1637,569000
2025-01-24,1637,563000
2025-01-27,1637,557000
2025-02-03,1637,554000
2025-02-04,1637,555000
2025-02-06,1637,551000
2025-02-07,1637,548000
2025-02-10,1637,504000
2025-02-11,1637,478000
2025-02-12,1637,177000
2025-02-13,1637,168000
2025-02-14,1637,153000
2025-02-17,1637,146000
2025-02-18,1637,148000
2025-02-19,1637,149000
2025-02-21,1637,151000
2025-02-25,1637,152000
2025-02-26,1637,162000
2025-02-27,1637,164000
2025-02-28,1637,166000
2025-03-03,1637,168000
2025-03-05,1637,180000
2025-03-06,1637,179000
2025-03-07,1637,159000
2025-03-10,1637,163000
2025-03-11,1637,157000
2025-03-12,1637,155000
2025-03-13,1637,156000
2025-03-14,1637,158000
2025-03-17,1637,159000
2025-03-19,1637,195000
2025-03-20,1637,193000
2025-03-21,1637,141000
2025-03-24,1637,142000
2025-03-26,1637,146000
2025-03-27,1637,147000
2025-03-28,1637,139000
2025-03-31,1637,140000
2025-04-01,1637,152000
2025-04-02,1637,154000
2025-04-03,1637,162000
2025-04-09,1637,153000
2025-04-10,1637,159000
2025-04-14,1637,171000
2025-04-15,1637,168000
2025-04-17,1637,170000
2025-04-22,1637,169000
2025-04-24,1637,180000
2025-04-25,1637,168000
2025-04-28,1637,156000
2024-11-08,1655,45000
2024-11-12,1655,49000
2024-11-13,1655,47000
2024-11-14,1655,56000
2024-11-15,1655,55000
2024-11-18,1655,56000
2024-11-19,1655,57000
2024-11-20,1655,70000
2024-11-21,1655,90000
2024-11-22,1655,89000
2024-11-27,1655,87000
2024-11-28,1655,81000
2024-12-03,1655,80000
2024-12-04,1655,77000
2024-12-06,1655,78000
2024-12-12,1655,79000
2024-12-16,1655,81000
2024-12-18,1655,80000
2024-12-20,1655,79000
2024-12-23,1655,71000
2024-12-30,1655,64000
2025-01-03,1655,67000
2025-01-07,1655,69000
2025-01-17,1655,76000
2025-01-22,1655,83000
2025-01-23,1655,69000
2025-01-27,1655,72000
2025-02-03,1655,64000
2025-02-04,1655,68000
2025-02-05,1655,71000
2025-02-06,1655,68000
2025-02-10,1655,66000
2025-02-11,1655,57000
2025-02-14,1655,54000
2025-02-18,1655,47000
2025-02-19,1655,45000
2025-02-24,1655,42000
2025-02-25,1655,41000
2025-02-26,1655,48000
2025-02-28,1655,65000
2025-03-03,1655,79000
2025-03-04,1655,150000
2025-03-05,1655,156000
2025-03-06,1655,152000
2025-03-07,1655,129000
2025-03-10,1655,52000
2025-03-11,1655,18000
2025-03-18,1655,16000
2025-03-21,1655,12000
2025-03-26,1655,20000
2025-04-10,1655,24000
2025-04-16,1655,25000
2024-11-08,1662,24000
2024-11-18,1662,2000
2024-11-19,1662,0
2024-11-08,1677,1000
2024-11-12,1677,25000
2024-11-13,1677,52000
2024-11-14,1677,38000
2024-11-15,1677,34000
2024-11-18,1677,51000
2024-11-20,1677,29000
2024-11-25,1677,34000
2024-12-12,1677,27000
2024-12-16,1677,32000
2024-12-30,1677,37000
2025-01-06,1677,27000
2025-01-23,1677,22000
2025-02-10,1677,30000
2025-02-11,1677,24000
2025-02-12,1677,22000
2025-02-17,1677,27000
2025-03-07,1677,22000
2025-03-12,1677,25000
2025-03-13,1677,31000
2025-03-14,1677,36000
2025-03-17,1677,37000
2025-03-20,1677,25000
2025-03-21,1677,22000
2025-04-24,1677,20000
2024-11-15,1678,16000
2024-11-19,1678,0
2024-12-30,1678,7000
2025-02-11,1678,0
2024-11-08,1679,30000
2024-11-12,1679,3000
2024-11-13,1679,2000
2024-11-19,1679,1000
2024-11-21,1679,0
2024-11-08,1684,161023291
2024-11-08,1700,1904000
2024-11-12,1700,280000
2024-11-26,1700,375000
2024-12-11,1700,425000
2024-12-13,1700,427000
2024-12-17,1700,477000
2025-04-30,1700,489000
2024-11-08,1702,29000
2024-11-12,1702,296200
2024-11-13,1702,360200
2024-11-14,1702,297200
2024-11-15,1702,199200
2024-11-18,1702,214200
2024-11-19,1702,170200
2024-11-20,1702,232200
2024-11-21,1702,255200
2024-11-22,1702,248200
2024-11-25,1702,257200
2024-11-26,1702,288200
2024-11-27,1702,296200
2024-11-28,1702,271200
2024-11-29,1702,299200
2024-12-02,1702,310200
2024-12-03,1702,315200
2024-12-04,1702,287200
2024-12-05,1702,311200
2024-12-06,1702,329200
2024-12-09,1702,369200
2024-12-10,1702,358200
2024-12-11,1702,374200
2024-12-12,1702,352200
2024-12-13,1702,366200
2024-12-16,1702,432200
2024-12-17,1702,517200
2024-12-18,1702,527200
2024-12-19,1702,570200
2024-12-20,1702,528200
2024-12-23,1702,533200
2024-12-27,1702,488200
2024-12-30,1702,373200
2025-01-02,1702,371200
2025-01-03,1702,358200
2025-01-06,1702,359200
2025-01-07,1702,364200
2025-01-08,1702,365200
2025-01-09,1702,362200
2025-01-10,1702,363200
2025-01-14,1702,356200
2025-01-15,1702,364200
2025-01-20,1702,362200
2025-01-21,1702,363200
2025-01-22,1702,362200
2025-01-23,1702,356200
2025-01-24,1702,354200
2025-01-27,1702,349200
2025-02-03,1702,317200
2025-02-04,1702,319200
2025-02-10,1702,275200
2025-02-11,1702,270200
2025-02-12,1702,83200
2025-02-13,1702,80200
2025-02-17,1702,90200
2025-02-19,1702,94200
2025-02-20,1702,92200
2025-02-21,1702,93200
2025-02-24,1702,91200
2025-02-25,1702,102200
2025-02-26,1702,104200
2025-02-27,1702,124200
2025-02-28,1702,126200
2025-03-03,1702,132200
2025-03-04,1702,128200
2025-03-05,1702,114200
2025-03-06,1702,122200
2025-03-07,1702,80200
2025-03-10,1702,100200
2025-03-11,1702,101200
2025-03-12,1702,103200
2025-03-13,1702,105200
2025-03-14,1702,113200
2025-03-18,1702,117200
2025-03-19,1702,115200
2025-03-20,1702,122200
2025-03-21,1702,108200
2025-03-26,1702,113200
2025-03-27,1702,115200
2025-03-31,1702,125200
2025-04-01,1702,97200
2025-04-02,1702,99200
2025-04-03,1702,101200
2025-04-07,1702,98200
2025-04-08,1702,88200
2025-04-09,1702,98200
2025-04-15,1702,101200
2025-04-16,1702,99200
2025-04-17,1702,98200
2025-04-25,1702,95200
2024-11-08,1713,9000
2024-11-12,1713,8000
2024-11-13,1713,9000
2024-11-14,1713,5000
2024-11-15,1713,6000
2024-11-18,1713,5000
2024-11-21,1713,3000
2024-11-22,1713,4000
2024-11-27,1713,3000
2024-11-29,1713,5000
2024-12-06,1713,4000
2024-12-12,1713,1000
2025-05-02,1713,2000
2024-11-14,1716,13000
2024-11-15,1716,7000
2024-11-26,1716,0
2024-11-08,1718,3000
2024-11-12,1718,1000
2025-01-09,1718,0
2024-11-08,1723,7000
2024-11-12,1723,2000
2024-11-13,1723,7000
2024-11-14,1723,13000
2024-11-15,1723,1000
2024-11-21,1723,3000
2024-11-27,1723,6000
2024-12-06,1723,7000
2024-12-16,1723,29000
2024-12-23,1723,23000
2024-12-27,1723,22000
2024-12-30,1723,2000
2025-01-16,1723,3000
2025-01-22,1723,2000
2025-01-27,1723,4000
2025-02-03,1723,2000
2025-02-06,1723,3000
2025-02-07,1723,1000
2025-02-12,1723,0
2025-02-14,1723,1000
2025-02-19,1723,3000
2025-02-20,1723,2000
2025-02-25,1723,4000
2025-02-26,1723,8000
2025-02-27,1723,11000
2025-03-03,1723,13000
2025-03-04,1723,4000
2025-03-06,1723,2000
2025-03-07,1723,0
2025-04-10,1723,3000
2025-04-14,1723,0
2025-04-25,1723,1000
2025-04-28,1723,0
2024-11-08,1735,41000
2024-11-12,1735,4000
2024-11-13,1735,1000
2024-11-19,1735,0
2024-12-10,1735,1000
2024-12-16,1735,6000
2024-12-30,1735,0
