date,THE HONGKONG AND SHANGHAI BANKING,CHINA SECURITIES DEPOSITORY AND CLEARING,DEUTSCHE BANK AG,CHINA SECURITIES DEPOSITORY AND CLEARING,STANDARD CHARTERED BANK (HONG KONG) LTD,CITIBANK N.A.,FUTU SECURITIES INTERNATIONAL,BANK OF CHINA (HONG KONG) LTD,BOCI SECURITIES LTD,BNP PARIBAS,TOTAL_CCASS_PCT
2024-03-01,5.89948639896447,10.182679511805373,12.676719928518876,4.043664886594634,3.1445471779344083,2.380341421108594,1.4408544801528784,1.2093877564866093,0.7340857422981132,0.5327746405030964,42.24454194436705
2024-03-04,5.912350620042661,10.169371860608825,12.723223119196792,4.072032070290453,3.141014929454126,2.2694760579034945,1.4502405759129846,1.2112296056773697,0.7345702395527004,0.5351816969271601,42.218690775566564
2024-03-05,5.867848562072324,10.148681620182652,12.728621904626031,4.135598299998122,3.106404591522323,2.2857861203082837,1.4446051203402757,1.2427017497308566,0.7345132678030184,0.5416600970128722,42.23642133359676
2024-03-06,6.086931289033764,10.180875406398778,12.690403355881037,4.107596685029429,2.992266438680284,2.251697786032942,1.4412960112129138,1.2396110323106093,0.7319922678795908,0.5442677414722745,42.26693801393162
2024-03-07,6.142603133293833,10.214974897641765,12.690403355881037,4.143147056830984,2.927549142246749,2.1055407977227594,1.4362919925325135,1.2366769872019874,0.7300267425155625,0.5038272944896827,42.13104140035687
2024-03-08,6.068465320668093,10.268352679447974,12.759800406786365,4.194654266189301,2.92470055476265,1.8607177594904212,1.4344499059594626,1.234682975963118,0.7301691718897675,0.4843688307680929,41.960361871925244
2024-03-11,5.939774446516663,10.326486652823466,12.806540979754622,4.210820000161562,2.905991032167088,2.1309043832988865,1.4268016859469472,1.2287550654087078,0.7314538848450961,0.5034401239741355,42.210968254897175
2024-03-12,5.853399814206104,10.390879447666103,12.804357062683478,4.188112010267487,2.8563489354639855,2.192051450085684,1.4148632558010885,1.216624830372253,0.7319856211754613,0.6130682506819749,42.26169067840362
2024-03-13,5.757613686230372,10.408892015857223,12.807205650167578,4.088069617825931,2.8489540023552644,2.470644730324306,1.3390053710995327,1.1826744152076,0.7446191066674401,0.6338843037220283,42.28156289945728
2024-03-14,6.084757816783397,10.516109288024353,12.807205650167578,4.008613017602797,2.8846947547536734,2.237216754175235,1.2420204625575761,1.1237350037209792,0.7658396591302354,0.5489251820087763,42.2191175889246
2024-03-15,6.085482070151229,10.601951471857674,12.799990178070356,4.0106877388203825,2.8916348633941,2.3580671286589725,1.2724576198251738,1.118892404998011,0.763176229832603,0.5821079028464645,42.484447608454964
2024-03-18,6.009556768879216,10.652850982552717,12.753757603203427,4.095960205156885,2.8231529212180377,2.5060035346175553,1.3083878032912757,1.113830939803348,0.7681522374027432,0.5691719923165904,42.6008249884418
2024-03-19,5.9500768379174875,10.84342148523894,12.694768104053544,4.320979625817476,2.8376522315121018,2.251984543839675,1.3619934720962115,1.1228562144821348,0.8151966597026378,0.587227289319971,42.78615646398018
2024-03-20,6.023585350091532,10.7975972079114,12.60693665662716,4.357313359177159,2.8417119434415232,2.5865615886678746,1.3588172970514412,1.1256193443417108,0.8136489271696107,0.5157165865014407,43.02750826098085
2024-03-21,6.120791024163506,10.769624078817548,12.586198939742921,4.414873816939186,2.9328311355891397,2.452944082462696,1.3554844496950453,1.1233879508125,0.8219383167483387,0.5687912311228825,43.146865026093764
2024-03-22,6.153082374500962,10.854925031028891,14.26923937826473,4.508592345166043,2.89947417615034,2.4950808632920682,1.3458970537527295,1.1206628021193785,0.8158708254072078,0.5105907907060949,44.973415640388446
2024-03-25,6.0719349002237255,10.939034324142721,14.069712441763924,4.513036141641236,2.9102807675358506,2.5036185547464935,1.224043976474589,1.1149247973972418,0.8171792765915706,0.5158091655946739,44.67957434611202
2024-03-26,5.897540101565959,11.1239456330272,14.057843327246843,4.6557456269487885,2.8859965592339067,2.3699979625715404,1.2173070670746948,1.1431486021896946,0.8276810691162823,0.541721816408361,44.72092776538327
2024-03-27,5.87851248670134,11.19360783995084,13.913464569673609,4.691656819831662,2.861204352830632,2.672959721825177,1.16555772778023,1.1461348714021915,0.8346316225774838,0.6462175006167251,45.00394751318989
2024-03-28,5.902890698390259,11.37936897743474,13.907055247834387,4.737272200743701,2.868130218533638,2.2273539947761227,1.1745640118757898,1.1562615999081636,0.8320204173837263,0.630814475943331,44.81573184282386
2024-04-02,5.972742336381591,11.533168963347052,13.80134891394528,4.733089524787883,2.855221369584863,2.17345159810826,1.209092927682005,1.1612751138801776,0.8353959935523837,0.5339109895269616,44.80869773079646
2024-04-03,6.135037759700647,11.527770890064684,13.598890306158754,4.57436148252808,2.8746677268096454,2.2604082917947363,1.1660745090263036,1.1485656660552894,0.8236218319514411,0.5375251348974122,44.646923598986994
2024-04-05,6.5413372523503615,11.53162597845983,13.491308652175949,4.578776793128434,2.853324447702743,1.742204888419677,1.169673224547882,1.1491306359063025,0.8118144368298509,0.5233750139524408,44.392571323473476
2024-04-08,6.5879161679788965,11.459639561531457,13.491308652175949,4.610002059599966,2.8480374693322554,1.9363384992839257,1.1784848551653615,1.1482855549526862,0.8118903991627603,0.5783085992895476,44.650211818472805
2024-04-09,6.6455597095425425,11.459639561531457,13.490797805487134,4.610002059599966,2.8599445650157893,1.9974359531720418,1.2587912839879187,1.1553642948506722,0.8143639226281194,0.5882333154664388,44.88013247128208
2024-04-10,6.6225920234228335,11.529340224386132,13.42084836599218,4.63383524155026,2.9504907163145204,1.9182877125440614,1.264868270620663,1.1536503947144061,0.8150998077281785,0.6104530099892818,44.919465767262515
2024-04-11,6.624088718763437,11.665948984831905,13.325895449855546,4.627264499753606,2.956923301618197,1.8770973749062805,1.2628030446946914,1.1462488149015555,0.8160683274727721,0.5976989342938093,44.9000374510918
2024-04-12,6.657729350039195,11.734979042716366,13.32352162695213,4.537975525064523,2.9956747736050082,1.8016924156146967,1.2131521648468462,1.129033851205984,0.8060840283410052,0.5795857160115853,44.77942849439734
2024-04-15,6.790119589803307,11.900688972899696,12.962700545632927,4.65926363249165,2.997716261301946,1.9205065248118842,1.2187762260696189,1.1268805564502957,0.8097423268174593,0.5920834188334888,44.97847805511227
2024-04-16,6.651196114644413,11.88254631921347,12.923741364142066,4.675006825987104,2.988197231459248,1.9465229116864504,1.2272840073554612,1.1125616566968914,0.8086978447399563,0.5797746723146971,44.79552894823976
2024-04-17,6.666568991766934,11.922189161700512,12.916619895431818,4.769613163979838,2.983904172738421,1.8419636090242748,1.2395709147035414,1.117385027454342,0.7975458621219992,0.5665873739393512,44.821948172861035
2024-04-18,6.641791740447951,11.87882891254672,12.911872249624986,4.7529156936772115,2.9453437934953346,1.8551316794341028,1.2528548276710563,1.135426081520302,0.7749708063105148,0.5612260949119867,44.71036187964017
2024-04-19,6.6299833957972,11.87177628470067,12.911872249624986,4.789311146432382,2.8898504607176023,1.8388520019624772,1.2570612418559093,1.1389725729380054,0.7756497196608917,0.5887645770322232,44.69209365072235
2024-04-22,6.579357349500631,11.89918444394351,12.9092323211741,4.787298144610286,2.8046003083163917,1.8790892497045366,1.2616474677053084,1.1407624354071808,0.7448374983745544,0.6606401364310086,44.6666493551675
2024-04-23,6.612610810260841,11.883963491486806,12.905766539735112,4.765705851480815,2.7925982597167214,1.9584570689510832,1.2522661195910092,1.1455480623804672,0.7187871658324693,0.5767513714649067,44.61245474090023
2024-04-24,6.504372556862951,11.969364144260094,12.841673321342883,4.837442779622041,2.7859278173581226,1.744856685985083,1.226723785150255,1.140192717910361,0.7660737180685123,0.8811901233290491,44.69781764988935
2024-04-25,6.492480416263708,12.185994474780015,12.370849286679391,4.912194462850605,2.090274505248602,2.0552416268399916,1.2063468893473337,1.132810128680738,0.7775962544416927,0.5724355240442065,43.796223569176284
2024-04-26,6.187708379663928,12.568237171361934,12.240716315114138,5.161336671855709,1.789645976526732,2.3560185194933245,0.9754854905214355,1.0991113387438471,0.7709400550205147,0.6555565946833436,43.8047565129849
2024-04-29,6.219614933308739,12.844872997234399,11.533074959960077,5.0474453965956245,1.785639438230347,2.409327697817624,0.90222694189912,1.0684747803523627,0.7676546841221873,0.84920214755865,43.42753397707913
2024-04-30,6.398764024477465,12.967425402739885,11.279359581131542,5.043818195199206,1.9112998900632763,2.5185769623900782,0.8533971673935664,1.0420826173121855,0.7595362097925051,0.8464826960404969,43.62074274654021
2024-05-02,6.633828988900733,12.872515215415515,10.721629177827126,5.080455777890525,2.035514446365735,2.5602928644186753,0.859677115884553,1.0233104257919732,0.7573285544923284,0.9033514218084682,43.44790398879563
2024-05-03,6.6682781442573935,12.62998172937352,10.449755240698913,5.10410854930016,2.0828152415391985,2.792514701150521,0.8462222876679921,1.016948580410819,0.7536728672210681,0.8269902866513882,43.171287628270974
2024-05-06,6.763557223660956,12.62998172937352,10.394278762063795,5.10410854930016,2.1723855142423356,2.6749029332539136,0.8927420951062319,1.0115362641910308,0.7637758574980058,0.8890121071780946,43.29628103586805
2024-05-07,6.8746172403441355,12.62998172937352,10.268466148182757,5.10410854930016,2.0502698921510776,2.8174075576449007,0.8354259037209667,0.99856094820096,0.7568917710781,0.8021795644294668,43.137909304426046
2024-05-08,6.901311353657627,12.599762963813038,10.249646480204476,5.3027975263160645,2.312287716584308,2.5413846528460975,0.8155213986758251,0.9945729257232213,0.7543945093837064,0.8201325496657104,43.29181207687007
2024-05-09,7.250045166134927,11.932796351962136,10.249646480204476,5.51490809802788,2.4794133947472337,2.3631416498796045,0.9987567885904918,1.0059482850763901,0.77473817166598,0.8378203788836422,43.40721476517276
2024-05-10,7.059792755717764,11.928324069612101,10.159122168076456,5.423316515122485,2.615882574406286,2.4561917095768586,1.1758684275612168,1.0077381475455656,0.764250622078689,0.8344027860495944,43.42488977574702
2024-05-13,7.308288335363978,12.071788667985228,9.981533390702145,5.430566170269517,2.637878417429337,2.197935682298671,1.1052756820594372,1.0050127614701538,0.7650529742200435,0.8464202644981371,43.34975234629665
2024-05-14,7.4271064800601,12.028452394442759,9.936293073808846,5.303139356814156,2.6694692526279944,2.2125947508741346,1.1167222560997083,1.0109620364306946,0.7731187496812697,0.7545533181359451,43.23241166897561
2024-05-16,7.524309305544589,12.188552743723026,9.886965033875866,5.233439168724061,2.841990155485804,2.20829646974292,1.101350565888639,0.9945285352349275,0.7609472101262955,0.8408083097721717,43.581187498118304
2024-05-17,7.633390978220063,12.061834041639754,9.903534317741707,5.064204586293741,2.861020144173327,2.3342151935077404,1.053190446824139,0.9790087184746853,0.7517697733993997,0.7748471301372468,43.41701533041181
2024-05-20,7.7272697394929,12.060623866723594,9.720906389108025,5.056171569588582,2.859578758906373,2.2757897146797093,0.9911482114204635,0.9751583777253449,0.7548367525906129,0.7779608736396574,43.199444253875264
2024-05-21,7.866317602971932,12.103956342149417,9.537332729429622,5.046956389077521,2.864176616487999,2.2921795375340537,0.9789042702669349,0.966014411901387,0.7444773894401063,0.7387946947916191,43.13910998405059
2024-05-22,7.9462166837842645,11.72222781560838,9.545713748572421,4.944255314984139,2.965677010956833,2.619530902826546,0.9573119771374647,0.9589784008156627,0.7464191765751004,0.7385240789806297,43.14485511024144
2024-05-23,7.976212072609536,11.424906496955547,9.572508749359308,4.833146160166859,2.961005802247491,2.733281173006167,0.9796204526368955,0.9738432798368524,0.7415338490398706,0.7588264367443839,42.95488447260291
2024-05-24,8.010748109884462,11.397279946005593,9.597371933067395,4.833184141333314,3.005241992052645,2.7849467163521413,0.9912189513429852,0.9806468936603325,0.7403134666852246,0.8661472075901032,43.207099357974194
2024-05-27,8.145100551660537,11.350146030582241,9.620612608820997,4.866987379477955,2.9710247591936483,2.5650132112621176,1.0059983727396522,0.98134004994813,0.7406932783497711,0.7454499446836357,42.992366186718684
2024-05-28,8.490317545506429,11.339810405660767,9.620612608820997,4.935809253093786,2.9095857121897306,2.975847892568808,1.0697438260765286,1.0063765227281662,0.7573458833995234,0.7149444213164198,43.82039407136116
2024-05-29,8.71836691372094,11.325614707316051,9.620612608820997,4.803144124637457,2.974424785738211,2.779988987218357,1.066263801700121,1.0127146298802865,0.751349606745495,0.7397760331798913,43.79225619895781
2024-05-30,8.713563720458168,11.36842897720206,9.501921463650206,4.684424493591826,2.9792813900163093,3.0155047406109827,1.0520006867849472,1.0113330649504986,0.7571797157962843,0.7523580067148661,43.83599625977615
2024-05-31,8.933098898065,11.379552711327465,9.50188182080772,4.677189081382214,2.9776004860184004,2.890612457869599,1.0547733119361369,1.0238858404637614,0.7569755670265905,0.7518554684062129,43.9474256433031
2024-06-03,8.501017552243576,11.401539059058903,9.478207684991952,4.734198812230648,2.9838341449627706,2.8953558307952045,1.0591767534219731,1.0344778382588027,0.6891364560927734,0.7815655237184943,43.5585096557751
2024-06-04,9.066069774911288,11.400614929802602,9.506864475081988,4.630989740035936,2.8642632610239733,2.5560928595556613,0.9919391692118815,1.0190005129285316,0.685903309298321,0.7839573876759761,43.50569541952616
2024-06-05,8.951922601542215,11.55064053729848,9.501077094843462,4.709833893949989,2.863408684778744,2.4724331684997396,0.9929219318938957,1.0099913802454878,0.6742981638881018,0.7803308984264277,43.506858355366546
2024-06-06,8.875776772122475,11.557619576634524,9.388283712676207,4.785046098821816,2.8786628707560937,2.7851064746335408,0.9918724647882956,1.0108459564907175,0.705167356924121,0.7645096061574516,43.74289089000524
2024-06-07,8.978801873042173,11.676519618220818,9.389655782314382,4.773931859988022,2.8787578236722307,2.6104261050804944,0.9759013842941139,1.007475127967867,0.717772356541259,0.8238022424921008,43.83304417361346
2024-06-11,8.893967851795932,11.85912001050882,9.353977224076042,4.7614787850367035,2.8723712905328806,2.5619046901700946,0.9817457362823236,1.0064923652858528,0.7244997706495395,0.7045546732327495,43.72011239757094
2024-06-12,9.262246297766216,11.952283064176276,9.355354041360023,4.7110825247971855,2.821174339828041,2.428684087154367,1.1423728368648582,1.0178724722848282,0.7389183709648871,0.4632071491133023,43.89319518430999
2024-06-13,8.939518427342707,11.915650229130764,9.31737287490537,4.814804342739036,2.8243403074343263,2.3412756549693703,1.191074187551337,1.0221686169754303,0.7455370639841911,0.4524513575379252,43.56419306257045
2024-06-14,8.762132137062057,11.987420390792638,9.30550376038829,4.954776572856659,2.8239510004781665,2.3594327889753073,1.1997768596975498,1.0371066097420454,0.7482413230357624,0.43827844789308107,43.616619890921555
2024-06-17,8.973307659932217,12.004098870512037,9.288277402342784,4.97005924470885,2.820261130157097,2.320898996548739,1.2123058969817784,1.030706783194436,0.7375211388039365,0.4450075236773938,43.802444646859264
2024-06-18,9.084158068053027,11.672069649806073,9.286286714455978,4.913585997836588,3.1414298736976423,2.181853269510319,1.1698049717190218,1.0498682816708087,0.7333004816816633,0.44616381281364775,43.67852112124477
2024-06-19,9.162431554941097,11.631923556863505,9.180003541601343,4.885123861224632,3.1367496444612684,2.2155667771492116,1.1892370860063834,1.0576309199472687,0.7324646586373705,0.4380849813264527,43.629216582158534
2024-06-20,9.395286727623574,11.472611554169463,9.180003541601343,4.839665152624219,3.1129971724896897,2.241963687835195,1.1637802091901523,1.0402402933568444,0.7733561319716113,0.4375558562012813,43.657460327063376
2024-06-21,9.000566268332141,11.200027843993128,9.182652727961555,4.8359403871064695,3.202316294729645,2.4015384727246456,1.0619038011734172,0.9410033390264173,0.7547643509920587,0.5940038415623522,43.17471732760183
2024-06-24,9.367322856439046,10.943213439364184,9.187488442598104,4.759688447802947,3.213386617839725,2.5579370825693255,1.0293919226882342,0.9289248533292571,0.767521750039596,0.5658920812109408,43.320767493881355
2024-06-25,9.199302721806113,10.985230104754645,9.165245721993097,4.933993515954963,3.2120477817221986,2.7619792676147217,0.9595825387445819,0.9400388547807595,0.7367619902394241,0.537001706947209,43.43118420455772
2024-06-26,9.083506928430618,10.890927616093547,9.198593186140283,4.891316927797354,3.2198908925950844,2.5057072815192094,0.9307690763429207,0.9434524121158715,0.7462572818530875,0.5940494189620978,43.00447102185007
2024-06-27,9.181797676951744,10.702716693373322,9.212836123560777,4.854185589942124,3.2052206670519743,2.6228998322910737,0.9553220013975313,0.9406225778327094,0.748759528575578,0.538001086389547,42.96236177736638
2024-06-28,9.088710585617196,10.475413655079644,9.21782115165795,4.80688479476866,3.193916522385908,2.6268842940344572,0.9579944512221968,0.9440076492929805,0.7044592455520322,0.5940681721630348,42.61016052177406
2024-07-02,9.15811784396101,10.422710038978005,9.221674815759355,4.749751625129249,3.1662045138114325,2.71280315234756,0.9493822217286042,0.949258308173046,0.6734953369821666,0.5877815769679188,42.59117943383835
2024-07-03,9.23004562746367,10.44528509478949,9.221029135929626,4.773337929497588,3.1777840219342948,2.7382923131552777,0.957749947463145,0.9520022100671042,0.6736380037386619,0.5131936875196904,42.682357971558545
2024-07-04,9.121406197995103,10.41982821797326,9.20107952824932,4.843289742815445,3.159538819098641,2.8013811670770696,1.065016357764376,0.9668575937966803,0.6795440751223604,0.5251957361193608,42.783137436011614
2024-07-05,9.188467407163472,10.475522850933201,9.198705705345905,4.837043502609687,3.280924253264808,2.5867574290574065,1.047117733072621,0.9711447179602494,0.6804698660546926,0.5287536218870004,42.794907087349046
2024-07-08,9.150293961053642,10.541615065592394,9.189913065311652,4.887753107472456,3.317533350081287,2.5253309633148766,1.0725696248607548,0.9681584487477521,0.6852032689241038,0.5883629261969652,42.92673378155588
2024-07-09,9.076960399627579,10.566250599684043,9.21604885547826,4.889243868255801,3.2869361971499993,2.5071189939998706,1.0816043948311553,0.9647876202249017,0.6884791445308175,0.5772382425423973,42.854668316324826
2024-07-10,9.059915639034182,10.538961131586376,9.215056597504633,4.842232679476554,3.303996387592268,2.520591388505917,1.0861431442224865,0.9623708311269342,0.6908864383371716,0.5865521740862397,42.80670641147276
2024-07-11,9.0611440923867,10.530083033927601,9.215056597504633,4.819031646565438,3.44434985366818,2.8297747002071163,1.0858843975260142,0.9536206825226532,0.6846530167750919,0.5926984763477638,43.21629649743119
2024-07-12,9.184452560486925,10.529551297597235,9.215056597504633,4.716658160032729,3.4060579537954694,2.8166586165188727,1.048131118070089,0.9520727126073356,0.6826972240849677,0.6372183379898757,43.188554578688134
2024-07-15,9.197930652167939,10.51504462845217,9.215160808330092,4.741075302417263,3.3981293852980605,3.055447871695309,1.0686694338304426,0.9562311755695395,0.681240171586851,0.614804939518114,43.44373436886578
2024-07-16,9.031539434811329,10.520599374046164,9.208039339619845,4.6865438426799955,3.424949785990014,2.6970967531071093,1.0497738035192528,0.9469732662462179,0.6910915366360267,0.6281712241403775,42.88477836079633
2024-07-17,8.943582649535644,10.462018172435668,9.212236258513084,4.764785045576581,3.3817177232730047,2.6355907642973153,1.1101686058279578,0.971229226055611,0.7141506149375175,0.6463167264140879,42.84179578686647
2024-07-18,8.972595038296612,10.419156426091593,9.204412138223425,4.711734851331044,3.3852452241074813,2.812768632927045,1.0997427756361555,0.972382903986671,0.7185801684752915,0.6308894887470788,42.9275076478224
2024-07-19,8.873746204010894,10.425252403307564,9.187819116128548,4.749744503660539,3.271695779345489,2.7092573730767278,1.1038162557384172,0.9791008228033379,0.7236743924260217,0.6110113331361652,42.6351181836337
2024-07-22,10.452924294274974,10.424744405206233,9.178323824514885,4.763536414729384,3.210562480731531,2.7141859041888,1.1080559034439177,0.9947585586742685,0.7304967594504388,0.580576549691471,44.158165094905904
2024-07-23,10.381259292967721,10.418691156802524,9.171202355804638,4.776464254261387,3.158605906697598,2.6952824402620283,1.1120771594423042,0.9994214590034483,0.6947462743781256,0.4567567601378505,43.86450705975762
2024-07-24,10.402528508800035,10.409547190978566,9.161707064190974,4.74347761119552,3.1156587027289993,2.7619728582928826,1.118006969055037,1.006818291170492,0.6968020050124838,0.5100372152050183,43.92655641663001
2024-07-25,10.454171500828426,10.41821639222184,9.161707064190974,4.717280101633423,3.1010217107065374,2.8477217508861012,1.1100795874690796,1.002754306359844,0.6881470467066297,0.5243105375586771,44.025409998561535
2024-07-26,10.467170317665243,10.397369479484041,9.098190447381988,4.649027945514412,3.101894328005833,2.977150646578203,1.1334000236722368,0.9896413086413751,0.6864758753826249,0.4682892665672252,43.96860963889318
2024-07-29,10.408534043363387,10.379228724856139,9.085618918667787,4.64071481770665,3.095190177362006,2.9771940875373355,1.1524262142431145,0.9827192410550146,0.6819846024493622,0.47418702957076175,43.877797856811554
2024-07-30,10.428878180410242,10.46156714608402,9.085618918667787,4.6672066813087705,3.0894222624712864,3.0493694607688226,1.1395221129401463,0.9809151356484185,0.6819988453867827,0.47278433761713334,44.05728308130341
2024-07-31,10.7146693664566,10.505715504441747,9.085618918667787,4.684882166647605,3.090338558112005,2.769377761457798,1.1445878510160354,0.9797044859676765,0.6840165948546861,0.4794046923124697,44.13831589993441
2024-08-01,10.676075991075157,10.504072818992583,9.112538070392523,4.6705110427903245,3.0806248747912273,2.7604659555137943,1.1405001279763536,0.9723978590709627,0.6832807097546273,0.4742644161974131,44.07473186655497
2024-08-02,10.870883292879395,10.545045002305539,9.083587401027044,4.692639819895968,3.0815601610151733,2.5452145787184683,1.1264898252003934,0.9697249344817164,0.6814908472854517,0.47274896765587243,44.069384830465026
2024-08-05,10.891582316450311,10.576156325277708,9.06934446360655,4.753950917845391,3.0833429020156387,2.8866887659925426,1.1310950416330199,0.9673036351202322,0.6816190337222362,0.5578913484972682,44.5989747501609
2024-08-06,10.796049237996083,10.58163510853879,9.06934446360655,4.752716529935615,2.963023314333104,3.1614879650846355,1.1333311828080377,0.964887083404555,0.6793733972556049,0.591503256515894,44.69335153947887
2024-08-07,10.99866166950675,10.615659586978031,8.938717736877384,4.729457813127946,3.040703820259903,3.218249394057372,1.1070577109130313,0.945682856115921,0.6700537685367943,0.5892956012157173,44.85353995758885
2024-08-08,11.006219446866647,10.624043929472895,8.919261884360989,4.738502078389962,3.0300026266113047,3.0895772731068796,1.1032975754340208,0.9426538580911624,0.6682069343179369,0.5375391404525423,44.659304747104336
2024-08-09,11.047446816141722,10.637380066544285,8.899559154262636,4.7612148159298435,3.026974578115707,3.1544692829061054,1.100164129201512,0.9510714341066749,0.6640100154246976,0.5331698820165152,44.7754601746497
2024-08-12,14.211545274273243,10.624789784629149,8.890612215739663,4.7826361938102675,3.044189304428988,3.141004484633351,1.118290640891995,0.9769366084622937,0.6701961979109993,0.5491471344502457,48.009347839230195
2024-08-13,14.276580662975835,10.595781668749407,8.88758725321384,4.830549435292812,2.948861561655906,3.1684169167574154,1.13819751976004,0.9948542237372762,0.6755705329643327,0.45461913261332454,47.97101890772019
2024-08-14,13.943076111335397,10.604439000878164,8.879278873051884,4.793788888575095,2.9487433452753162,3.245961640014139,1.1879051339752769,1.029732803657165,0.6790576788094504,0.5258525729167359,47.83783604848863
2024-08-15,14.472874927446775,10.639770980972605,8.630402532211964,4.8446171845830355,2.93850931997411,2.763130096958298,1.1922561139749477,1.0331155012945323,0.6782671957826131,0.5074599556787799,47.70040380887766
2024-08-16,14.526316327706793,10.641477284875581,8.622094152050009,4.830027669018642,2.9180745028923454,2.7458498531328828,1.1879903542175096,1.0378059379693916,0.6782864237481308,0.5142690292949378,47.70219153490623
2024-08-19,14.344627483413703,10.610351718965994,8.501239504685044,4.875605068764225,2.8857230948354333,2.8021393661124203,1.1828332239598387,1.0482080299321597,0.6778353973964817,0.5471768614404104,47.475739749505706
2024-08-20,14.461459213104247,10.69926088199053,8.406286588548411,4.901897531242459,2.8006678332945927,2.6888638605134823,1.1860734922230012,1.0535681220480726,0.6797771845314758,0.44927423296399344,47.32712894046027
2024-08-21,14.261716970866098,10.67786324233914,8.406310326777445,4.895853778130363,2.8623259841524957,2.699544164520531,1.1910110438621062,1.0476240694979193,0.6778069115216407,0.4515305516336902,47.17158704330143
2024-08-22,14.32640506927792,10.671131080585052,8.406310326777445,4.883234535575804,2.873549418839846,3.0955398414756794,1.1906074939685254,1.047239510187566,0.6761167496144087,0.47422714717782943,47.64436117348008
2024-08-23,14.458522082025851,10.669910935612696,8.168928036435865,4.823708552449749,2.7946862743425656,3.0298592477079382,1.1961180864565149,1.05330225388289,0.674132233667153,0.49641384556231505,47.36558154814354
2024-08-26,14.520948876739881,10.706937825260175,8.162369163753727,4.879279746618713,2.7953604400471357,2.8557208219237413,1.2227143982663857,1.0623987432487794,0.6765155518621825,0.4950256339283975,47.377271201649116
2024-08-27,14.462083053763264,10.699156433782779,8.153528572496825,5.094860847415323,2.7664100080639473,2.844322199106119,1.2364562216719694,1.0582716147489006,0.6724157223256931,0.5003137992103368,47.48781847258516
2024-08-28,14.393261654912015,10.650868128281495,8.15115474959341,4.877447155337276,2.8550485552774942,2.965166401650308,1.1812838297507793,1.0396753235058314,0.6621890558754874,0.5067463845140131,47.28284123869811
2024-08-29,14.23278742852446,10.68984463867955,8.117201960605854,4.88745044505227,2.8378810680399913,3.187539959302753,1.175214676733616,1.0418924740976219,0.6641498335937089,0.4962856591255306,47.330248143755355
2024-08-30,14.414515678277748,10.649988152131199,8.145792758419173,4.904655913456228,2.9323426028356163,3.08955662084762,1.165420046051832,1.0475136867329105,0.6641973100517772,0.564803920792015,47.57878668959612
2024-09-02,14.914846569012989,10.762061079047266,8.138357945085675,5.100368116551248,2.8069867124811956,2.9346777324257065,1.166194861847507,1.048909494600119,0.6650708768802343,0.5070749216038458,48.044548309535784
2024-09-03,14.314072584530093,10.816583043492919,8.138922914936689,5.1611427305244995,2.8112232742169216,3.4768099828140686,1.1546846693534243,1.0432882819648304,0.6647337940279492,0.49878576940740815,48.080247045268806
2024-09-04,14.283737501647344,10.846099157473992,7.97908558523412,5.190407219277811,2.819371896097477,3.4564798513223445,1.158672691831163,1.047008774601354,0.6699341278624622,0.6215076658681989,48.07230447121626
2024-09-05,14.198999620228692,10.859283369879563,7.974575321717631,5.189433951887409,2.8191781921485584,3.542243224235273,1.1587581494556858,1.048247910156937,0.6687946928688226,0.603024131213042,48.06253856379161
2024-09-09,14.091455235265467,10.984583238013464,7.718242803138081,5.095905329492827,2.831851083100734,3.3248668011768094,1.1337107570902938,1.0497006897738275,0.6679591072068203,0.7239533166171731,47.6222283608755
2024-09-10,14.249572967656803,11.101655435964124,7.711731406914011,5.100463069467385,2.942982551853307,3.552572202452616,1.0990807164283931,1.0248135304544161,0.6649538474110958,0.579692538042239,48.02751826664439
2024-09-11,14.233890544027677,11.18229419999316,7.688168840774706,5.081144898679387,2.955775320862105,3.530919376839109,1.104882102222051,1.0256586114080322,0.6629503408806129,0.603943512823535,48.06962774851037
2024-09-12,14.206197288654138,11.168758661797883,7.737781739456097,5.092667435052568,2.9556708726543546,3.8268356297154074,1.0975137559298482,1.024846763975064,0.6625088098205776,0.5936852745287139,48.366466231584646
2024-09-13,14.075713228681467,11.16416317803916,7.737781739456097,5.094020514107514,3.0268359468581476,3.904988526399986,1.0910966004750442,1.022072477147842,0.6603051900193366,0.5811802128558097,48.3581576140404
2024-09-16,14.476919684291904,11.236408104281717,7.6830902840551385,5.030644190232119,3.036350229055038,3.902118574509756,1.0776560151959038,1.0156959140646864,0.6575567778617617,0.5703270945413926,48.686766868089414
2024-09-17,14.68046953846713,11.286894569791565,7.66673939189641,5.042123997793038,3.038249287377771,3.6408221548568735,1.0700028101552912,1.0139770289003232,0.6584875538221912,0.5700963589551805,48.667862692015774
2024-09-19,14.918070457898116,11.286894569791565,7.425461658170324,5.042123997793038,3.042179863341247,3.205049751802928,1.102609641556611,1.0266387628848526,0.6599358231755651,0.6222843807221965,48.33124890713644
2024-09-20,14.549931355332262,11.286894569791565,7.425461658170324,5.042123997793038,3.0395665217068766,3.719572542766242,1.101679102978472,1.0237996706923673,0.6596106094377971,0.6162615172516499,48.4649015459206
2024-09-23,15.016911458568256,11.29020629012412,7.365280262540636,5.11729822149841,2.997690386632299,3.4240377632305217,1.0992001197204349,1.0200656472652943,0.6723556646062366,0.616790404994531,48.61983621918074
2024-09-24,15.098315305719062,11.389232686363014,7.309084990330363,5.1233372269647,2.9950174620430525,3.093009346260638,1.0781395629213297,1.010598129379601,0.6679970883732749,0.6515146864256975,48.416246484780736
2024-09-25,15.103589465445872,11.448056017909657,7.309084990330363,5.074545671007892,3.000785851698353,3.5573846536247107,1.1033827956762534,1.0077970183535703,0.6683484141629804,0.6654345465490376,48.93840942475869
2024-09-26,15.373016940689824,11.509960571584935,7.295411770406687,5.044250943114498,3.0043150142088613,3.463198482285882,1.071117320008445,0.9899881241675641,0.6508443188377729,0.6429390138048175,49.045042499109286
2024-09-27,15.418508645428593,11.554868553271756,7.163977943890361,4.783757112985261,3.1535458657966773,3.4131096321123566,1.0383906105505027,0.972348008789991,0.6385315368200455,0.6651974016409863,48.80223531128653
2024-09-30,15.387986980065635,11.437158509106947,6.998992504457155,4.715637890948841,3.17880262934215,3.7402964914776424,0.8758827300815921,0.9154102047755303,0.6223176142428444,0.7039362923664096,48.57642184686475
2024-10-02,15.515932473825393,11.429415810942876,6.738137378482017,4.677552276286437,3.2703811562215774,3.9554811638493823,0.873614304915088,0.8680548116752882,0.6162382537871965,0.6941979212874366,48.63900555127269
2024-10-03,15.843430303991024,11.251925072454476,6.834956119420735,4.653306049150948,3.493648458197158,3.704475741247388,0.8770499388032016,0.8157960499857503,0.5978829055688241,0.7089965706496212,48.78146720946913
2024-10-04,15.758592009863555,11.251925072454476,6.819901334567271,4.653306049150948,3.567473875728809,3.568614972398481,0.910903976757976,0.7607653752918939,0.6107575714677901,0.7498120816509526,48.65205231933216
2024-10-07,15.815658237697091,11.251925072454476,6.826017726660213,4.653306049150948,3.5713064128063734,3.1094255185492097,0.8109672194356219,0.6888437637287822,0.6072597434196069,0.7727308670188516,48.107440610921174
2024-10-08,15.88705737083916,11.251925072454476,6.099921560108126,4.653306049150948,3.5657421719207676,3.8250585858899107,0.8207006054864976,0.6990820619112146,0.6003177357208577,0.7299474568305885,48.13305867031255
2024-10-09,16.625272378077767,11.251925072454476,6.016033982053477,4.653306049150948,3.562811924928791,3.2211805905785105,0.8399815072549119,0.7166495383079434,0.5987189659954071,0.6573462197702288,48.14322622857246
2024-10-10,16.498546317143497,11.297616415699423,5.903585753736379,4.347386743941946,3.6313596219992776,4.160827052433335,0.9019380476517744,0.7573354385787484,0.5879574772450619,0.8663580030639264,48.952910871493366
2024-10-14,16.620378979544668,11.414722321935313,5.907853887316721,4.269302688121566,3.7861153090125033,3.9508916146479183,0.9038575208514764,0.7653411563205181,0.5887254089543169,0.6554571315036904,48.862646018208686
2024-10-15,15.868491701911546,11.434667181969813,5.915568811752822,4.361402269128293,3.880422070554826,4.268945190392312,0.8737840332526823,0.777681237301635,0.5892796966022644,0.6663135731701724,48.636555766036366
2024-10-16,16.755606649825232,11.356625380197114,5.933434202923929,4.328562803082439,3.8930982848590667,3.875366065152841,0.8848175621077589,0.7774832604714901,0.5919511968977687,0.622299335806488,49.01924474132412
2024-10-17,16.86139583013367,11.186597940917054,5.912330917312563,4.318450317513887,3.8905936643136725,3.928317270983305,0.8964621129781749,0.7909200476339849,0.5941294167939429,0.66474827434766,49.043945792927914
2024-10-18,17.067272980283406,11.116361268850786,5.912142435774031,4.364094184300766,4.022440536015194,3.656779467178215,0.907087344293864,0.7925876582236346,0.5952534219387103,0.7515917366816435,49.18561103354025
2024-10-21,16.957923303002133,11.12594676573478,5.918194972030871,4.327988337939812,4.014141888527142,3.7557531645486537,0.9133554236703334,0.7983346834728042,0.5986938034726308,0.6812852742220159,49.09161761662118
2024-10-22,16.732737239973723,11.362241845186597,5.911733426087773,4.465508646380497,4.0223980445852225,3.699135114479283,0.8912798201977277,0.7944606044944297,0.5978677131022422,0.683678087708659,49.161040542196154
2024-10-23,16.737603102161145,11.459578079518257,5.898079196747325,4.59368084022753,4.022136924065847,3.5793964012612154,0.8636050806428353,0.8061065796585877,0.6001940595475896,0.6717899826083527,49.232170246438685
2024-10-24,16.86460144058244,11.518040589983583,5.898079196747325,4.626923856166965,4.008895739910593,3.4416130732428316,0.8679389691176013,0.8085663349511071,0.6000036789507357,0.6769255110776025,49.31158839073079
2024-10-25,16.87807644629368,11.702890179472572,5.8879771559995495,4.770611356510725,4.018262845087472,3.2139416176345437,0.886174914043932,0.800656994419216,0.6010526712917552,0.6851576915243581,49.44480187227781
2024-10-28,16.833929749611983,11.629339650633137,5.844028198765709,4.823775494255625,4.01754595057064,3.2594117205848927,0.9122062560027897,0.8137023381849375,0.6047665172241492,0.8297023793185409,49.568408255152406
2024-10-29,16.883679380492612,11.634328002082373,5.841179611281609,4.839454119768106,4.017385954906951,3.160153639230625,0.940117665701153,0.8189200009266454,0.6068080049210868,0.8291535514632711,49.571179930774434
2024-10-30,16.810268195057606,11.729864878653247,5.843268575436615,4.887120483668696,4.005839680304736,2.995791803074147,0.9967836669931726,0.813312793846487,0.6036368149044136,0.8680037744828647,49.553890666421985
2024-10-31,16.74501607632393,11.779154937419774,5.845832304172305,4.927100409008025,4.016118096094236,3.035646627946466,0.9892182933999862,0.8038341189931476,0.6002446219754324,0.8356231684042404,49.57778865373754
2024-11-01,16.682859897420894,11.715470491331514,5.838430724359454,4.9723502211929365,4.014569414032048,3.1004747819095906,0.9686467441189849,0.8057481324001717,0.5997499172823606,0.8256716280285409,49.523971952076494
2024-11-04,16.65474813706948,11.729580494669419,5.718462462466626,4.87314816205919,4.021059445849986,3.332362146994345,0.9602244204576655,0.8034868287023779,0.5980896655437116,0.8442441810425758,49.53540594485538
2024-11-05,16.725919857977402,11.747118298279855,5.734367075919511,4.8518169894490955,4.016667873478667,3.248425430805594,0.991425948700163,0.8020008155648396,0.5972968086939706,0.8442869098548373,49.559326008723936
2024-11-06,16.770718643810667,11.78154347802519,5.736802618218416,4.803419488094254,4.020836306497065,3.237352496490321,0.9967171999518768,0.8024043654584203,0.5972968086939706,0.8431626673277796,49.590254072567966
2024-11-07,16.856367598459652,11.877692800905145,5.606857890809402,4.872925022706269,4.0161266418566886,3.162616480492919,0.970549600558363,0.796909202819303,0.5946286317505313,0.8359509933472022,49.59062486370547
2024-11-08,16.859266510989304,11.871349946107216,5.616353182423065,4.850240771041228,4.020465990124132,3.088731717388683,1.0057913753824743,0.8013622572038208,0.5963760027897357,0.8297230315778006,49.539660785027465
2024-11-11,16.853317473411053,11.94321031303942,5.609231713712818,4.8821544461547495,4.017205306984,3.05484397114868,1.0063753358167145,0.8090676863483085,0.6013277973662611,0.8190783349143034,49.59581237889631
2024-11-12,16.7220932554571,12.080238290609937,5.63320257739151,4.819950790793642,4.012057909400234,3.1654795482967293,0.9859186795642384,0.791390539333442,0.6002595770597239,0.5237771395522794,49.33436830745883
2024-11-13,16.94099580926017,12.102419291819455,5.604314814332972,4.810180135723182,3.9591610641142574,2.8453438924837497,0.9910646528542632,0.7971731719261629,0.6008957615978394,0.5158742083422275,49.167422802454276
2024-11-14,16.991530463374954,12.024187821596774,5.604008591178432,4.757628444287363,3.938542987904349,3.055345797310462,0.9916213143251142,0.7831785363813654,0.60509363002024,0.5133883409977705,49.26452592737682
2024-11-15,16.948020663378248,12.135729012182475,5.5886404617017185,4.785634806901863,3.822180563001809,2.960425402547606,1.0257519026481363,0.7851663756806857,0.6063790551224395,0.7923448161406152,49.450273059305594
2024-11-18,17.657035037699643,12.269550904539638,5.570065060100199,4.852329735196234,3.717005965443068,2.89682617670158,1.04658908271203,0.7751013665702027,0.6105522357866446,0.7751977437800813,50.170253308529325
2024-11-19,17.089090074441827,12.472014259971974,5.540652444797716,5.182932050954954,3.7053744705986214,2.7768356008734596,1.1235128138972195,0.849669790670623,0.6252929638699858,0.7822840799113582,50.14765854998774
2024-11-20,17.049710963679352,12.551290449654449,5.536260872426396,5.197944106996156,3.6669517730839325,2.8385457384529476,1.1211700880738384,0.8555632807929333,0.632464995008076,0.6931797886441615,50.14308205681224
2024-11-21,17.055688012367863,12.519993968495813,5.540723184720237,5.180786115050266,3.648190501149076,2.908405684824442,1.128970470134463,0.8378450666418378,0.6294075111084764,0.6505461666811039,50.10055668117358
2024-11-22,16.97926776902049,12.673437880972612,5.542399103690049,5.220229556413423,3.6459543599740587,2.860205685535165,1.1153729751614068,0.8355139725506835,0.6312448500357202,0.7347316595101326,50.23835781286374
2024-11-25,17.051165167589986,12.654171934288488,5.542399103690049,5.199131018447863,3.6017680204498768,2.8927396405733496,1.0967337177237857,0.8344113318120467,0.6330204695674752,0.7250471742110671,50.23058757835399
2024-11-26,17.09192441898851,12.564778511391655,5.536464546431509,5.044452718061289,3.6018131230850416,3.0265753011033527,1.088081133240835,0.8357988312990934,0.6300942580744345,0.7441528878492093,50.16413572952493
2024-11-27,17.239781301879827,12.481685214480489,5.522734354758152,5.000114453871288,3.599016759704818,3.195705910090503,1.0815751968094434,0.8355899348835927,0.6296764652434333,0.5896158299253882,50.17549542164693
2024-11-28,17.2869809721976,12.508594870913612,5.523418015754336,5.012045287783856,3.604723429964629,3.1753242666417747,1.0778435472052736,0.836933518646926,0.6315565329829387,0.5986980763538571,50.2561185184448
2024-11-29,17.23483520447827,12.541690709833034,5.5229052700071986,5.059113448312784,3.602121720062486,3.0679954247981844,1.094920829172447,0.8402426277742877,0.6307826667164251,0.5997473060771668,50.19435520723228
2024-12-02,17.136740533728965,12.524224120909702,5.493617043024853,5.0925036412722315,3.5994820289938874,3.1630978917777317,1.0981349853836722,0.8413868104137341,0.6316894670655301,0.5860064322007444,50.166882954771054
2024-12-03,17.171899936898328,12.591977774218996,5.487682485766315,5.1136876368623145,3.5578119417473264,3.112514574293425,1.0719002068019916,0.8314262495110013,0.6305262938428562,0.6426285177690507,50.212055617711606
2024-12-04,17.188429340539393,12.647782552561656,5.481928339048435,5.160233556352492,3.581175106762744,2.8924030324856456,1.1424571075779295,0.8275723480273058,0.6269643725762808,0.6619609314944691,50.21090668742635
2024-12-05,17.063552250264593,12.698150326926333,5.4774289951173,5.234705128478453,3.5560056999001164,2.8473284084310055,1.1767184935429298,0.8265326135956097,0.6267364855775529,0.6666112505622607,50.173769652396146
2024-12-06,16.810177515022698,12.720032226450021,5.469467193099244,5.223799786060161,3.4725192979161443,2.863532360952012,1.1562822521674232,0.8409284252110846,0.6280696245201113,0.6657837358981299,49.85059241729702
2024-12-09,16.86958551915045,12.652971729428522,5.400119517710306,5.205977123701314,3.4726420245602503,3.1421932951433815,1.1523037249812982,0.8459656774121329,0.6263129955715836,0.771309896628867,50.1393815042881
2024-12-10,17.09225912801789,12.624979609751444,5.395020546113768,5.194060532726167,3.2550868526371595,3.105702177325202,1.1376145088549612,0.8502872220078015,0.626278575139484,0.791897825287902,50.07318697786177
2024-12-11,16.85064597311555,12.766696837085368,5.395020546113768,5.180529742176697,3.1947089044710686,3.189523288338557,1.1369156553921955,0.8491525346599686,0.62472609496065,0.6555618170937311,49.84348139340755
2024-12-12,17.05849244674596,12.474462620914558,5.39746083605848,4.977843247391442,3.1941059534536005,3.419392903955408,1.0304506477031576,0.8370398659129992,0.6223964251632378,0.666127702836835,49.67777265013568
2024-12-13,16.882736498035374,12.35867228733174,5.398775933946973,5.122772019731396,3.309074469547255,3.3354906081987568,1.0481840543208352,0.8478868122878673,0.6262258762710282,0.6887545079876138,49.618573067658836
2024-12-16,16.913596195779782,12.355130543559843,5.416014635871578,5.139608121291583,3.3041345440852465,3.4656750917210157,1.047846259321679,0.8462761734478997,0.6300940206921443,0.6930326116241498,49.81140819739492
2024-12-17,16.725384560912683,12.14090252181818,5.406519344257915,5.168635227754551,3.48244757482739,3.76167134242916,1.0585448417650838,0.8670400023840779,0.6302055903686048,0.5119327127933959,49.75328371931104
2024-12-18,16.77213059367362,12.137702608544377,5.376272092822591,5.172039289798049,3.5436257386942227,3.693303343752462,1.0530043391085113,0.8721544038294872,0.633418559668378,0.5174848471821951,49.77113581707389
2024-12-19,16.933273288590776,12.149280692373496,5.362389976483415,5.1596764201170595,3.5316806618442347,3.6252363458199164,1.0510480716538064,0.8734315205515248,0.6315954636785548,0.5183342010170374,49.83594664212982
2024-12-20,16.97766187782633,12.035807209944412,5.3590618767728255,5.2017785431320425,3.531153673159676,3.671307738111701,1.0515750603383647,0.8759776829977287,0.6328113357696843,0.5264761761934632,49.86361117424623
2024-12-23,16.83791444873766,11.922794249158592,5.3499183857134485,5.269703111690383,3.5332575923989737,3.9163819268072206,1.0631564675195497,0.8770838844707205,0.6382711284475406,0.6390245798370848,50.04750577478118
2024-12-27,16.81578970713095,11.894707176565378,5.356607818655275,5.181658020202691,3.5159982382151083,3.93852993187838,1.0640917537434955,0.8838920085577171,0.6414140699716633,0.5618553953636822,49.85454412028434
2024-12-30,16.67309232832021,11.658507050029696,5.357291479651458,5.098469770375386,3.5158747994241306,4.066014666612585,1.069489827025863,0.8889862325084473,0.6460287816959035,0.595963432369122,49.5697183680128
2025-01-02,16.726602332062136,11.613314209594467,5.356142074601625,5.08132792042524,3.506473273815152,4.072608197109112,1.0738719041055687,0.8892758389026642,0.6467361809211215,0.6096632391093154,49.5760151706464
2025-01-03,16.74403592484711,11.519277589098552,5.355976856527547,5.096914441609068,3.492776315662443,4.058585550454055,1.082939907596617,0.8982854463502885,0.6496384168028377,0.6133483617845781,49.5117788107331
2025-01-06,16.953654457274922,11.49101960125629,5.120115711902474,5.014689963880552,3.494623624645881,4.031323618702066,1.0831661329193127,0.8979115692430005,0.6499410792230231,0.6195079574543614,49.35595371650188
2025-01-07,17.071638677985078,11.405006502173922,5.112187143405065,5.011979058124851,3.4959577131176007,3.89612395953176,1.0852052467933468,0.9020002418118438,0.6519673744533789,0.6405583068149818,49.272624224211825
2025-01-08,16.855355162991344,11.403605946660907,5.034962648858013,5.060120186606124,3.4246442749823442,4.301636292506703,1.0912537475512505,0.9090801686212815,0.6534427053878519,0.6295618095971984,49.36366294376302
2025-01-09,16.901769572692675,11.38912562695007,5.035608328687742,5.046318780245664,3.399205439220179,4.338711845523703,1.096975847659934,0.9103551489027062,0.6530486507858848,0.6652695658572502,49.436388806525805
2025-01-10,17.16168680123867,11.392562922514218,5.03679524013945,5.0567541057290795,3.414593746191572,4.351780215371588,1.100674263743456,0.9133613582275919,0.6521171626785844,0.5292542611373308,49.60958007697154
2025-01-13,16.9994851439243,11.337377711949348,5.043214294652577,5.050368522118891,3.4356440955521927,4.525199847580629,1.0978873956548458,0.9185794957338806,0.6534460287399166,0.5366992819093138,49.597901817815895
2025-01-14,17.045353336975552,11.256962087273234,5.031179012532259,5.052979727312649,3.4404539355190935,4.384267643480865,1.0935290568041744,0.919715369993165,0.6563788869370869,0.6379969519021962,49.518816008730276
2025-01-15,16.93276339143112,11.132853878236848,5.030409893911552,5.062923196690477,3.4419209580734043,4.649913144075096,1.0831742039171843,0.9195012511672769,0.6565312863674861,0.6137419416219644,49.52373314549241
2025-01-16,16.86494279631595,11.129202938611394,4.961673477920243,5.10589413888811,3.4453012818878683,4.606171658963014,1.102314337987426,0.921354019943393,0.6580303555309932,0.6198274740171612,49.41471248006555
2025-01-17,16.950777383915984,11.05208218012522,4.965433613399254,5.163611268961762,3.44801218764357,4.579898899214879,1.105243635450241,0.9189327205819088,0.6632290276894739,0.6265567871837643,49.473777704166054
2025-01-20,16.890713729902306,11.096140333212619,4.955938321785592,5.217497048869301,3.446364754548599,4.593764636176021,1.1013458182428322,0.9280292099477983,0.661985144488084,0.5721943436372194,49.46397334081037
2025-01-21,16.877311125789618,11.15673453664521,4.955938321785592,5.241191124797456,3.4481356264345475,4.552193062579951,1.102508991465506,0.942618725512192,0.66187120098872,0.5425448208089753,49.48104753680777
2025-01-22,16.885621642392188,11.155239028216059,4.939473486127499,5.305317576710331,3.450526066098287,4.482158877607346,1.113492670039611,0.9445047278089558,0.664277070501332,0.53878848344661,49.479399628948215
2025-01-23,16.863397674988118,11.103793538253232,4.9341791489060105,5.312758087218797,3.451233465323505,4.529811710717386,1.1049326646498936,0.9431326581707814,0.6640681740858314,0.553176698828794,49.46048382114235
2025-01-24,16.72218512240346,11.207042965437303,4.933039713912371,5.291624654056557,3.4471808748627932,4.424034399523467,1.1434455674349118,0.9590657574985083,0.6713795486283521,0.5330813384222177,49.33207994217994
2025-01-27,16.72583345082372,11.218470548894347,4.932209588043046,5.29483762335633,3.456391307728047,4.456443016712352,1.15471647858033,0.9686161218035308,0.6713577094576406,0.5424137857847067,49.42128963118405
2025-02-03,16.710285860335507,11.172218983444191,4.916779739170844,5.289862565315351,3.452317827625785,4.5113153574185505,1.1513069567441538,0.9655491426123175,0.6717944928718691,0.5638755186544891,49.40530644419306
2025-02-04,16.854085167738017,11.00808337261041,4.916062844654013,5.378399512908632,3.4922028000489775,4.463448642864912,1.148393801277082,0.9646850710754742,0.6709921407305146,0.5612897133657982,49.457643067273835
2025-02-05,16.87510821813525,11.00808337261041,4.80221429820619,5.378399512908632,3.528512795179626,4.407110466515855,1.1560420212895974,0.9776622861238679,0.6769532848055724,0.5640224582922104,49.37410871406721
2025-02-06,16.829250707287063,11.00808337261041,4.798307935236328,5.378399512908632,3.5329197973998174,4.537227533467656,1.111338188372471,0.9578313695887322,0.6754613371107755,0.5657498892190262,49.39456964320091
2025-02-07,16.813817297680504,11.158570213896422,4.78876041951879,5.499635396231884,3.647282276506229,4.3330120593503105,1.1213227248865283,0.9595720939238069,0.6764694996978563,0.5538465916521379,49.55228857334447
2025-02-10,16.726865826404417,11.141540408387316,4.6430812817590645,5.6415570097177925,3.7141291294664187,3.9617625366341107,1.1426728880798498,0.9657297905352675,0.6760137257004004,0.5577477322116114,49.17110032889625
2025-02-11,16.561222600644673,11.223576879341884,4.637146724500526,5.686840055423352,3.732787377487267,4.035880171765173,1.1227114112850263,0.9629163356301391,0.6742051100302879,0.5716106205852696,49.2088972866936
2025-02-12,17.01986156496264,11.249533208496993,4.6010503734311845,5.682472221281067,3.7791433911451713,3.5018348238618775,1.1329630028757178,0.9678439172130496,0.6693487431344798,0.6172257641150174,49.2212770105172
2025-02-13,17.16365090230896,10.979197508610195,4.545864925484025,5.5151528391692235,3.876051150442766,3.6240397016943047,1.139317726788162,0.9832649829405099,0.6786828521730012,0.5956410672188381,49.10086365682998
2025-02-14,17.28905474388603,10.751277276361627,4.5332646735126945,5.4770847907963045,3.957520515105707,3.5576927758375745,1.153897747060942,0.9890618584706513,0.6842660836418352,0.6166128430413554,49.00973330771472
2025-02-17,17.51927853388007,10.619848197491107,4.512769086564602,5.496695416566004,4.032303058032015,3.5431355442646675,1.105431167459611,0.9755631145303771,0.6686356467342937,0.5950343180847251,49.068694083607475
2025-02-18,16.639414902789447,11.345087888739643,4.520654926249749,5.854381152594376,4.0889666855011315,3.1778158311612,1.0818878292858234,0.9201794523707828,0.6354662193048646,0.6471565849573164,48.911011472954335
2025-02-19,15.93796970017788,11.208137297795776,4.515513225840951,6.090445496459981,4.113542161873324,3.4311748991719315,1.140574903397811,0.9495813854702008,0.6673136647593815,0.8019390961693509,48.85619183111659
2025-02-20,15.986603634293905,11.207008307622912,4.329435657764025,6.027501208353007,4.171010040542118,3.5021023537030924,1.1575339689843942,0.9370936527044916,0.6687049623630734,0.8399931389871388,48.82698692531815
2025-02-21,16.19336740729807,11.128007481397233,4.168395511996295,6.202961853494406,4.18928847689842,3.7712169590883757,1.1725351054402402,0.9377963042839027,0.6781242916438274,0.7986109964587618,49.24030438799953
2025-02-24,16.227406128674726,11.040987881403817,3.689600180023133,6.244596570779707,4.178805674956935,4.302867357064414,1.1577499868686052,0.9645530865220443,0.6835603460926497,0.681902468176904,49.172029680562936
2025-02-25,17.01103996428897,10.68505687526565,3.6374900196473483,6.090409651734139,4.058331788785679,3.9672740786512617,1.0210875780252147,0.8694228458145267,0.6453797785141097,0.6633747804157436,48.64886736114264
2025-02-26,17.392294913160775,10.732666267416558,3.6035158662536615,6.225351988501714,4.176562412313207,3.939882298786456,1.0458149790632263,0.8731022713148212,0.6540917085696457,0.5302638480181535,49.17354655339822
2025-02-27,17.085189171264645,10.973376657468728,3.5840932472579135,6.4774567284902815,4.164242271444479,3.9590670607272824,1.0693098912497843,0.9209537934018771,0.6703381525206236,0.5151779660846557,49.41920493991027
2025-02-28,17.24867957703328,10.90464783771071,3.181910675669593,6.239191376028629,4.148408872678696,3.756866012725775,1.0578452761554473,0.8786425365891033,0.6538355730783671,0.7439568100773871,48.81398454774698
2025-03-03,17.23703953642638,10.894359689247308,3.156154697167531,6.295294306527959,4.147685331457734,3.720055853109377,1.0834189450585265,0.91546575223147,0.6653531244234503,0.628676848418805,48.74350408406854
2025-03-04,17.434648186638942,10.963366721049605,3.1186293047103337,6.248335341852586,4.042401538045437,3.7268062932998203,1.087275695129706,0.9589636831136614,0.6781432822270548,0.5069322548473506,48.76550230091449
2025-03-05,17.39678855991694,11.049394063069393,2.9600579347621574,6.218757508476026,4.03947081628888,3.7973449156394024,1.1031527722369123,0.9672571081913254,0.67912675705594,0.46096483599873567,48.67231527163571
2025-03-06,17.524411213761834,11.140392190248935,2.9559939499515098,6.281492900167499,3.9730203917535603,4.010773908591776,1.0657173476677546,0.9505074137848233,0.672612987008967,0.4457982440865217,49.020720547023174
2025-03-07,17.29852795894669,11.243300499081785,2.9512463041446777,6.291553161632176,3.922082899892064,3.630755246688068,1.0470614734698098,0.9206592019795632,0.666293870440074,0.7677342071894516,48.73921482346436
2025-03-10,17.585436740815975,11.348190237892117,2.968492364920284,6.242092187616603,4.004234026492865,4.039452063087942,1.0076560132731072,0.8545055053071713,0.6404239484386485,0.4578496682025831,49.148332756047296
2025-03-11,17.641261934035608,11.561582673971778,2.866899391358217,6.266784693457934,4.203066145029845,3.890380732399236,0.9816811682993507,0.8203231676448547,0.6162062071780003,0.47616418666701676,49.324350300041836
2025-03-12,18.32774516826923,11.490719312659008,2.536600924931134,6.314930569585014,4.060707985511999,3.7069072480473566,0.9723188107682789,0.828903350529251,0.6178002292576441,0.9845323669886435,49.841165966547564
2025-03-13,17.828089867532302,11.666823738571814,2.5096390443941368,6.338037361726863,3.992907805273797,4.152985840618772,0.9941349553975412,0.8256334094797958,0.6233822738150264,0.45695070146905953,49.388584998279114
2025-03-14,17.94277589870045,11.7097614472488,2.4113532809011082,6.494524515165841,3.9598981361257684,3.639875711665282,1.0766514133431782,0.8710303986847199,0.642790649873354,0.4671408110465526,49.215802262755055
2025-03-17,17.902297945315983,11.792973435305138,2.3810685230639104,6.6245150573568905,3.89748558434916,3.527823437008474,1.114038174542816,0.9010288734797662,0.6524872416692269,0.9122791323659247,49.70599740445729
2025-03-18,18.045575486444324,11.903531863208826,2.2899557402381334,6.743581266546421,3.933899078158397,3.576003970949943,1.1260354754966795,0.9123615040206732,0.6526106804602045,0.4739748098031964,49.657529875326794
2025-03-19,18.2598056446266,11.930470005516788,1.737158853073886,6.827605102035728,4.0656747351728155,3.432494982088521,1.154583069733158,0.9226854972099189,0.658350584240664,0.4746086205184084,49.46343709421649
2025-03-20,18.661028954379653,11.88731390513269,1.7409313324319946,6.601227854674381,4.075319577629394,3.071780722799971,1.1236170247226795,0.8943465620066506,0.6522311061779483,0.7086060767820093,49.41640311673737
2025-03-21,18.675024302071318,11.901974635384184,1.6537740507101792,6.571422134299093,4.0693043103921385,2.9576596614828365,1.1413732200402298,0.8935916863233645,0.6568173320273478,0.7874526045189656,49.308393937249654
2025-03-24,18.57587090630709,11.921278563234763,1.6820199320556335,6.511402396009126,4.1162540171581865,2.834053990755104,1.1792625195485205,0.913496903515377,0.6676388784971494,1.044053839851182,49.445331946932136
2025-03-25,18.731380282092154,11.945012044623113,1.6803345177942086,6.528114109249174,4.070781065620353,3.346794990247113,1.2145728978545405,0.9223966029625732,0.6696065403017908,0.4676416876791733,49.57663473842419
2025-03-26,18.705933612714407,12.018149528277354,1.438185591062568,6.423836816747924,4.073112159711507,3.298487931544891,1.2369675431253653,0.9306774467788489,0.6748185058685306,0.483529446989445,49.28369858282085
2025-03-27,18.664014036680694,12.05991931608586,1.4038807641384352,6.376626226844791,4.101095733626135,3.322433632700808,1.2532567158886045,0.9610075446335026,0.6798963504412273,0.46700360408273517,49.28913392512279
2025-03-28,18.23409310708367,12.101408992791761,1.355559225116503,6.2574508218017035,4.057047075830351,3.497331207049517,1.2667578336517822,0.9667616913513823,0.680242928585126,0.7494695390059898,49.16612242226779
2025-03-31,18.36832187268648,12.102709847742833,1.3714802179474224,6.178340799722467,4.058779966549844,3.9913999529655477,1.249186559138408,0.958501974558947,0.686899128006304,0.43146818736547143,49.39708850668372
2025-04-01,18.683524724506164,12.088500143842985,1.3714232461977405,6.175995462693893,4.060080821500915,3.732067397000661,1.2487212898493383,0.9511478712041648,0.6874308643366691,0.46611484478769627,49.46500666592023
2025-04-02,18.581539832782738,12.078629788210584,1.2408629865098708,6.192503027164246,4.066466405111105,3.7097076469265162,1.2360023467328365,0.965435436495244,0.6955759254828694,0.45548130509184515,49.22220470050785
2025-04-03,18.622396885684882,12.119839353813882,1.1793066726545243,6.160670062029441,4.067066982305669,3.715102396856819,1.2464804010285138,0.961124574102641,0.6912365772154254,0.48663322043566126,49.24985712612745
2025-04-07,19.115730221265434,12.098299284788286,1.1059650402305892,6.226553142890843,4.136301901106695,3.281616697405735,1.2510362419447494,0.9692145625574821,0.6915594171302899,0.5187189977096811,49.39499550702978
2025-04-08,19.147317733112025,12.168156145190007,0.8719061019537899,6.2194933935760846,4.129904448381989,3.1028277151714563,1.2559690459380475,0.9652692688920048,0.6930596732052487,0.5264173053854585,49.080320830806116
2025-04-09,19.348455783217382,12.20745715717896,0.7935813404910045,6.329790700960397,4.0185213544016545,2.951118117707894,1.246229013183042,0.9930318398943239,0.689937383940386,0.5183014422609702,49.09642413323601
2025-04-10,19.683818088662033,12.443747488984968,0.4690379703109625,6.225438633037689,3.8655711970887663,2.7389700395942027,1.2331753610371585,0.994764493231527,0.6884800940599789,0.5445649440997821,48.88756831010707
2025-04-11,19.229000979218565,12.67326293022463,0.39743587531065067,6.3194230294297284,3.75336699776614,3.016036239559057,1.2124516497080482,0.9941302077517344,0.6872777527593987,0.480411905370389,48.762797567098346
2025-04-14,19.067301860212847,12.831107910364361,0.28492402853974164,6.4427573721996,3.6999075564520547,2.8477003864799704,1.2337092338081368,1.0059292944931626,0.6892183529829412,0.48251582460968645,48.5850718201425
2025-04-15,19.433794953977472,12.800129521474785,0.15353601680545076,6.32638782582835,3.638513374701011,3.003430527795049,1.2189440553488904,1.0012440802286908,0.6897493771664354,0.47290635211436893,48.738636085440504
2025-04-16,19.598388000484746,12.804715747324186,0.15353601680545076,6.221161004165734,3.6621946319854874,2.8407016444138296,1.2263646257449683,1.0047146093134849,0.6891749120238087,0.4980064433482167,48.69895763560991
2025-04-17,19.521319940867027,12.827034430262099,0.15462987439934475,6.269473047896053,3.66764492937173,3.088038323718595,1.2379393862220236,1.0072681306106892,0.6894272493984418,0.5359477295780923,48.9987230423241
2025-04-22,19.706211784403695,12.782069476825598,0.15462987439934475,6.250411249981623,3.715211830092666,3.0630816113881134,1.2484601693299626,1.0191146938101858,0.6905037780851409,0.5092576517635367,49.13895212007987
2025-04-23,19.738294000943363,12.764327524445468,7.988245455671532,6.218018062641612,3.7090754978873366,3.0759180587383343,1.2527662840767588,1.0165590360723684,0.6889275596772728,0.5102342425060019,56.962365722660046
2025-04-24,19.78355591962508,12.691645814788682,7.990448363325902,6.2567588524253575,3.678010464461786,3.139435625076483,1.257442715196488,1.0164284758126805,0.687512761226837,0.5120483179687922,57.01328730990809
2025-04-25,19.844867967103667,12.69618931182582,7.89135431313426,6.171946907732117,3.6780579409198544,3.1871869718370154,1.255947206767336,1.0252353587843532,0.6868670813971078,0.5117876722139972,56.94944073171553
2025-04-28,19.475591091220206,12.740299689017093,7.89135431313426,6.186370255693271,3.6773552893404426,3.430229642891791,1.2490918436045617,1.0383151229821743,0.6860030098602645,0.4933171935848091,56.86792745132887
2025-04-29,19.63820413204374,12.663853096235488,7.89135431313426,6.063159351714377,3.6762728260964854,3.330478755902775,1.2337284617736544,1.0493154183166031,0.6836339346026555,0.5023989652486973,56.732399255068735
2025-04-30,19.41815167457538,12.446718773111217,7.780536617000454,5.988996427449474,3.601924111954158,3.3066301888897214,1.220382134340953,1.0347297518792808,0.675147786630123,0.4879434269160794,55.96116089274684
2025-05-02,19.510271623707133,12.446760901885975,7.780089115793014,5.953673790301547,3.6211505145104175,3.3492916586006642,1.2193883633541382,1.024909066385463,0.6753490685539715,0.4810752663866207,56.06195936947894
