date,458,466,460,454,30,70,482,463,1193,469,Others
2014-07-02,32.30865933760359,39.046209969519694,7.1639248760930485,0.07840237076964443,0.6611039579305652,4.27203617118654,0.0583146181802134,0.3978901410763824,0.46120242105601267,0.0,15.552256136584305
2014-07-03,0.0,0.0,0.0,0.0,0.0,81.03072773825333,0.0,7.547668225910479,0.0,0.0,11.42160403583618
2014-07-04,0.0,69.78748174121016,11.699445280726724,0.14184951535409668,0.0,7.7305639677357485,0.0004559798733083579,0.6011013172174483,0.45530864181868735,0.0,9.583793556063833
2014-07-07,0.0,59.284246712056664,9.912299737938103,0.11784201984172658,0.9988139503353147,6.554685136873574,0.0,0.5152336459895235,0.0,0.0,22.61687879696509
2014-07-08,0.0,69.99041038521727,11.869245570156625,0.18130793872626166,1.070822412629185,7.664383279797139,0.0,0.6064708167045345,0.0,0.0,8.617359596768981
2014-07-09,0.0,58.81636966260139,9.992937934585507,0.15228519809372673,0.8587839152595833,6.491135789481156,0.0,0.5201108663068564,0.0,0.0,23.16837663367179
2014-07-10,0.0,70.68309838970973,12.01255696126164,0.182084273984823,0.5029519785392921,7.802624933473347,0.0,0.622855386627357,0.0,0.0,8.19382807640382
2014-07-11,0.0,75.84584429520291,12.868180076297916,0.22705141997962658,0.5327422233005671,0.0,0.0,0.6656107753431227,0.5003443372792508,0.0,9.360226872596604
2014-07-14,0.0,78.72397024445252,13.224167493249622,0.2341682968230707,0.0,0.0,0.0,0.689469379328385,0.0,0.0,7.128224586146405
2014-07-15,0.0,80.17840608295404,13.47120959563513,0.25288757104945386,0.0,0.0,0.0,0.7015453225809493,0.5421692810657159,0.0,4.853782146714699
2014-07-16,0.0,75.61978818821403,12.72167430310865,0.0,0.0,0.0,0.0,0.6636607062823497,0.48205298746871195,0.0,10.512823814926259
2014-07-17,0.0,79.88272984778531,13.443051673811294,0.27597066424240646,0.0,0.0,0.0,0.6928791059190557,0.509446226901481,0.0,5.195922481340443
2014-07-18,0.0,81.39225087106212,13.705014808504329,0.28432985949646,0.0,0.0,0.0,0.6970040348585168,0.45000549597371275,0.0,3.4713949301048674
2014-07-21,0.0,80.15290166883105,14.997080315124926,0.2874205083299024,0.9739591370172292,0.0,0.0,0.6996950648297073,0.4093419214157094,0.0,2.4796013844514766
2014-07-22,0.0,80.26596433570867,15.050801865840432,0.2875151982732084,0.9360591716381971,0.0,0.0,0.7104450946194867,0.3895964789001359,0.0,2.359617855019867
2014-07-23,0.0,80.39730159888433,15.121326854838967,0.0,0.8684096609703108,0.0,0.0,0.7126568598549196,0.3831844291909416,0.0,2.5171205962605248
2014-07-24,38.924904275589725,45.919479751077304,8.634575057604268,0.0,0.48418313943672414,0.0,0.0,0.40789724099814567,0.0,0.0,5.62896053529384
2014-07-25,40.964168104518386,48.15069780378416,9.048674210772358,0.1683511485845509,0.34363535924170197,0.0,0.0,0.40931430955283576,0.0,0.0,0.9151590635460054
2014-07-28,38.515778243162806,45.20883940598423,8.49849888956189,0.1701909473621497,0.0,5.081039892103171,0.026684150838491353,0.3864648761606159,0.2099763493909587,0.0,1.9025272454356859
2014-07-29,41.22665219261478,48.23374739687154,9.047116880934873,0.19518426119076257,0.0,0.0,0.0014248689586387664,0.4099774682902617,0.0,0.0,0.885896931139141
2014-07-30,0.0,82.54342686828137,15.478836234998722,0.37678166058519946,0.0,0.0,0.0005515684972854025,0.6786298791988262,0.0,0.0,0.921773788438601
2014-07-31,41.28805942281786,48.24599225595635,9.069616335580157,0.22031325015478045,0.0,0.0,0.0,0.39725270973383187,0.0,0.0,0.7787660257570267
2014-08-01,0.0,82.75114671464647,15.408195338092284,0.0,0.0,0.0,0.0,0.6797585878899315,0.0,0.0,1.1608993593713177
2014-08-04,0.0,81.81620927639969,15.239534037641894,0.3753980724870153,0.0,0.0,0.0,0.6748267988342371,0.0,0.0,1.8940318146371635
2014-08-05,0.0,83.52359566550376,15.556578918690578,0.0,0.0,0.0,0.0,0.0,0.0,0.0,0.9198254158056592
2014-08-06,41.65365800035833,48.68015069754376,9.044717396722941,0.0,0.0,0.0,0.0,0.0,0.0,0.0,0.621473905374974
2014-08-07,41.08546791518691,48.00242290432591,8.911872479949455,0.20760453545251276,0.0,0.0,0.0,0.0,0.21170429126435983,0.0,1.5809278738208516
2014-08-08,38.7907988900901,45.33464364674901,8.411754007248517,0.0,0.0,5.093060283329351,0.0,0.3730640262931647,0.1935667214143282,0.0,1.8031124248755352
2014-08-11,40.90064675373823,47.457593907437,8.826098362351345,0.2048904325453293,0.0,0.0,0.0,0.3895474123991111,0.19382595385321896,0.0,2.027397177675768
2014-08-12,0.0,0.0,96.44153395142713,0.0,0.0,0.0,0.0,0.0,2.1114929341947084,0.0,1.4469731143781517
2014-08-13,41.54085485180701,48.15150591082196,8.966519670213007,0.20988466178896598,0.0,0.0,0.0,0.39904946383804674,0.1832080906238074,0.0,0.5489773509071981
2014-08-14,41.19159474652388,47.57149760186454,8.871351519292448,0.2155009611530608,0.0,0.0,0.0,0.0,0.1630854967080019,0.0,1.98696967445806
2014-08-15,45.72508928159595,52.82293789332797,0.0,0.19092009528652007,0.37062113492862886,0.0,0.0,0.4429620981151185,0.14051274407936412,0.0,0.30695675266645084
2014-08-18,39.50491400812643,45.55619763055142,8.480505909182007,0.1620592020258618,0.3023302057708358,5.138223521395476,0.0,0.3803212348291241,0.0,0.0,0.4754482881188568
2014-08-19,41.56315600779675,47.92609919381388,8.921915011398877,0.170396801812465,0.0,0.0,0.0,0.4001961550137432,0.0,0.0,1.0182368301642821
2014-08-20,41.8469070243445,48.147108118697155,8.956947317123976,0.17742950158934687,0.0,0.0,0.0,0.0,0.0,0.0,0.8716080382450178
2014-08-21,38.96271152062781,44.76078687528282,8.35228276068363,0.17780515340391523,0.0,5.064373730166117,0.03496571925226156,0.36466647248713524,0.17076689669846268,0.0,2.1116408713978503
2014-08-22,39.44256868101878,45.2730200443271,8.463961278161603,0.20746610351924663,0.0,5.112284693442267,0.02034202177514422,0.3703176464453946,0.0,0.0,1.1100395313104778
2014-08-25,72.3745669081779,0.0,15.542349675308994,0.38137017020551833,0.0,9.306434391688063,0.03395955924007863,0.6779117447125492,0.0,0.0,1.683407550666901
2014-08-26,41.79316725108355,47.829641967092144,8.963933155354892,0.0,0.0,0.0,0.017749425822474983,0.3905735891306504,0.0,0.0,1.0049346115162894
2014-08-27,39.28172693931863,44.78250227940867,8.39799000050704,0.2035622808508241,0.0,5.0110501558493485,0.0,0.36419538903159643,0.0,0.0,1.9589729550338926
2014-08-28,40.055357359705525,45.40118495886597,8.529131086600355,0.181212999688478,0.0,5.0472563414723774,0.0004810867201890841,0.0,0.0,0.0,0.785376166947112
2014-08-29,39.92245694173038,45.293004454613865,8.550442295336802,0.0,0.0,5.017793215935571,0.0,0.36737119011246044,0.0,0.0,0.8489319022709173
2014-09-01,40.25222337440539,45.18973676905193,8.533635666399746,0.1829729017835063,0.0,4.914965547641586,0.00030496613778757485,0.36635196143353016,0.0,0.0,0.5598088131465206
2014-09-02,40.31922101494551,45.180731638765856,8.530788802240902,0.18363142402406607,0.0,4.837489724652436,0.0,0.3697549318100365,0.0,0.0,0.5783824635611888
2014-09-03,40.058500133464776,44.853984967027536,8.47147186118817,0.0,0.285391336630576,4.802529442974983,0.0,0.0,0.0,0.0,1.5281222587139598
2014-09-04,46.99072670114232,52.52161997847057,0.0,0.0,0.26347458973418875,0.0,0.0,0.0,0.0,0.0,0.2241787306529206
2014-09-05,40.01075275948052,44.529794383570284,8.29011486237885,0.1842754177393679,0.21267309412611857,4.734068881784129,0.0,0.36363893094241617,0.0,0.0,1.6746816699783122
2014-09-08,42.50684684730017,47.26940869392099,7.14426563632727,0.19726385376303857,1.8482925318016041,0.0,0.0,0.38549297459738685,0.0,0.0,0.6484294622895488
2014-09-10,40.73220599974356,45.2997622818946,6.797670013250522,0.1905675089868477,1.7257002660848393,4.807233067859131,0.0,0.36560836692225696,0.0,0.0,0.08125249525823662
2014-09-11,93.126092058069,0.0,0.0,0.43624666438885074,3.84378616302731,0.0,0.0,0.8433810647028703,0.0,0.0,1.7504940498119734
2014-09-12,41.3753772206596,45.90524399846505,6.890720983218257,0.16320379686377862,0.0,4.840155530300947,0.0,0.3729649001220877,0.0,0.0,0.4523335703702721
2014-09-15,0.0,83.21412027081504,12.489782665082174,0.2954079141623985,0.0,0.0,0.0,0.6728366210675455,0.0,0.0,3.3278525288728353
2014-09-16,42.629583028440905,47.30019641965973,7.096599680788604,0.0,1.750255439214091,0.0,0.0,0.381489656867818,0.0,0.0,0.8418757750288546
2014-09-17,80.29832402784685,0.0,13.371016852278055,0.31686265180822465,3.2793543977731168,0.0,0.0,0.0,0.0,0.0,2.734442070293756
2014-09-18,82.42721925073265,0.0,13.72346669939159,0.0,3.340107607173189,0.0,0.0,0.0,0.35777590405226156,0.0,0.1514305386503015
2014-09-22,45.82430583821807,50.78212577551901,0.0,0.1782913777959955,1.8226169838737605,0.0,0.0,0.407993820008714,0.20068289381462776,0.0,0.7839833107698161
2014-09-23,41.391201246971875,45.86927913751976,6.884379000812922,0.15252137266430127,0.0,4.815604316996746,0.0,0.37014015083919777,0.2245137146451996,0.0,0.29236105954999225
2014-09-24,38.48006496912515,42.50281912708696,0.0,0.12822102829270984,1.4557865187354744,4.452476692781087,0.0,0.3426932569722967,0.19364678224891177,0.0,12.444291624757408
2014-09-25,43.820064086059396,48.37181462978985,7.251935114950521,0.129581764732087,0.0,0.0,0.0,0.0,0.22596317606294125,0.0,0.2006412284051995
2014-09-26,36.69279193020921,40.3765077747945,6.052068616003258,0.10522462947195603,0.0,4.102787177698981,0.0,0.3207704049894342,0.0,0.0,12.349849466832662
2014-09-29,41.72666046312707,45.88503416422641,6.874790027138698,0.0,0.0,4.638674469953509,0.0,0.36277262336881844,0.0,0.0,0.5120682521854928
2014-09-30,62.48974731127493,0.0,10.090265882785832,0.0,0.0,6.9058825095472205,0.0,0.0,0.0,0.0,20.514104296392006
2014-10-03,47.5115864397211,52.107139717655805,0.0,0.0,0.0,0.0,0.0,0.0,0.0,0.0,0.38127384262310104
2014-10-06,77.68629113855677,0.0,12.53311840955831,0.0,0.0,8.56076216645119,0.0,0.6713206787254946,0.0,0.0,0.54850760670823
2014-10-07,0.0,67.67442133252493,9.962863500847433,0.0,0.0,0.0,0.0,0.5303668055781005,0.0,0.0,21.83234836104954
2014-10-08,0.0,0.0,85.38187730321832,0.0,0.0,0.0,0.0,0.0,0.0,0.0,14.618122696781677
2014-10-09,0.0,0.0,0.0,0.0,0.0,0.0,0.0,2.606035329154898,0.0,0.0,97.3939646708451
2014-10-10,0.0,0.0,57.130251605800886,1.0260840816626065,0.0,39.067538793132,0.0,0.0,0.0,0.0,2.7761255194045114
2014-10-13,41.44087167511878,45.370700004002536,6.681186093502949,0.12159447126712157,0.0,4.571936890145956,0.0,0.3489468270796293,0.0,0.0,1.464764038883034
2014-10-14,77.05090697226993,0.0,12.413100605100267,0.21302958012747183,0.0,8.424567052258086,0.0,0.6323255675837487,0.0,0.0,1.2660702226604947
2014-10-15,0.0,67.38677257329651,9.925300833594697,0.16998602818649378,18.095330692810574,0.0,0.0,0.5018357827988537,0.0,0.0,3.92077408931286
2014-10-16,0.0,0.0,57.068966607618584,0.0,0.0,38.689475011310996,0.0,2.867547474748076,0.0,0.0,1.3740109063223351
2014-10-17,0.0,80.05185095567752,11.901566758748801,0.0,0.0,7.99010290801168,0.0,0.0,0.0,0.0,0.05647937756199328
2014-10-20,85.076395395996,0.0,13.836201033509274,0.0,0.0,0.0,0.0,0.6489814000223116,0.0,0.0,0.43842217047241977
2014-10-21,0.0,98.9607713198306,0.0,0.0,0.0,0.0,0.0,0.0,0.0,0.0,1.0392286801694013
2014-10-22,0.0,0.0,0.0,0.0,0.0,0.0,0.0,92.57699935048235,0.0,0.0,7.423000649517639
2014-10-23,43.95683658415803,48.044735981373535,7.143598430855737,0.0,0.0,0.0,0.0,0.33632470723127794,0.18783833753962656,0.0,0.3306659588417907
2014-10-24,0.0,86.35568394411413,12.845180676317081,0.1989779829664624,0.0,0.0,0.0,0.0,0.0,0.0,0.6001573966023169
2014-10-27,44.18498076432407,48.219940676662844,7.193710432183785,0.09032824422740852,0.0,0.0,0.0,0.0,0.0,0.0,0.3110398826018932
2014-10-28,44.17038961372802,48.14832315045806,7.186704733231092,0.08060147911665788,0.0,0.0,0.0,0.33799114450977824,0.0,0.0,0.07598987895638853
2014-10-29,0.0,0.0,99.93512880195945,0.0,0.0,0.0,0.0,0.0,0.0,0.0,0.06487119804055398
2014-10-30,85.6804316797578,0.0,13.932523161902951,0.15615906011089847,0.0,0.0,0.0,0.0,0.0,0.0,0.23088609822835843
2014-10-31,0.0,0.0,82.8375988262258,0.0,0.0,0.0,0.0,3.9088751245894446,0.0,0.0,13.253526049184753
2014-11-03,0.0,0.0,0.0,100.0,0.0,0.0,0.0,0.0,0.0,0.0,0.0
2014-11-04,0.0,0.0,94.92601179359632,0.0,0.0,0.0,0.0,4.478000960383883,0.0,0.0,0.5959872460197904
2014-11-05,0.0,84.21605770943891,12.591068368905201,0.0,0.0,0.0,0.09565686988183361,0.0,0.0,0.0,3.097217051774049
2014-11-06,0.0,86.59073791675772,12.943339116957734,0.0,0.0,0.0,0.0,0.0,0.0,0.0,0.4659229662845435
2014-11-07,0.0,86.65661638142402,12.958682623116111,0.0,0.0,0.0,0.0,0.0,0.0,0.0,0.38470099545987313
2014-11-10,44.132623721096024,48.01918752741203,7.182030521901664,0.07316784123370067,0.0,0.0,0.0,0.3362253408378285,0.0,0.0,0.25676504751875845
2014-11-11,36.94809138179948,40.17310006786738,6.00402007557822,0.08887383610183444,10.743676884481648,4.0178464828495155,0.0,0.2810997308243296,0.18825491767096475,0.0,1.5550366228266266
2014-11-12,39.80284769905147,43.30875073097101,0.0,0.10242542327706236,11.511972241744939,4.397175799548888,0.0,0.3023905409650919,0.0,0.0,0.574437564441542
2014-11-13,0.0,89.49128342700926,0.0,0.21462390895350464,0.0,9.12513035110461,0.0,0.0,0.0,0.0,1.1689623129326294
2014-11-14,42.10089302478946,45.822799980786364,6.837708294445621,0.11564238730765984,0.0,4.675243197739429,0.0,0.0,0.0,0.0,0.44771311493146615
2014-11-17,0.0,79.18887138444342,11.803525613078786,0.20348680583351986,0.0,8.082879298318622,0.0,0.0,0.0,0.0,0.7212368983256539
2014-11-18,42.06932536666121,45.80929517937486,6.820121127281217,0.11856839182290682,0.0,4.672226461059754,0.0,0.0,0.0,0.0,0.5104634738000521
2014-11-19,44.081735839319656,48.02834478556897,7.148726622842632,0.13139312720311658,0.0,0.0,0.0,0.0,0.0,0.0,0.6097996250656313
2014-11-20,45.195490965319316,49.266639934182265,0.0,0.15015423513259657,0.0,4.991654093332863,0.0,0.0,0.0,0.0,0.3960607720329581
2014-11-21,37.06085698380712,40.355397922088315,6.007792184342589,0.13764349049116595,10.737959847890247,4.041103593583658,0.1204356093272301,0.2813610812930514,0.0,0.0,1.2574492871766203
2014-11-24,41.98206729679352,45.72270540731609,6.802724263152013,0.16216349475559755,0.0,4.555300534579267,0.0,0.3147664870574676,0.0,0.0,0.46027251634605015
2014-11-25,0.0,78.79823208408327,11.705602962009815,0.2991254876217091,0.0,7.820634602885224,0.2947411217849155,0.5417386780046591,0.0,0.0,0.5399250636104193
2014-11-26,41.81097834025027,45.33584166020768,6.625713815383559,0.18259289870808468,0.0,4.428820575864726,0.16927323280043866,0.3113925242062839,0.23504644257253474,0.0,0.9003405100064228
2014-11-27,37.37866500219727,40.48934722460187,5.903604146235283,0.05334549756293691,10.774364330066511,3.8754524875549827,0.10639964896544458,0.2788845259952918,0.23840876572771996,0.0,0.9015283710926895
2014-11-28,41.78725662936449,45.358975530651435,6.652657237980508,0.0,0.0,4.324166495623637,0.10271789082565849,0.0,0.0,0.0,1.774226215554277
2014-12-01,0.0,97.54957892737491,0.0,0.0,0.0,0.0,0.0,0.0,0.0,0.0,2.450421072625099
2014-12-02,41.89877218505183,45.460090468591815,6.6697868066821,0.0,0.0,4.342479531973206,0.09816052765356778,0.0,0.0,0.0,1.5307104800474765
2014-12-03,42.41259604314418,45.974210766133915,6.745179858764713,0.0,0.0,4.384994530719281,0.09918577799036818,0.0,0.0,0.0,0.38383302324754437
2014-12-04,41.887743041605,45.40688857906503,6.657067980458462,0.0,0.0,4.322913599834275,0.0762347594476043,0.0,0.0,0.0,1.649152039589621
2014-12-05,45.1989742329237,48.97371775855756,0.0,0.0,0.0,4.659501522373125,0.0,0.0,0.0,0.0,1.1678064861456106
2014-12-08,43.92134268628901,47.586951579539324,6.978430561812273,0.0,0.0,0.0,0.0,0.0,0.0,0.0,1.513275172359389
2014-12-09,0.0,99.06850691482148,0.0,0.1302492047788066,0.0,0.0,0.0,0.6774650640828794,0.0,0.0,0.12377881631682608
2014-12-10,44.22521977036643,47.866130682845075,6.983209311978526,0.0,0.0,0.0,0.08016448230141213,0.32653256988144685,0.0,0.0,0.5187431826271054
2014-12-11,0.0,71.32804351529428,0.0,0.08664567661467265,18.95316492228433,6.750650092213653,0.11740284819244057,0.48602546763076343,0.425522812345423,0.0,1.8525446654244389
2014-12-12,47.38655849168749,51.113312590400504,0.0,0.06126208799248088,0.0,0.0,0.0,0.0,0.0,0.0,1.4388668299195244
2014-12-15,0.0,70.68429206813103,10.297257166111429,0.0,18.77673399589162,0.0,0.0,0.0,0.0,0.0,0.24171676986591822
2014-12-16,0.0,0.0,96.19552691790348,0.0,0.0,0.0,0.0,0.0,0.0,0.0,3.8044730820965142
2014-12-17,44.11456628509533,47.55520702408084,6.928364000424768,0.0,0.0,0.0,0.07805278077652512,0.0,0.0,0.0,1.3238099096225404
2014-12-18,44.56099602266521,48.01287288026778,6.996939741162256,0.0,0.0,0.0,0.07797836691911025,0.0,0.0,0.0,0.35121298898564585
2014-12-19,0.0,78.50325957293941,0.0,0.0,20.947140550761606,0.0,0.12258957294994852,0.0,0.0,0.0,0.42701030334903645
2014-12-22,48.07798137068012,51.72602843643135,0.0,0.0,0.0,0.0,0.0,0.0,0.0,0.0,0.19599019288852826
2014-12-23,0.0,86.49362779870582,12.664971917281992,0.10049475125615286,0.0,0.0,0.0,0.5834726970944902,0.0,0.0,0.15743283566154553
2014-12-29,0.0,86.73869626048916,12.7350255862494,0.1011325945533268,0.0,0.0,0.0,0.0,0.0,0.0,0.42514555870810317
2014-12-30,0.0,79.66964936297549,11.754824066745952,0.0932499162663712,0.0,7.558869476003831,0.0,0.5393857384781228,0.0,0.0,0.3840214395302276
2015-01-02,0.0,78.21356473300976,11.547803884951046,0.0957641768519529,0.0,7.421989322009134,0.0,0.0,0.0,0.0,2.7208778831781126
2015-01-05,0.0,79.29656816591167,11.718876475195176,0.09679356280795227,0.0,7.531779076554546,0.0,0.5339277867754623,0.0,0.0,0.8220549327552014
2015-01-06,0.0,85.79874620158502,12.88129814228153,0.10412250986822921,0.0,0.0,0.0,0.5689243068988634,0.0,0.0,0.6469088393663546
2015-01-07,44.38318837472369,47.68528263676603,7.175244531066123,0.05768032557513643,0.0,0.0,0.0,0.3145166219037522,0.0,0.0,0.38408750996526714
2015-01-08,44.498034461739785,47.869865974063664,7.1505961861008895,0.05803394197577465,0.0,0.0,0.07419633066351723,0.0,0.0,0.0,0.349273105456373
2015-01-09,42.45725969235521,45.694026048124236,6.806488145143819,0.05546339768391142,0.0,4.3099254124522135,0.07018387531621091,0.3001166624951397,0.0,0.0,0.3065367664292609
2015-01-12,0.0,0.0,92.9147864813418,0.7583330340360832,0.0,0.0,0.9437201450993069,4.120863412706964,0.0,0.0,1.2622969268158364
2015-01-13,0.0,86.21356891716404,12.816266783397737,0.10762482935067236,0.0,0.0,0.0,0.5799835052524049,0.0,0.0,0.28255596483514717
2015-01-14,44.464831571942916,47.853806313082984,7.066029033722611,0.0,0.0,0.0,0.0,0.3346041155649703,0.0,0.0,0.28072896568652483
2015-01-15,44.51724503090338,47.90942988853858,7.0741639615431176,0.0,0.0,0.0,0.07239237857952258,0.3348097854943056,0.0,0.0,0.0919589549410923
2015-01-16,0.0,85.23033297522566,12.584106599267361,0.0,0.0,0.0,0.0,0.0,0.0,0.0,2.1855604255069783
2015-01-19,0.0,0.0,0.0,0.0,0.0,0.0,0.0,0.0,0.0,0.0,99.99999999999999
2015-01-20,0.0,0.0,0.0,0.0,0.0,0.0,0.0,83.54218595281183,0.0,0.0,16.457814047188172
2015-01-21,44.071589788839496,47.377187883974216,6.936691351079949,0.05968998945696422,0.0,0.0,0.0,0.336093410201449,0.0,0.0,1.2187475764479212
2015-01-22,44.68408923159849,47.93927465253095,6.920603207980071,0.06048993442515266,0.0,0.0,0.07197756393416226,0.0,0.0,0.0,0.3235654095311765
2015-01-23,0.0,0.0,0.0,0.0,0.0,0.0,0.0,0.0,0.0,0.0,99.99999999999999
2015-01-26,0.0,0.0,83.59785774213815,0.7352647738220538,0.0,0.0,0.0,0.0,0.0,0.0,15.666877484039793
2015-01-27,0.0,0.0,52.72106847738769,0.4651962224800086,0.0,34.475544038535524,0.0,0.0,0.0,0.0,12.338191261596775
2015-01-28,0.0,0.0,0.0,0.0,73.90010120152998,26.099898798470022,0.0,0.0,0.0,0.0,0.0
2015-01-29,44.18430451892025,47.40637548045476,6.843002660896221,0.0,0.0,0.0,0.0,0.34085573117734197,0.0,0.0,1.2254616085514238
2015-01-30,39.69945728597902,42.555608992370445,6.086447243923668,0.05467882150913116,11.385947885601071,0.0,0.06373320334247277,0.0,0.0,0.0,0.154126567274191
2015-02-03,44.26380006169889,47.43203340294383,6.774811954720887,0.0,0.0,0.0,0.06958373049129736,0.0,0.0,0.0,1.4597708501450997
2015-02-04,47.34663989071976,50.68983243245232,0.0,0.0,0.0,0.0,0.07399467228237709,0.0,0.30470762342695384,0.0,1.5848253811185975
2015-02-05,48.19653481935071,51.59392014687965,0.0,0.0,0.0,0.0,0.07481939790248561,0.0,0.0,0.0,0.1347256358671577
2015-02-06,44.949059480689776,48.11172763107041,6.86959700801661,0.0,0.0,0.0,0.06958558063944983,0.0,0.0,0.0,3.029958375337132e-05
2015-02-09,39.2633833655428,42.03405170794488,6.002884374847371,0.0,11.251005833325637,0.0,0.06039285539115154,0.30879748533024787,0.0,0.0,1.0794843776179095
2015-02-11,0.0,0.0,0.0,36.473067588871615,0.0,0.0,0.0,0.0,0.0,0.0,63.52693241112839
2015-02-12,39.836650296342064,42.650495476197406,6.091995016222199,0.0,11.4182386804831,0.0,0.0,0.0,0.0,0.0,0.00262053075522373
2015-02-13,0.0,87.40451263135327,12.482768463429048,0.0,0.0,0.0,0.0,0.0,0.0,0.0,0.11271890521768343
2015-02-16,44.86741499795635,48.025470779810234,6.855879217970696,0.0,0.0,0.0,0.0,0.0,0.0,0.0,0.2512350042627225
2015-02-17,44.792139110854094,47.92570004525562,6.839453949083715,0.0636932999492648,0.0,0.0,0.06739316910355138,0.0,0.0,0.0,0.31162042575375976
2015-02-18,0.0,0.0,0.0,0.0,0.0,0.0,0.0,0.0,0.0,0.0,100.0
2015-02-23,38.117588111307356,40.7799205806643,5.812769204283011,0.05302312588210293,10.926921499605058,3.848549943064265,0.057062443114384694,0.3001778114023833,0.0,0.0,0.10398728067713428
2015-02-24,43.59536874986006,46.64119617232072,6.65208628666475,0.060019559333553824,0.0,0.0,0.06508103763730423,0.0,0.0,0.0,2.9862481941836165
2015-02-25,47.94696140696986,51.29160315918231,0.0,0.0,0.0,0.0,0.0,0.3771509504365211,0.0,0.0,0.38428448341130733
2015-02-26,44.77821617423574,47.9113841861678,6.838318821737597,0.0,0.0,0.0,0.0,0.3522059514139963,0.0,0.0,0.11987486644487327
2015-02-27,44.221588005390956,47.324389698716416,6.755005778749222,0.06081708431504055,0.0,0.0,0.0653184782473615,0.3475092113597825,0.0,0.0,1.2253717432212201
2015-03-02,47.943193891255326,51.31260077534171,0.0,0.0,0.0,0.0,0.07081168090035928,0.3753052793206355,0.0,0.0,0.2980883731819676
2015-03-03,99.20701845718386,0.0,0.0,0.0,0.0,0.0,0.0,0.7803366382776459,0.0,0.0,0.012644904538496492
2015-03-04,0.0,0.0,82.3096100423594,0.7702250535645262,0.0,0.0,0.0,0.0,0.0,0.0,16.920164904076078
2015-03-05,44.97355977567754,48.13767601359365,6.873263392850143,0.0,0.0,0.0,0.0,0.0,0.0,0.0,0.015500817878670635
2015-03-06,0.0,86.3730788581639,12.33743333250481,0.11631137197219814,0.0,0.0,0.0,0.6342687506509436,0.0,0.0,0.5389076867081647
2015-03-09,44.82879297541036,47.98537989514619,6.857785374170761,0.06517014629699569,0.0,0.0,0.0661253781048331,0.0,0.0,0.0,0.19674623087086782
2015-03-10,44.41020034557248,47.535325584666325,6.788744594238574,0.06620174908118433,0.0,0.0,0.0,0.0,0.0,0.0,1.1995277264414348
2015-03-11,84.20257252323697,0.0,12.834598219148383,0.12619404484396993,0.0,0.0,0.0,0.6799064663263955,0.0,0.0,2.1567287464442746
2015-03-12,39.38289219886293,42.174011218836334,6.002483078351489,0.06019310428831546,11.333516702947714,0.0,0.0,0.0,0.0,0.0,1.046903696713216
2015-03-13,39.35106526247958,42.136731128908494,6.015304867847573,0.0,11.33516842764542,0.0,0.0577688948960635,0.0,0.0,0.0,1.103961418222872
2015-03-16,44.85703748733278,48.01254599050384,6.857622540177105,0.06819581962369861,0.0,0.0,0.06501595993923782,0.0,0.0,0.0,0.13958220242333838
2015-03-17,44.91784355597774,48.07321586155468,6.865350507166493,0.0705124520763009,0.0,0.0,0.0,0.0,0.0,0.0,0.07307762322477866
2015-03-18,42.41383968292375,45.3940568491008,6.480420887962168,0.0,0.0,4.285348448359407,0.061472331920872286,0.0,0.0,0.0,1.364861799732996
2015-03-19,42.46707276580802,45.43231522060356,6.489300363555435,0.06839700251825255,0.0,4.285523189973492,0.0,0.0,0.0,0.0,1.2573914575412433
2015-03-20,42.22894287667541,45.26896253259351,6.462998845767999,0.06985111953684874,0.0,4.241195051708901,0.05998158440595706,0.3478400974223231,0.0,0.0,1.3202278918890407
2015-03-23,81.05992770837884,0.0,12.420944453852437,0.0,0.0,0.0,0.1145006122626078,0.6704731627554363,0.0,0.0,5.734154062750687
2015-03-24,41.86000717177781,44.89184287799178,6.415922704721449,0.0696136982543248,0.0,4.20289820170849,0.0,0.0,0.0,0.0,2.5597153455461488
2015-03-25,77.75125761503563,0.0,11.919745970010046,0.1297768285450978,0.0,7.804763903056341,0.10935160216913674,0.0,0.0,0.0,2.285104081183745
2015-03-26,42.63412214527496,45.7098480484545,6.5389806573977225,0.07124306202128597,0.0,4.274611829276447,0.059344770247523944,0.34591425539222936,0.0,0.0,0.36593523193534333
2015-03-27,42.7013488459272,45.780315699529424,6.546598277806175,0.0,0.0,4.27902951944805,0.0592652494502834,0.0,0.0,0.0,0.6334424078388632
2015-03-30,42.20345565570077,45.2353094151126,6.496732528212916,0.0,0.0,4.213310232376682,0.05782706764492668,0.3442271068122663,0.0,0.0,1.4491379941398368
2015-03-31,39.970248905661904,42.84474960576033,0.0,0.0,11.534439661260206,3.983549289848012,0.05452440360465734,0.3309766782805759,0.0,0.0,1.2815114555843141
2015-04-01,0.0,80.76850121100597,11.601214248242746,0.0,0.0,7.507994800941475,0.0,0.0,0.0,0.0,0.12228973980980429
2015-04-02,37.48609562968672,40.21089750992874,5.786893072243319,0.06424551693181424,10.83847376267164,3.7294462359230374,0.05078815604684562,0.31525400808095333,0.0,0.0,1.5179061084869223
2015-04-08,42.651442438625374,45.75361263899625,6.591565868311094,0.0,0.0,4.2397058154522655,0.05759135313445922,0.3639991383683493,0.0,0.0,0.34208274711220654
2015-04-09,37.990103281960344,40.73939074393084,5.8601654546544735,0.08605125582549718,10.999841697311263,3.7445310416106428,0.050920857553232245,0.32898678773376105,0.0,0.0,0.20000887941994566
2015-04-10,37.87428832351279,40.68219037725976,5.864201686647612,0.13296315565083894,11.062759019841991,3.6970512021299697,0.0050634803247595955,0.3372144547957896,0.0,0.0,0.3442682998364854
2015-04-13,37.89966649459638,40.731118025796405,5.887102619702857,0.08766411189679436,11.14456400182921,3.673019109138857,0.004599264160035843,0.3381856672148334,0.0,0.0,0.23408070566461753
2015-04-14,42.26576290186788,45.419725295915796,6.5675395046913065,0.09794252141301331,0.0,4.089973347037599,0.0,0.0,0.0,0.0,1.5590564290744027
2015-04-15,37.45823261482588,40.3034562448885,5.804656147180263,0.0,11.045554354548756,3.6119339693515005,0.004010021799106635,0.33833714078454385,0.0,0.0,1.433819506621446
2015-04-16,0.0,0.0,52.57173298027793,0.0,0.0,32.52967463482916,0.03211464085500548,3.0861939910511986,0.0,0.0,11.7802837529867
2015-04-17,0.0,79.705749138966,11.523732381675735,0.0,0.0,7.050482173363594,0.0,0.6866574426437676,0.5723236574465249,0.0,0.46105520590437693
2015-04-20,0.0,0.0,54.30754488168156,0.8045773702341257,0.0,33.17691315344109,0.0,0.0,0.0,0.0,11.71096459464322
2015-04-21,42.5700788816358,45.885619954687456,6.711394988504985,0.0,0.0,3.991066630147412,0.002182741502876001,0.40409735072315367,0.0,0.0,0.43555945279830866
2015-04-22,47.9470146453244,51.68372940996938,0.0,0.11050744663668666,0.0,0.0,0.0,0.0,0.0,0.0,0.25874849806953165
2015-04-23,84.2971578294075,0.0,13.291255004416708,0.0,0.0,0.0,0.004318734151072896,0.0,0.0,0.0,2.407268432024716
2015-04-24,0.0,67.78660418862862,9.952380725820976,0.14603137599621396,18.62209481007858,0.0,0.0,0.5958442596837115,0.0,0.0,2.8970446397918947
2015-04-27,37.804493668790364,40.819937132860645,5.987871087636696,0.12249011090328327,11.235384088077986,0.0,0.0,0.36188289468095086,0.0,0.0,3.66794101705008
2015-04-28,43.81586884360656,47.32705863077397,6.946456303939617,0.15112238978677683,0.0,0.0,0.0,0.4212022946306752,0.0,0.0,1.3382915372624005
2015-04-29,38.76743148431473,41.883742045849694,6.084656686900158,0.1530884567006384,11.576378169263208,0.0,0.0,0.36953471304322605,0.0,0.0,1.1651684439283456
2015-04-30,44.51899584854707,48.11672464955319,6.9958405087286595,0.17957346322507486,0.0,0.0,0.0,0.0,0.0,0.0,0.18886552994599975
2015-05-04,47.9340933300724,51.81753567189157,0.0,0.1953758797892316,0.0,0.0,0.0,0.0,0.0,0.0,0.052995118246807395
2015-05-05,42.564540396285814,46.022625205708344,6.707794801233273,0.0,0.0,3.9870435054410334,0.0,0.40663822433321684,0.0,0.0,0.3113578669983156
2015-05-06,42.56745804005068,46.09548146281037,6.706151896152759,0.17541911101584115,0.0,3.960468823568254,0.0,0.0,0.0,0.0,0.4950206664020882
2015-05-07,40.12199915953189,43.504475233195556,0.0,0.16496804346781316,12.01746867341777,3.682887223134037,0.0,0.3831446191033786,0.0,0.0,0.1250570481495533
2015-05-08,42.12383790474755,45.747941714822,6.645727465594903,0.1590644433017656,0.0,3.836342823024376,0.06745341235478582,0.0,0.0,0.0,1.419632236154618
2015-05-11,0.0,80.12035097944332,11.64666809660182,0.27640668025981285,0.0,6.717405537464616,0.0,0.7078766230059903,0.0,0.0,0.5312920832244394
2015-05-12,0.0,78.78415734370911,11.443273877205264,0.0,0.0,6.595448109949172,0.08792833409310435,0.6930063691342174,0.0,0.0,2.396185965909122
2015-05-13,45.24673673237718,49.338960396660376,0.0,0.22640297905511825,0.0,4.076348403455951,0.0,0.0,0.0,0.0,1.1115514884513775
2015-05-14,0.0,72.84971918229525,0.0,0.0,20.046640459746413,6.018906263055449,0.06133295870713592,0.6474836530615334,0.0,0.0,0.3759174831342239
2015-05-15,41.997982660199355,45.82721715895094,6.648754532991255,0.2106030437236299,0.0,3.7852958187552597,0.0,0.4116245738451647,0.0,0.0,1.1185222115344013
2015-05-18,45.47823407663724,49.64257649041466,0.0,0.0,0.0,4.096611466940322,0.0021207709476695276,0.44418156128835995,0.0,0.0,0.33627563377174086
2015-05-19,37.6086323206917,41.10646723999706,5.96408699488833,0.0,11.35657334683971,3.3900839158384004,0.0017038498218556828,0.3688192362100044,0.0,0.0,0.2036330957129451
2015-05-20,45.75405623310879,50.010293541674585,0.0,0.0,0.0,4.1248602280592195,0.09752496407736888,0.0,0.0,0.0,0.013265033080033831
2015-05-21,0.0,63.554025387359715,9.198851742804347,0.32120731207903996,17.605356097566098,5.233263346409286,0.0,0.0,0.0,0.0,4.087296113781508
2015-05-22,0.0,63.05279927428411,9.144751403213458,0.0,17.52539584782241,5.195363768354944,0.11989078201024804,0.5684103775323337,0.0,0.0,4.3933885467824965
2015-05-26,36.597402066917226,40.032334322332986,5.807505406558609,0.2269017813203681,11.116221365057905,3.2751283593316374,0.0,0.36385078915671343,0.0,0.0,2.5806559093245545
2015-05-27,0.0,82.02319955808571,11.908210940868978,0.4743079567233881,0.0,0.0,0.15438278432741134,0.7501895456435389,0.0,0.0,4.689709214350964
2015-05-28,37.550075532899704,41.10710161279391,5.974238504675644,0.0,11.427862975779068,3.3389520887756867,0.06382431295347753,0.0,0.0,0.0,0.5379449721225102
2015-05-29,42.100007663112194,46.12635271418533,6.703065464528696,0.0,0.0,3.7390200688766204,0.0,0.0,0.0,0.0,1.3315540892971602
2015-06-01,0.0,64.5685216378713,9.37053154799093,0.37329581428930664,17.96949525072176,5.23539119210223,0.09964407267440158,0.5907222353163941,0.0,0.0,1.792398249033677
2015-06-02,36.82349511343917,39.97443205431134,5.814285243335192,0.28844394048163846,11.260342287588196,3.3364940006683006,0.1098915376287739,0.37018939205899787,0.23948963547656765,0.0,1.78293679501181
2015-06-03,0.0,63.77509286764243,9.27330220663755,0.43702482153588645,17.964726067763685,5.322857831109158,0.24117340234864745,0.5921368324861531,0.0,0.0,2.393685970476495
2015-06-04,0.0,78.79907078768842,11.463086266105076,0.5264879817691716,0.0,6.5694867745398,0.2928069850770453,0.0,0.0,0.0,2.349061204820489
2015-06-05,0.0,80.50076368749149,11.679694859547505,0.5253741461912794,0.0,6.701584665659965,0.0,0.0,0.0,0.0,0.5925826411097641
2015-06-08,37.043110880251,40.242502145968416,5.841889580765191,0.2598306728733908,11.362047733525527,3.3324388418966864,0.0,0.3799186526704204,0.0,0.0,1.538261492049368
2015-06-09,41.654621334114914,45.299013936264046,6.577294025712072,0.2861969373938932,0.0,3.7151492730644136,0.16388869845902232,0.4432345233110282,0.0,0.0,1.8606012716806148
2015-06-10,37.608290097611466,40.91802979643997,5.943401739306889,0.0,11.547484013386718,3.3302210507520393,0.0,0.4065660559230102,0.0,0.0,0.24600724657991696
2015-06-11,0.0,64.7185817847765,9.401276341955707,0.40869696012050905,18.171889931406223,5.2471052438751435,0.0,0.0,0.0,0.0,2.052449737865913
2015-06-12,0.0,78.93594174615491,11.462766054255242,0.49811673025607855,0.0,6.3853516930409695,0.2806906092054591,0.0,0.0,0.0,2.4371331670873357
2015-06-15,0.0,65.70337327922708,9.519887424135247,0.0,18.401369508490678,5.299332820027541,0.15509981571397258,0.0,0.0,0.0,0.9209371524054873
2015-06-16,0.0,65.43534124644592,9.488521490755323,0.0,18.33718515402111,5.262966479440827,0.14839389984970103,0.6521264162231871,0.0,0.0,0.6754653132639417
2015-06-17,0.0,65.340390507108,9.47957315243256,0.4115651134626308,18.310585671663468,5.254558171140526,0.0,0.6498742413184042,0.0,0.0,0.5534531428744196
2015-06-18,0.0,78.33924141420987,11.379251928499523,0.493759413083022,0.0,6.302374786729538,0.280083179214755,0.7848161034791723,0.0,0.0,2.4204731747841244
2015-06-19,0.0,72.18092696252806,0.0,0.45175190270997584,20.280956909525884,5.804504133921489,0.25724713621196693,0.7238245992446433,0.0,0.0,0.300788355857985
2015-06-22,0.0,65.6666867312201,9.525239441571824,0.4094552689283701,18.503865855232988,5.2802898791486665,0.0,0.0,0.0,0.0,0.6144628238980661
2015-06-23,0.0,68.7177359044829,9.964063724423202,0.0,19.376953340670223,0.0,0.0,0.6919974484206319,0.4223575088296232,0.0,0.8268920731734324
2015-06-24,0.0,65.62596960101818,9.510793111656032,0.4066794353918446,18.530601163717666,5.274442448174811,0.0,0.0,0.0,0.0,0.6515142400414585
2015-06-26,0.0,65.45344017126199,9.488309165356968,0.4042179487430675,18.495377933162473,5.259118242263468,0.0,0.0,0.0,0.0,0.8995365392120314
2015-06-29,0.0,80.91650563619383,11.729904489630481,0.4991034904377873,0.0,6.501280289287177,0.0,0.0,0.0,0.0,0.3532060944507122
2015-06-30,0.0,0.0,73.40394633753645,3.1153727998788883,0.0,0.0,0.0,5.115705163166422,0.0,0.0,18.36497569941824
2015-07-02,0.0,84.58917227613001,12.249977945172237,0.0,0.0,0.0,0.0,0.8522215536564277,0.0,0.0,2.3086282250413124
2015-07-03,0.0,69.54505613190378,10.078472433764412,0.42766117217214056,19.6806628093161,0.0,0.0,0.0,0.0,0.0,0.26814745284356983
2015-07-06,0.0,84.12136250597342,12.191218959968865,0.5320450424498007,0.0,0.0,0.0,0.8491567732084105,0.0,0.0,2.306216718399512
2015-07-07,0.0,68.74592836783859,9.931013499898336,0.4371943549273034,19.53702140275515,0.0,0.0,0.6913191908349615,0.0,0.0,0.6575231837456564
2015-07-08,37.134274159528005,40.379038824456096,5.831666790460037,0.0,11.528984672382956,3.24112562370625,0.0,0.4068519345199303,0.0,0.0,1.4780579949467256
2015-07-09,0.0,67.7744780899523,9.787911319683822,0.42989175597726165,19.378512483047817,0.0,0.0,0.6842419211136813,0.0,0.0,1.9449644302251203
2015-07-10,38.36832205393572,41.924668572747095,6.069371676404421,0.2585215789328394,12.32713061264314,0.0,0.0,0.4256177282226834,0.0,0.0,0.6263677771141006
2015-07-13,36.962279851468146,40.37882368568489,5.847844780022619,0.24652829900030146,11.890969597905691,3.245538287885936,0.08588338664604928,0.41434058783042993,0.0,0.0,0.9277915235559331
2015-07-14,38.30048678599593,41.8449714284188,6.059275787041777,0.25562516513627537,12.317764729393572,0.0,0.08872107923685914,0.0,0.0,0.0,1.1331550247767834
2015-07-15,40.97920710486428,44.80973819952572,0.0,0.270277036629855,13.23004129053771,0.0,0.0,0.45892178185081123,0.0,0.0,0.25181458659162975
2015-07-16,0.0,0.0,0.0,28.47927426328341,0.0,0.0,0.0,48.56911508949344,0.0,0.0,22.951610647223156
2015-07-20,0.0,84.83741476699095,12.282877947248338,0.47699921273338136,0.0,0.0,0.0,0.0,0.0,0.0,2.4027080730273385
2015-07-21,0.0,97.69268177086035,0.0,0.5303164063415461,0.0,0.0,0.0,1.0006518075098125,0.0,0.0,0.776350015288293
2015-07-22,0.0,0.0,0.0,25.75721644453324,0.0,0.0,0.0,48.37124230212038,0.0,0.0,25.87154125334638
2015-07-23,0.0,86.95696092748682,12.589664042472965,0.0,0.0,0.0,0.0,0.0,0.0,0.0,0.4533750300402247
2015-07-24,0.0,86.2293118469181,12.480939825119234,0.44795637988660053,0.0,0.0,0.0,0.0,0.0,0.0,0.8417919480760637
2015-07-27,44.21870896208861,48.36636465220746,7.005726797645739,0.0,0.0,0.0,0.0,0.0,0.0,0.0,0.40919958805818357
2015-07-28,0.0,86.93567423647761,12.589671293616883,0.0,0.0,0.0,0.0,0.0,0.0,0.0,0.4746544699055003
2015-07-29,0.0,86.33533214288343,12.49386385575795,0.0,0.0,0.0,0.30199519327734337,0.0,0.0,0.0,0.8688088080812739
2015-07-30,0.0,84.32801417725048,12.19455852716351,0.4413104850967586,0.0,0.0,0.2853822269561618,0.0,0.0,0.0,2.750734583533084
2015-07-31,0.0,67.44390153453321,9.766018691474155,0.3502064593891298,19.84157425543315,0.0,0.22222784628519043,0.0,0.0,0.0,2.3760712128851624
2015-08-03,0.0,69.24312517678804,10.027846472575517,0.0,20.345182500379416,0.0,0.0,0.0,0.0,0.0,0.3838458502570167
2015-08-04,0.0,66.92713990667266,9.700556052852185,0.3432594105291858,19.55659077460966,0.0,0.21120709047432903,0.6891910320753063,0.0,0.0,2.5720557327866795
2015-08-05,0.0,75.17005612253217,0.0,0.24351179033871226,21.816710901913336,0.0,0.0,0.0,0.0,0.0,2.7697211852157704
2015-08-06,0.0,69.07773860457648,10.024673075889813,0.22448283714452616,19.951990038159785,0.0,0.21760096663402526,0.0,0.0,0.0,0.5035144775953733
2015-08-07,40.80543886424508,44.78108934209023,0.0,0.14590048227237848,12.898211267522495,0.0,0.13696261513316424,0.4655908531419876,0.0,0.0,0.7668065755946625
2015-08-10,38.4091330693315,42.16626067397119,6.124331055456665,0.13713139295893434,12.037240415174253,0.0,0.12863466960777914,0.4432524693631652,0.0,0.0,0.5540162541365135
2015-08-11,43.87844197693869,48.21881462433383,7.002585292540835,0.0,0.0,0.0,0.12284951506066166,0.5051208957535415,0.0,0.0,0.2721876953724404
2015-08-12,0.0,0.0,95.47023106472354,0.0,0.0,0.0,1.4768052581403637,0.0,0.0,0.0,3.0529636771361033
2015-08-13,0.0,85.07522727030567,12.346331583336804,0.0,0.0,0.0,0.0,0.8796564791014936,0.5225686722572174,0.0,1.1762159949988087
2015-08-14,0.0,0.0,97.09045382515467,0.0,0.0,0.0,2.215037451930396,0.0,0.0,0.0,0.6945087229149336
2015-08-17,0.0,0.0,76.36005194494606,0.0,0.0,0.0,1.6529919061472338,5.538873760547597,3.252306365803448,0.0,13.19577602255566
2015-08-18,43.297003483678715,47.55553712813847,6.87676239402747,0.0,0.0,0.0,0.19390953714855816,0.4953796849360486,0.29229355521176775,0.0,1.2891142168589735
2015-08-19,38.62325152738663,42.410014238335094,6.129791908456149,0.0,12.107231937011369,0.0,0.0,0.43525265551545833,0.0,0.0,0.2944577332953016
2015-08-20,0.0,99.55835340377187,0.0,0.0,0.0,0.0,0.21437181885953774,0.0,0.0,0.0,0.22727477736859397
2015-08-21,0.0,99.55787750346794,0.0,0.0,0.0,0.0,0.2105396679213357,0.0,0.0,0.0,0.2315828286107388
2015-08-24,0.0,69.2404383890018,10.030024754883774,0.0,19.765501927709312,0.0,0.0,0.0,0.0,0.0,0.9640349284051263
2015-08-25,0.0,85.06937858947701,12.32353408798698,0.2773198173550354,0.0,0.0,0.0,0.8828107549115711,0.0,0.0,1.4469567502694052
2015-08-26,43.476289425606055,47.56263246488983,6.850536163810101,0.12545803617654305,0.0,0.0,0.1882032739925461,0.4988594443241874,0.2923040524062372,0.0,1.005717138794503
2015-08-27,47.150069177721655,51.56082258073188,0.0,0.0,0.0,0.0,0.10756029048995999,0.535885175374145,0.0,0.0,0.6456627756823582
2015-08-28,97.03315895385167,0.0,0.0,0.0,0.0,0.0,0.4256423821401168,0.0,0.0,0.0,2.541198664008209
2015-08-31,41.267005416619995,45.127042901708684,0.0,0.0,12.897796299387764,0.0,0.15595352883266514,0.0,0.0,0.0,0.5522018534508919
2015-09-01,38.66305975643784,42.277576883371616,6.091629388157352,0.0,12.083085562117494,0.0,0.0,0.44144024458860004,0.0,0.0,0.4432081653270973
2015-09-02,0.0,0.0,0.0,0.0,0.0,0.0,0.0,55.275890165320426,0.0,0.0,44.72410983467957
2015-09-04,38.55951500495524,42.12244363326516,6.0672055929083495,0.0,12.037194383693448,0.0,0.0,0.4381539606992261,0.2590030224930817,0.0,0.5164844019855018
2015-09-07,47.34984342186724,51.55734095151192,0.0,0.0,0.0,0.0,0.0,0.5343480323999555,0.3169409068370608,0.0,0.24152668738382038
2015-09-08,37.50216773803889,40.78903403762922,5.878721454481372,0.0,11.655746197433494,3.27399154480678,0.0,0.41780748150524155,0.24918182363284888,0.0,0.23334972247214494
2015-09-09,45.73826763838159,49.69192374758715,0.0,0.0,0.0,3.9881546090635362,0.0,0.0,0.0,0.0,0.5816540049677219
2015-09-10,45.6062065606565,49.48947303340073,0.0,0.0,0.0,3.969245842450387,0.0,0.0,0.3025049025647982,0.0,0.6325696609275866
2015-09-11,0.0,0.0,0.0,0.0,0.0,0.0,82.9242425552395,0.0,0.0,0.0,17.075757444760498
2015-09-14,47.86921542375614,51.931601147571826,0.0,0.0,0.0,0.0,0.0,0.0,0.0,0.0,0.1991834286720282
2015-09-15,0.0,0.0,0.0,0.0,0.0,0.0,0.0,0.0,0.0,0.0,100.0
2015-09-16,0.0,99.7999144788309,0.0,0.0,0.0,0.0,0.0,0.0,0.0,0.0,0.20008552116910586
2015-09-17,37.79587340630633,38.96275531207146,5.909298802484376,0.0,13.735898606181285,3.290776590411832,0.0,0.0,0.0,0.0,0.30539728254472653
2015-09-18,45.564691031322184,46.960732269749535,7.128102497877309,0.0,0.0,0.0,0.15069052627434756,0.0,0.0,0.0,0.19578367477662917
2015-09-21,84.19928466630994,0.0,13.180237492249836,0.0,0.0,0.0,0.2616008986440659,0.0,0.0,0.0,2.3588769427961562
2015-09-22,42.94147760559823,44.28832852736173,6.708407840662847,0.11607939000232849,0.0,3.7433343368024383,0.12275606749872812,0.5058736291007133,0.0,0.0,1.5737426029729855
2015-09-23,45.51089632024822,46.90272817988684,7.105613553055805,0.11750953562483146,0.0,0.0,0.12774087763153216,0.0,0.0,0.0,0.2355115335527678
2015-09-24,48.893893149399304,50.36683922092694,0.0,0.0,0.0,0.0,0.0,0.5725583050933761,0.0,0.0,0.16670932458038495
2015-09-25,46.89331381866374,48.28472732159071,0.0,0.0,0.0,4.081432375091725,0.0,0.5304825589346794,0.0,0.0,0.21004392571914166
2015-09-29,0.0,89.98396891953932,0.0,0.0,0.0,7.605062222992387,0.0,0.0,0.0,0.0,2.4109688574682884
2015-09-30,45.691307341191795,47.09103374707438,7.133898305188346,0.0,0.0,0.0,0.0,0.0,0.0,0.0,0.0837606065454796
2015-10-02,39.0044662110307,40.19858643405286,6.089493169133387,0.0,14.168247617918247,0.0,0.0,0.0,0.25859066590232027,0.0,0.2806159019624813
2015-10-05,48.83281793316427,50.3343651871898,0.0,0.0,0.0,0.0,0.0,0.5576779016375765,0.0,0.0,0.2751389780083412
2015-10-06,85.33655020172986,0.0,13.330714991915341,0.0,0.0,0.0,0.0,0.9790092731737686,0.0,0.0,0.35372553318103084
2015-10-07,99.38277238134042,0.0,0.0,0.0,0.0,0.0,0.24453824440395525,0.0,0.0,0.0,0.37268937425562654
2015-10-08,45.28980978592778,46.75651669724315,7.072680527206414,0.0,0.0,0.0,0.037427932394581184,0.5228190631708368,0.0,0.0,0.32074599405723614
2015-10-09,0.0,85.71756093356767,12.960260170485519,0.0,0.0,0.0,0.0672159902402671,0.951026275926764,0.0,0.0,0.303936629779779
2015-10-12,38.8681640017554,40.178826494170984,6.068397938697194,0.0,14.095888826790484,0.0,0.0,0.45289885470719043,0.0,0.0,0.33582388387874174
2015-10-13,47.94358040632257,49.56637967454408,0.0,0.0,0.0,0.0,0.0,0.5574718691163242,0.0,0.0,1.9325680500170304
2015-10-14,0.0,0.0,93.06534873508028,0.0,0.0,0.0,0.0,6.924676707770735,0.0,0.0,0.009974557148988289
2015-10-16,0.0,98.02716118165549,0.0,0.0,0.0,0.0,0.07590443834700976,1.0984736404848066,0.0,0.0,0.7984607395127026
2015-10-19,48.59870546966663,50.204417355576446,0.0,0.0,0.0,0.0,0.10791360888691758,0.5628522495505671,0.3222711568076934,0.0,0.20384015951174567
2015-10-20,99.13547927358975,0.0,0.0,0.0,0.0,0.0,0.0,0.0,0.6571813441792985,0.0,0.20733938223094356
2015-10-22,0.0,0.0,0.0,0.0,0.0,0.0,0.0,0.0,59.63308150877463,0.0,40.36691849122536
2015-10-27,43.46542837336445,44.89766791957076,6.7862334292898225,0.0,0.0,3.767948767792769,0.09639186443225914,0.5099862076623556,0.0,0.0,0.47634343788758104
2015-10-28,45.341265394223655,46.83941506842644,7.07352146502324,0.0,0.0,0.0,0.10036387553577034,0.5338997951507637,0.0,0.0,0.11153440164012891
2015-10-29,45.19027024040294,46.732777142252736,7.059230524113016,0.0,0.0,0.0,0.10012832639283378,0.534920046599619,0.0,0.0,0.38267372023886037
2015-10-30,43.609011449918725,45.09744677053486,6.81365207246757,0.0,0.0,3.784003649410584,0.0,0.5151963005043353,0.0,0.0,0.18068975716392777
2015-11-02,90.85802115554667,0.0,0.0,0.0,0.0,7.882813697161563,0.0,1.0656987517488157,0.0,0.0,0.19346639554295889
2015-11-03,0.0,99.73390124596426,0.0,0.0,0.0,0.0,0.0,0.0,0.0,0.0,0.2660987540357374
2015-11-04,48.40687568453676,50.16702987381246,0.0,0.12488760524003834,0.0,0.0,0.0,0.5669752868621383,0.0,0.0,0.7342315495486029
2015-11-06,0.0,99.7356643758226,0.0,0.0,0.0,0.0,0.0,0.0,0.0,0.0,0.2643356241774069
2015-11-10,49.01865276378506,50.77933394746154,0.0,0.0,0.0,0.0,0.0,0.0,0.0,0.0,0.20201328875340366
2015-11-11,0.0,97.29037165692719,0.0,0.0,0.0,0.0,0.0,1.1037472351820479,0.5976828364004061,0.0,1.0081982714903424
2015-11-12,0.0,86.25826872180643,13.048764051539157,0.0,0.0,0.0,0.0,0.0,0.5191068882783286,0.0,0.1738603383760792
2015-11-16,0.0,0.0,95.7698299567307,1.596558993608676,0.0,0.0,1.3512249238610887,0.0,0.0,0.0,1.282386125799531
2015-11-18,45.25750784889748,47.035329940353826,7.472186535297324,0.0,0.0,0.0,0.0,0.0,0.0,0.0,0.2349756754513715
2015-11-19,0.0,0.0,93.14138425993751,0.0,0.0,0.0,0.0,6.639724278988529,0.0,0.0,0.2188914610739598
2015-11-20,85.28770044569391,0.0,14.129297609378897,0.0,0.0,0.0,0.0,0.0,0.0,0.0,0.5830019449271925
2015-11-23,0.0,0.0,0.0,0.0,0.0,0.0,51.17704306769903,0.0,0.0,0.0,48.82295693230097
2015-11-24,44.97287181578493,46.77208537974056,7.513552244993912,0.0,0.0,0.0,0.09871015071689444,0.5292221283762331,0.0,0.0,0.11355828038747681
2015-11-26,45.28271603930037,47.10342187821076,7.578938837401697,0.0,0.0,0.0,0.0,0.0,0.0,0.0,0.034923245087176216
2015-11-27,0.0,0.0,91.08017152228253,1.430099877156831,0.0,0.0,0.0,6.410798409901934,0.0,0.0,1.0789301906587132
2015-11-30,79.39477261752143,0.0,13.572229459071306,0.0,0.0,6.957742571501885,0.0,0.0,0.0,0.0,0.07525535190538943
2015-12-01,85.24775643031853,0.0,14.59216099919039,0.0,0.0,0.0,0.0,0.0,0.0,0.0,0.1600825704910763
2015-12-02,45.07208415702561,47.117527211152435,7.8103886318219535,0.0,0.0,0.0,0.0,0.0,0.0,0.0,0.0
2015-12-04,84.83574188607173,0.0,15.126025781211231,0.0,0.0,0.0,0.0,0.0,0.0,0.0,0.03823233271704873
2015-12-07,0.0,0.0,95.95775591112915,0.0,0.0,0.0,1.1921570923790303,0.0,0.0,0.0,2.8500869964918243
2015-12-09,0.0,0.0,0.0,0.0,0.0,96.6762726288551,0.0,0.0,0.0,0.0,3.323727371144901
2015-12-10,0.0,0.0,0.0,0.0,0.0,0.0,49.64108090427754,0.0,0.0,0.0,50.35891909572246
2015-12-14,0.0,0.0,99.85159687088581,0.0,0.0,0.0,0.0,0.0,0.0,0.0,0.1484031291141795
2015-12-15,0.0,0.0,0.0,0.0,79.07770554535519,18.973687572693052,0.9299392127696288,0.0,0.0,0.0,1.0186676691821237
2015-12-16,0.0,61.32778316152333,10.398779197353015,0.15422826259064512,21.52065559032199,5.164271631984,0.23986840664913128,0.6968879920445984,0.0,0.0,0.497525757533295
2015-12-17,0.0,0.0,95.249255515395,0.0,0.0,0.0,2.158180571677748,0.0,0.0,0.0,2.592563912927251
2015-12-18,0.0,0.0,61.135745840873504,0.9084243608315818,0.0,30.38057152979368,1.0665431716193285,4.148263391122414,0.0,0.0,2.3604517057594947
2015-12-21,0.0,0.0,90.16283084343519,1.3572433864864353,0.0,0.0,0.0,6.140521993650092,0.0,0.0,2.339403776428276
2015-12-22,0.0,0.0,90.47718040571033,1.3676362406059654,0.0,0.0,0.0,6.147342189245707,0.0,0.0,2.0078411644379943
2015-12-23,0.0,0.0,0.0,0.0,0.0,0.0,68.44208082229008,0.0,0.0,0.0,31.55791917770993
2015-12-28,0.0,0.0,0.0,0.0,0.0,0.0,54.981956455712385,0.0,0.0,0.0,45.018043544287615
2015-12-29,0.0,67.5277959058024,0.0,32.47220409419761,0.0,0.0,0.0,0.0,0.0,0.0,0.0
2015-12-30,0.0,39.503348650208814,0.0,60.496651349791186,0.0,0.0,0.0,0.0,0.0,0.0,0.0
2016-01-04,0.0,0.0,0.0,0.0,0.0,0.0,14.092741557247706,73.91996764853637,0.0,0.0,11.987290794215925
2016-01-07,0.0,0.0,0.0,99.95258882677552,0.0,0.0,0.0,0.0,0.0,0.0,0.0474111732244743
2016-01-11,0.0,0.0,0.0,0.0,0.0,0.0,0.0,0.0,0.0,0.0,100.0
2016-01-12,0.0,99.91640213816541,0.0,0.0,0.0,0.0,0.0,0.0,0.0,0.0,0.08359786183457805
2016-01-14,0.0,0.0,0.0,0.0,0.0,0.0,84.28673050178237,0.0,0.0,0.0,15.713269498217624
2016-01-18,0.0,26.10696902816441,14.33761564833039,51.409977571070506,0.0,0.0,7.744080818070645,0.0,0.0,0.0,0.4013569343640492
2016-01-19,0.0,33.03246015668038,0.0,65.0697403746775,0.0,0.0,0.0,1.240200867221816,0.0,0.0,0.6575986014202981
2016-01-20,44.24338856556827,14.300936513038545,7.855987839986911,28.164167781128423,0.0,0.0,4.178627419492717,0.0,0.0,0.0,1.2568918807851384
2016-01-21,0.0,0.0,0.0,83.42050432743457,0.0,0.0,12.381684937967835,0.0,0.0,0.0,4.197810734597595
2016-01-22,0.0,72.43269720497963,0.0,0.0,0.0,0.0,21.642412585164962,0.0,0.0,0.0,5.924890209855405
2016-01-25,0.0,72.0927979510297,0.0,0.0,0.0,0.0,21.06656715567797,0.0,0.0,0.0,6.840634893292334
2016-01-26,0.0,51.392531214871404,28.247599814832565,0.0,0.0,0.0,15.017446882578533,0.0,0.0,0.0,5.342422087717491
2016-01-27,0.0,0.0,0.0,0.0,0.0,0.0,99.9998458075876,0.0,0.0,0.0,0.00015419241239403897
2016-02-01,0.0,25.78132964518975,14.150339866700119,50.753216491785416,0.0,7.012488153669437,0.0,0.0,0.0,0.0,2.30262584265528
2016-02-02,70.7857734691215,22.90887368810528,0.0,0.0,0.0,6.177081157955345,0.0,0.0,0.0,0.0,0.12827168481788437
2016-02-03,0.0,78.69149078443843,0.0,0.0,0.0,21.223941404582543,0.0,0.0,0.0,0.0,0.08456781097902953
2016-02-04,0.0,0.0,0.0,87.55307282256345,0.0,11.984138533433656,0.0,0.0,0.0,0.0,0.46278864400289077
2016-02-05,0.0,0.0,21.551299414346854,77.30993411254158,0.0,0.0,0.0,0.0,0.0,0.0,1.1387664731115636
2016-02-11,0.0,0.0,0.0,0.0,0.0,0.0,0.0,55.02286714330581,0.0,0.0,44.97713285669418
2016-02-15,0.0,0.0,91.52888039922462,0.0,0.0,0.0,0.0,6.260908805307912,0.0,0.0,2.21021079546747
2016-02-16,0.0,27.399516266896562,15.03004039653873,53.941477834037286,0.0,0.0,0.0,1.0301347101622114,0.0,0.0,2.5988307923652036
2016-02-17,0.0,28.38395337714383,15.572477923358788,55.88727053167939,0.0,0.0,0.0,0.0,0.0,0.0,0.15629816781798794
2016-02-18,0.0,76.5015911651168,0.0,0.0,0.0,0.0,22.728987044409347,0.0,0.0,0.0,0.7694217904738385
2016-02-19,50.634824159528705,16.350839459191008,0.0,32.19645527278697,0.0,0.0,0.0,0.6140999999151462,0.0,0.0,0.2037811085781726
2016-02-22,75.60000195091402,24.399113900510915,0.0,0.0,0.0,0.0,0.0,0.0,0.0,0.0,0.0008841485750658071
2016-02-23,0.0,33.11452573295618,0.0,65.28907877491554,0.0,0.0,0.0,1.2653655067928309,0.0,0.0,0.3310299853354546
2016-02-26,0.0,45.87401677400248,0.0,0.0,52.39672618529122,0.0,0.0,1.728803355768356,0.0,0.0,0.0004536849379504184
2016-02-29,0.0,99.99604434004725,0.0,0.0,0.0,0.0,0.0,0.0,0.0,0.0,0.003955659952747005
2016-03-01,0.0,28.108258934629955,15.444344180371639,55.39452617399757,0.0,0.0,0.0,1.0528707110008377,0.0,0.0,0.0
2016-03-03,0.0,0.0,99.23727242235805,0.0,0.0,0.0,0.0,0.0,0.0,0.0,0.7627275776419519
2016-03-04,0.0,62.78254108775019,34.494963907724674,0.0,0.0,0.0,0.0,2.3444691568680525,0.0,0.0,0.3780258476570904
2016-03-07,0.0,33.02655022900551,0.0,65.08017897289427,0.0,0.0,0.0,1.2274150985061612,0.0,0.0,0.6658556995940558
2016-03-08,83.69396742603176,0.0,14.853081486270895,0.0,0.0,0.0,0.0,0.9850456956962836,0.0,0.0,0.4679053920010595
2016-03-09,0.0,0.0,0.0,0.0,0.0,0.0,0.0,0.0,0.0,0.0,100.0
2016-03-11,0.0,0.0,0.0,0.0,0.0,0.0,0.0,0.0,0.0,0.0,100.0
2016-03-14,0.0,95.64344496757846,0.0,0.0,0.0,0.0,0.0,3.4757220661886135,0.0,0.0,0.8808329662329231
2016-03-15,0.0,33.12275011424129,0.0,65.24094886236358,0.0,0.0,0.0,1.2014094829066615,0.0,0.0,0.4348915404884626
2016-03-16,0.0,0.0,99.00581049954403,0.0,0.0,0.0,0.0,0.0,0.0,0.0,0.9941895004559729
2016-03-17,0.0,63.872119872142854,35.08033361494945,0.0,0.0,0.0,0.0,0.0,0.0,0.0,1.0475465129076924
2016-03-18,0.0,77.77330790586674,0.0,0.0,0.0,20.988629758205025,0.0,0.0,0.0,0.0,1.238062335928225
2016-03-21,0.0,95.81064247846555,0.0,0.0,0.0,0.0,0.0,3.440294993963991,0.0,0.0,0.749062527570447
2016-03-22,0.0,73.88777330770675,0.0,0.0,0.0,0.0,21.907337242857192,2.6481040855085367,0.0,0.0,1.5567853639275253
2016-03-23,0.0,73.48806564690085,0.0,0.0,0.0,0.0,21.670816976852326,2.622087528401703,0.0,0.0,2.2190298478451265
2016-03-24,0.0,62.264639569921044,34.159895855984956,0.0,0.0,0.0,0.0,2.2289901287622147,0.0,0.0,1.3464744453317827
2016-03-29,0.0,98.53043094431308,0.0,0.0,0.0,0.0,0.0,0.0,0.0,0.0,1.469569055686918
2016-03-30,0.0,59.43119750517245,32.641229872165205,0.0,0.0,0.0,0.0,2.1656531749288015,0.0,0.0,5.76191944773354
2016-03-31,0.0,0.0,0.0,0.0,73.41346808252767,0.0,18.702998039616194,2.3485075910841102,0.0,0.0,5.5350262867720295
2016-04-01,0.0,0.0,0.0,0.0,0.0,0.0,0.0,70.2596686325173,0.0,0.0,29.740331367482693
2016-04-07,75.25252656116953,24.374485702375917,0.0,0.0,0.0,0.0,0.0,0.0,0.0,0.0,0.37298773645455774
2016-04-08,0.0,64.54861228091264,35.38026152413828,0.0,0.0,0.0,0.0,0.0,0.0,0.0,0.0711261949490834
2016-04-11,0.0,64.00023086924152,35.331315768589405,0.0,0.0,0.0,0.0,0.0,0.0,0.0,0.6684533621690709
2016-04-12,0.0,98.99493408315597,0.0,0.0,0.0,0.0,0.0,0.0,0.0,0.0,1.0050659168440264
2016-04-13,0.0,0.0,21.85115432671503,77.72105207852674,0.0,0.0,0.0,0.0,0.0,0.0,0.42779359475822354
2016-04-14,62.565653011925235,20.27111583670174,11.191030369709125,0.0,0.0,0.0,5.95117810914591,0.0,0.0,0.0,0.02102267251798872
2016-04-15,0.0,0.0,0.0,0.0,0.0,0.0,97.765076187179,0.0,0.0,0.0,2.2349238128209876
2016-04-18,75.19073049322832,24.363739768529317,0.0,0.0,0.0,0.0,0.0,0.0,0.0,0.0,0.4455297382423653
2016-04-19,0.0,61.73750732763189,32.69129636442851,0.0,0.0,0.0,0.0,0.0,0.0,4.810667353810218,0.76052895412938
2016-04-20,0.0,98.78105734922639,0.0,0.0,0.0,0.0,0.0,0.0,0.0,0.0,1.2189426507736179
2016-04-21,66.08282750071976,22.05364802980798,11.390999224787915,0.0,0.0,0.0,0.0,0.0,0.0,0.0,0.47252524468434853
2016-04-25,0.0,78.94354729880881,0.0,0.0,0.0,20.65709299242253,0.0,0.0,0.0,0.0,0.3993597087686677
2016-04-26,0.0,0.0,99.96968623971316,0.0,0.0,0.0,0.0,0.0,0.0,0.0,0.030313760286850823
2016-04-27,0.0,0.0,0.0,0.0,0.0,0.0,0.0,0.0,80.59615164450106,0.0,19.403848355498937
2016-05-03,62.11233745881658,20.81232001634304,10.709232963719064,0.0,0.0,0.0,5.928829961033828,0.0,0.0,0.0,0.4372796000874911
2016-05-04,0.0,65.8573061044014,33.78264467398527,0.0,0.0,0.0,0.0,0.0,0.0,0.0,0.3600492216133335
2016-05-05,0.0,34.44423156864468,0.0,65.53494553084312,0.0,0.0,0.0,0.0,0.0,0.0,0.02082290051220565
2016-05-06,0.0,66.09837570763571,33.90162429236428,0.0,0.0,0.0,0.0,0.0,0.0,0.0,0.0
2016-05-09,0.0,0.0,0.0,0.0,0.0,96.66669898223833,0.0,0.0,0.0,0.0,3.333301017761673
2016-05-10,0.0,0.0,90.33790440638046,0.0,0.0,0.0,0.0,6.244173344028141,0.0,0.0,3.417922249591407
2016-05-11,74.74618595474954,25.069014374641323,0.0,0.0,0.0,0.0,0.0,0.0,0.0,0.0,0.18479967060914665
2016-05-13,0.0,72.24070526416416,0.0,0.0,0.0,0.0,20.308115047272114,0.0,0.0,5.534511374750843,1.916668313812875
2016-05-16,0.0,65.52031914037141,33.56315910893886,0.0,0.0,0.0,0.0,0.0,0.0,0.0,0.9165217506897255
2016-05-17,0.0,88.81746691061645,0.0,0.0,0.0,0.0,0.0,3.132991198091511,0.0,6.780560585277623,1.2689813060144184
2016-05-18,0.0,28.64345357774883,14.636329603091628,54.30309773819112,0.0,0.0,0.0,0.0,0.0,2.1862567833085786,0.2308622976598526
2016-05-19,0.0,0.0,0.0,0.0,0.0,0.0,98.27782444520186,0.0,0.0,0.0,1.7221755547981419
2016-05-20,0.0,29.24604689777743,14.941924737836754,55.44553111086674,0.0,0.0,0.0,0.0,0.0,0.0,0.36649725351907647
2016-05-23,85.2110987172205,0.0,14.661156661390825,0.0,0.0,0.0,0.0,0.0,0.0,0.0,0.12774462138867732
2016-05-24,0.0,65.77633357479694,33.61230193116385,0.0,0.0,0.0,0.0,0.0,0.0,0.0,0.6113644940392078
2016-05-27,91.28295938141245,0.0,0.0,0.0,0.0,0.0,8.552779841640946,0.0,0.0,0.0,0.1642607769465997
2016-06-01,74.5269956121268,25.09214839228926,0.0,0.0,0.0,0.0,0.0,0.0,0.0,0.0,0.3808559955839481
2016-06-02,64.92712691483042,21.861896424495917,11.17924183652846,0.0,0.0,0.0,0.0,0.0,0.0,1.6723280945984773,0.35940672954672315
2016-06-03,74.69392264003618,25.152008267312276,0.0,0.0,0.0,0.0,0.0,0.0,0.0,0.0,0.15406909265154473
2016-06-06,74.4279260740315,25.0664351927617,0.0,0.0,0.0,0.0,0.0,0.0,0.0,0.0,0.5056387332067943
2016-06-07,58.83259746086122,19.87227327975144,10.14268682142764,0.0,0.0,5.166730432583571,5.515378095346037,0.0,0.0,0.0,0.4703339100300914
2016-06-08,0.0,0.0,0.0,0.0,0.0,47.77438880861526,50.86391486466382,0.0,0.0,0.0,1.3616963267209223
2016-06-10,88.79564154807674,0.0,0.0,0.0,0.0,0.0,8.32690695062754,0.0,0.0,2.2929554203646707,0.5844960809310448
2016-06-13,0.0,0.0,0.0,0.0,0.0,0.0,0.0,0.0,0.0,0.0,99.99999999999999
2016-06-14,0.0,0.0,0.0,0.0,0.0,0.0,0.0,0.0,0.0,0.0,100.0
2016-06-15,0.0,0.0,0.0,0.0,0.0,0.0,0.0,0.0,0.0,0.0,100.00000000000001
2016-06-16,0.0,0.0,0.0,0.0,0.0,44.02988575416875,47.64008542402719,5.987558248651718,0.0,0.0,2.3424705731523403
2016-06-17,0.0,0.0,0.0,0.0,0.0,47.09868150094334,50.77666275656579,0.0,0.0,0.0,2.1246557424908716
2016-06-20,0.0,30.39949715099435,0.0,57.543967810661066,0.0,7.895027167565842,0.0,1.0762287939726174,0.0,2.320607559072119,0.7646715177340102
2016-06-21,61.37394818679294,20.7525208267775,10.609622163777432,0.0,0.0,5.4047185473896056,0.0,0.7375825179747529,0.5610714624250733,0.0,0.5605362948627013
2016-06-22,0.0,65.16749559224509,33.204361564085694,0.0,0.0,0.0,0.0,0.0,1.5038960491932636,0.0,0.12424679447594388
2016-06-23,73.87124495041047,25.140301078264258,0.0,0.0,0.0,0.0,0.0,0.0,0.5545183650731171,0.0,0.43393560625215877
2016-06-24,47.23286284121658,16.12586246881185,0.0,30.279691179415067,0.0,0.0,4.479546312998934,0.0,0.2937732155699197,1.2221023209693054,0.36616166101834663
2016-06-27,0.0,34.406830549503844,0.0,64.60439610816161,0.0,0.0,0.0,0.0,0.6270113768564892,0.0,0.3617619654780562
2016-06-28,0.0,62.65609911132395,31.64995090388359,0.0,0.0,0.0,0.0,0.0,0.0,4.7420006869586375,0.9519492978338213
2016-07-04,0.0,95.79585719539564,0.0,0.0,0.0,0.0,0.0,0.0,1.6967084670599337,0.0,2.507434337544431
2016-07-05,72.77057932061662,24.866346650855263,0.0,0.0,0.0,0.0,0.0,0.0,0.42153727113611383,1.8827638578976822,0.05877289949432902
2016-07-06,0.0,0.0,0.0,0.0,0.0,0.0,0.0,0.0,0.0,0.0,100.0
2016-07-07,0.0,0.0,0.0,0.0,0.0,0.0,0.0,31.55606224474063,0.0,67.79203810222641,0.6518996530329512
2016-07-08,0.0,0.0,0.0,0.0,0.0,0.0,0.0,26.947089205318786,12.493668124622172,57.36175401454003,3.197488655519008
2016-07-11,64.71155486555358,18.647871023234767,16.124735573826076,0.0,0.0,0.0,0.0,0.0,0.36915607109012605,0.0,0.14668246629544793
2016-07-12,0.0,0.0,0.0,0.0,0.0,0.0,0.0,0.0,0.0,83.00717083627556,16.992829163724444
2016-07-13,0.0,0.0,96.11341890504728,0.0,0.0,0.0,0.0,0.0,0.0,0.0,3.8865810949527098
2016-07-14,0.0,23.243458328387927,0.0,73.66949676589559,0.0,0.0,0.0,0.0,0.0,2.71764369234903,0.3694012133674479
2016-07-15,0.0,0.0,0.0,0.0,0.0,0.0,0.0,0.0,87.18148947118154,0.0,12.818510528818464
2016-07-18,0.0,0.0,0.0,0.0,0.0,0.0,0.0,98.89799876575862,0.0,0.0,1.1020012342413823
2016-07-19,0.0,0.0,0.0,0.0,0.0,0.0,0.0,76.60552837564087,0.0,0.0,23.394471624359127
2016-07-20,0.0,39.66899277363603,43.747662938712786,0.0,0.0,15.580281176011532,0.0,0.0,0.9554672503506376,0.0,0.047595861289012394
2016-07-21,0.0,69.46507127269193,0.0,0.0,0.0,0.0,29.26222058993579,0.0,0.0,0.0,1.2727081373722728
2016-07-22,59.61293880209123,10.998649164205263,0.0,23.842408331643014,0.0,0.0,4.686596787143978,0.6017198144222452,0.0,0.0,0.25768710049426785
2016-07-25,0.0,22.43121084813891,24.744463454101002,48.623408921231764,0.0,0.0,0.0,1.2286797005800103,0.0,2.6116339443995127,0.36060313154880064
2016-07-26,0.0,0.0,0.0,0.0,0.0,0.0,0.0,0.0,0.0,93.29898638270464,6.701013617295362
2016-07-27,0.0,0.0,0.0,0.0,0.0,0.0,0.0,0.0,0.0,0.0,100.0
2016-07-28,0.0,44.98643191398145,49.646343764447145,0.0,0.0,0.0,0.0,0.0,0.0,5.236892071399554,0.1303322501718564
2016-07-29,0.0,44.29707682731601,48.88347570103739,0.0,0.0,0.0,0.0,0.0,1.06323462794338,5.148936922520858,0.6072759211823603
2016-08-01,0.0,99.8440234644168,0.0,0.0,0.0,0.0,0.0,0.0,0.0,0.0,0.15597653558321592
2016-08-03,0.0,43.372308924832005,47.905202833015096,0.0,0.0,0.0,0.0,2.3575468582802026,0.0,5.0127419162746625,1.3521994675980387
2016-08-05,0.0,92.93687873855474,0.0,0.0,0.0,0.0,0.0,5.014405005372418,0.0,0.0,2.0487162560728467
2016-08-08,0.0,0.0,93.81006889278991,0.0,0.0,0.0,0.0,4.588226652633132,0.0,0.0,1.6017044545769599
2016-08-09,0.0,0.0,98.0195087330053,0.0,0.0,0.0,0.0,0.0,0.0,0.0,1.9804912669947123
2016-08-10,0.0,0.0,67.8581573568198,0.0,0.0,0.0,26.399796731001164,3.3386566713864076,1.4795379688615056,0.0,0.9238512719311152
2016-08-12,0.0,0.0,70.66381052067263,0.0,0.0,0.0,27.494187642394678,0.0,0.0,0.0,1.8420018369326936
2016-08-15,0.0,0.0,0.0,0.0,0.0,0.0,0.0,0.0,0.0,0.0,100.0
2016-08-16,0.0,0.0,98.04843355774516,0.0,0.0,0.0,0.0,0.0,0.0,0.0,1.951566442254835
2016-08-18,0.0,0.0,0.0,0.0,0.0,0.0,0.0,32.011927753903706,0.0,67.9880722460963,0.0
2016-08-19,0.0,0.0,98.96556058787523,0.0,0.0,0.0,0.0,0.0,0.0,0.0,1.0344394121247695
2016-08-22,0.0,63.7730697961097,0.0,0.0,0.0,0.0,26.877487509266285,0.0,0.0,7.353028200503023,1.9964144941209805
2016-08-23,0.0,0.0,33.481913253193056,0.0,50.89807285934367,0.0,12.833535253948114,1.6573304245045921,0.0,0.0,1.12914820901057
2016-08-24,67.41117424727639,12.43230765758491,13.653473091415966,0.0,0.0,0.0,5.296274715312462,0.6807470335099125,0.0,0.0,0.5260232549003491
2016-08-25,77.06032073333822,0.0,15.599402669952116,0.0,0.0,0.0,6.0796921363091005,0.7816049071998017,0.0,0.0,0.47897955320076
2016-08-26,66.88972986332318,12.34368310192125,13.536002764438859,0.0,0.0,0.0,5.278235261814624,0.0,0.29591204676937444,1.4251065475684404,0.23133041416427458
2016-08-29,66.57707414982312,12.288100799001478,13.477237287864147,0.0,0.0,0.0,5.254990880614855,0.6732727996233151,0.0,1.419013088649311,0.3103109944237658
2016-08-30,83.89454862462867,15.484415910076132,0.0,0.0,0.0,0.0,0.0,0.0,0.0,0.0,0.6210354652951919
2016-08-31,0.0,60.719329430664814,0.0,0.0,0.0,0.0,25.966460293015803,3.280080270192525,1.4552625468307576,7.0294832503320785,1.5493842089640233
2016-09-01,76.970244849171,0.0,15.575829919505004,0.0,0.0,0.0,6.077265809809198,0.7708482488190119,0.0,0.0,0.605811172695788
2016-09-02,0.0,47.344348413523804,51.882499647487876,0.0,0.0,0.0,0.0,0.0,0.0,0.0,0.7731519389883229
2016-09-05,0.0,46.52516252741789,50.94292607785701,0.0,0.0,0.0,0.0,2.5319113947251006,0.0,0.0,0.0
2016-09-06,0.0,20.264252085481445,22.23318276820319,44.02772973461597,0.0,0.0,8.68146176868256,1.1078477233016724,0.48636945952872823,2.352256229692922,0.8469002304935186
2016-09-07,84.08618446868469,15.4967961684857,0.0,0.0,0.0,0.0,0.0,0.0,0.37180156444098056,0.0,0.045217798388632956
2016-09-08,52.3655613216377,9.65505118013566,10.620935562380422,20.954085597724887,0.0,0.0,4.135893041234744,0.5296971297762705,0.2540186257122773,1.1188628686220683,0.3658946727759729
2016-09-09,83.11851361094344,0.0,16.85557907203022,0.0,0.0,0.0,0.0,0.0,0.0,0.0,0.02590731702634619
2016-09-12,53.232384753554726,9.818980996558503,10.798126086571038,21.30401907869857,0.0,0.0,4.188497287894073,0.5384866077163742,0.0,0.0,0.11950518900671586
2016-09-13,0.0,0.0,0.0,0.0,0.0,0.0,99.41718912983681,0.0,0.0,0.0,0.5828108701631851
2016-09-14,0.0,0.0,0.0,0.0,0.0,0.0,0.0,0.0,0.0,0.0,100.0
2016-09-15,0.0,98.1072234807909,0.0,0.0,0.0,0.0,0.0,0.0,0.0,0.0,1.8927765192090902
2016-09-19,0.0,47.3597839289312,52.095655657737595,0.0,0.0,0.0,0.0,0.0,0.0,0.0,0.5445604133312032
2016-09-20,0.0,15.243538396277815,16.764617174416436,33.0958798364779,25.528964368231915,0.0,6.53248055327286,0.8394723305163561,0.0,1.7674269436073304,0.22762039719938434
2016-09-21,0.0,23.006425144568706,25.34862236336648,0.0,38.63533854249482,0.0,9.735901025946585,1.2731312324629933,0.5983177844640145,0.0,1.4022639066963989
2016-09-22,0.0,38.555720707087694,42.49919927662134,0.0,0.0,0.0,16.500785030246643,0.0,1.0001786027881465,0.0,1.4441163832561754
2016-09-23,0.0,31.70215391471266,34.98510224591927,0.0,0.0,12.740745314497627,13.43920775691102,1.7697051205762024,0.8163674781267671,3.6891214584107246,0.8575967108457196
2016-09-26,0.0,94.51822565796748,0.0,0.0,0.0,0.0,0.0,5.28596281442982,0.0,0.0,0.19581152760270382
2016-09-27,0.0,21.022748503417443,23.31956130350634,45.976339135553744,0.0,8.474677616625163,0.0,0.0,0.0,0.0,1.206673440897307
2016-09-28,0.0,30.8308423170132,0.0,67.43607637998619,0.0,0.0,0.0,1.728729370202812,0.0,0.0,0.004351932797801891
2016-09-29,0.0,22.848270090004227,25.350659789217968,50.00263945862601,0.0,0.0,0.0,1.2799787679019596,0.0,0.0,0.5184518942498421
2016-09-30,0.0,18.524116729447307,0.0,40.57635783975274,31.305843572520935,7.478096236650281,0.0,1.0350250025876202,0.0,0.0,1.080560619041115
2016-10-03,53.41165841901835,9.755066707771412,10.845124811517241,0.0,16.50327095101708,3.9415917740592104,4.158178862992617,0.5474892866612291,0.0,0.0,0.8376191869628675
2016-10-05,0.0,21.132827477698083,23.521402186967492,46.37015244983855,0.0,8.544766680180887,0.0,0.0,0.0,0.0,0.4308512053149901
2016-10-06,53.51657513647978,9.748744338371116,10.89796296720447,0.0,16.54395181854402,3.9500291056583827,4.1641610573594825,0.5492177557132109,0.0,0.0,0.6293578206695334
2016-10-07,47.78759104128395,0.0,9.746411174599698,19.16953891729486,14.793728816193699,3.5322800853875633,3.719919423715333,0.49655735129785,0.0,0.0,0.7539731902270381
2016-10-11,0.0,69.3889372850987,0.0,0.0,0.0,0.0,29.608421207594116,0.0,0.0,0.0,1.0026415073071788
2016-10-13,0.0,90.11958891106917,0.0,0.0,0.0,0.0,0.0,0.0,0.0,0.0,9.880411088930826
2016-10-14,0.0,0.0,0.0,94.49406440572491,0.0,0.0,0.0,0.0,0.0,5.041270154611138,0.46466543966395796
2016-10-17,0.0,24.869075049269227,0.0,59.44434261272213,0.0,0.0,11.53372586755275,0.0,0.0,3.1715429659544707,0.981313504501413
2016-10-18,0.0,27.853194598459076,0.0,66.55401254232082,0.0,0.0,0.0,1.7061935830010748,0.0,3.5535633837663103,0.3330358924527194
2016-10-19,0.0,0.0,85.84168252455297,0.0,0.0,0.0,0.0,4.292518194788548,0.0,9.02043742603878,0.8453618546197055
2016-10-20,0.0,98.82789995869109,0.0,0.0,0.0,0.0,0.0,0.0,0.0,0.0,1.1721000413089067
2016-10-24,68.89010853373351,11.565708002909874,14.056629555294597,0.0,0.0,5.092521758354512,0.0,0.0,0.0,0.0,0.395032149707516
2016-10-25,0.0,96.36784491251402,0.0,0.0,0.0,0.0,0.0,0.0,2.724067118975103,0.0,0.9080879685108709
2016-10-26,60.4273536438146,10.140226856162403,0.0,24.248552764879143,0.0,4.467512699739709,0.0,0.0,0.3698532972411393,0.0,0.3465007381630071
2016-10-27,99.42604089021091,0.0,0.0,0.0,0.0,0.0,0.0,0.0,0.0,0.0,0.5739591097890848
2016-10-28,0.0,0.0,0.0,0.0,0.0,0.0,0.0,0.0,0.0,98.9838420979844,1.016157902015611
2016-10-31,98.98802329102418,0.0,0.0,0.0,0.0,0.0,0.0,1.011976708975828,0.0,0.0,0.0
2016-11-02,85.45079742643486,14.34236031212682,0.0,0.0,0.0,0.0,0.0,0.0,0.0,0.0,0.20684226143832135
2016-11-03,0.0,0.0,99.83492611778073,0.0,0.0,0.0,0.0,0.0,0.0,0.0,0.16507388221926356
2016-11-04,0.0,19.304757295893783,23.45243787080496,46.15735526287031,0.0,8.50359699647302,0.0,0.0,0.0,2.4609615910367175,0.12089098292121428
2016-11-07,0.0,29.357238807550267,0.0,70.1861421842899,0.0,0.0,0.0,0.0,0.0,0.0,0.4566190081598311
2016-11-11,0.0,0.0,99.25017083158974,0.0,0.0,0.0,0.0,0.0,0.0,0.0,0.7498291684102585
2016-11-14,59.77218622176629,10.041757016386544,0.0,24.004791002655075,0.0,4.421478152477878,0.0,0.0,0.0,1.2798169294446895,0.47997067726952786
2016-11-15,68.16992680626322,11.453374811311615,13.915806073064974,0.0,0.0,5.042271092104638,0.0,0.6974441700331281,0.0,0.0,0.7211770472224182
2016-11-16,0.0,66.49258908083623,0.0,0.0,0.0,0.0,31.51114873469224,0.0,0.0,0.0,1.9962621844715276
2016-11-17,25.621726749850186,8.658315338741698,10.52841772950097,46.617170656776814,0.0,3.8121188683477,4.011084674710631,0.5273950189107894,0.0,0.0,0.22377096316121384
2016-11-18,0.0,44.926239670604225,54.59521075614684,0.0,0.0,0.0,0.0,0.0,0.0,0.0,0.4785495732489383
2016-11-22,0.0,44.838575878809806,54.46309724818915,0.0,0.0,0.0,0.0,0.0,0.0,0.0,0.6983268730010401
2016-11-28,0.0,36.08500827348716,43.8343880826633,0.0,0.0,15.888186497673248,0.0,2.209225331111174,0.0,0.0,1.9831918150651042
2016-11-29,0.0,0.0,0.0,0.0,0.0,94.626311747266,0.0,0.0,0.0,0.0,5.373688252733996
2016-11-30,0.0,0.0,67.59430565881026,0.0,0.0,24.487832390675738,0.0,0.0,0.0,7.098024054090564,0.8198378964234323
2016-12-01,0.0,35.656973404604244,43.3153691587848,0.0,0.0,15.695381336776332,0.0,0.0,0.0,4.551838206779284,0.7804378930553493
2016-12-02,94.31021823782484,0.0,0.0,0.0,0.0,0.0,0.0,0.0,0.0,4.067773614264065,1.6220081479110946
2016-12-05,0.0,12.306545196671347,14.956038573415062,66.36221931448222,0.0,5.4209667641542305,0.0,0.7518975546608031,0.0,0.0,0.20233259661633832
2016-12-06,0.0,44.55570687609986,54.146888581424854,0.0,0.0,0.0,0.0,0.0,0.0,0.0,1.2974045424752871
2016-12-07,70.62093170353269,0.0,28.948223814709877,0.0,0.0,0.0,0.0,0.0,0.0,0.0,0.43084448175743423
2016-12-08,0.0,0.0,99.7011490019468,0.0,0.0,0.0,0.0,0.0,0.0,0.0,0.2988509980532057
2016-12-09,62.31172503589121,0.0,25.581407059239375,0.0,0.0,9.278374990951184,0.0,0.0,0.0,0.0,2.828492913918231
2016-12-12,0.0,98.37079307109407,0.0,0.0,0.0,0.0,0.0,0.0,0.0,0.0,1.6292069289059388
2016-12-13,70.3241767131948,0.0,28.85239039749028,0.0,0.0,0.0,0.0,0.0,0.0,0.0,0.8234328893149133
2016-12-14,0.0,60.84871052058762,0.0,0.0,0.0,26.79948536380324,0.0,3.71331740229048,0.0,0.0,8.63848671331866
2016-12-15,99.6305479925442,0.0,0.0,0.0,0.0,0.0,0.0,0.0,0.0,0.0,0.3694520074558081
2016-12-16,44.891501997353295,0.0,18.393239981291927,0.0,28.00289394661068,6.67573497058317,0.0,0.0,0.0,0.0,2.0366291041609323
2016-12-19,24.24640397808479,0.0,9.921602382157554,44.13851988109405,15.119900766615466,3.604405398946437,0.0,0.5040179542686023,0.0,1.044800477420283,1.4203491614128205
2016-12-20,67.88715407091182,0.0,27.714242619537284,0.0,0.0,0.0,0.0,1.4205739932374994,0.0,0.0,2.9780293163133913
2016-12-21,35.31263520854836,0.0,0.0,64.25165785228218,0.0,0.0,0.0,0.0,0.4357069391694647,0.0,0.0
2016-12-22,80.79790282388784,0.0,0.0,0.0,0.0,12.002484502968194,0.0,0.0,0.0,3.480049200633719,3.719563472510257
2016-12-30,65.79962197819282,22.197132711255733,0.0,0.0,0.0,0.0,10.298658527509549,1.3751894929162303,0.0,0.0,0.3293972901256814
2017-01-05,0.0,99.46018010892008,0.0,0.0,0.0,0.0,0.0,0.0,0.0,0.0,0.5398198910799208
2017-01-09,0.0,0.0,0.0,0.0,0.0,0.0,0.0,78.53011926526484,0.0,0.0,21.46988073473516
2017-01-10,66.63294799044289,22.47865156430106,0.0,0.0,0.0,0.0,10.42916141367285,0.0,0.0,0.0,0.45923903158320845
2017-01-11,97.88448566849497,0.0,0.0,0.0,0.0,0.0,0.0,2.037603217189447,0.0,0.0,0.07791111431556964
2017-01-12,99.79379222207358,0.0,0.0,0.0,0.0,0.0,0.0,0.0,0.0,0.0,0.20620777792643066
2017-01-13,99.70408420064277,0.0,0.0,0.0,0.0,0.0,0.0,0.0,0.0,0.0,0.29591579935724094
2017-01-16,0.0,0.0,0.0,0.0,0.0,0.0,0.0,0.0,0.0,0.0,100.0
2017-01-17,31.642986269417623,10.67699801853342,0.0,57.574605345819855,0.0,0.0,0.0,0.0,0.0,0.0,0.10541036622911425
2017-01-18,58.617537877243166,0.0,0.0,0.0,41.382462122756834,0.0,0.0,0.0,0.0,0.0,0.0
2017-01-19,0.0,0.0,0.0,0.0,0.0,0.0,0.0,0.0,0.0,0.0,100.0
2017-01-20,0.0,0.0,0.0,99.72733041143039,0.0,0.0,0.0,0.0,0.0,0.0,0.272669588569618
2017-01-25,0.0,0.0,0.0,0.0,0.0,0.0,0.0,0.0,0.0,0.0,100.0
2017-02-03,73.45040699535106,26.050754732648723,0.0,0.0,0.0,0.0,0.0,0.0,0.0,0.0,0.4988382720002117
2017-02-06,96.96130427067075,0.0,0.0,0.0,0.0,0.0,0.0,2.122640650562627,0.0,0.0,0.9160550787666187
2017-02-07,65.87878535421854,23.374508103528555,0.0,0.0,0.0,10.296768999686092,0.0,0.0,0.0,0.0,0.4499375425668082
2017-02-08,0.0,94.06916473987211,0.0,0.0,0.0,0.0,0.0,5.809529209815195,0.0,0.0,0.12130605031269694
2017-02-09,0.0,98.56530102329396,0.0,0.0,0.0,0.0,0.0,0.0,0.0,0.0,1.4346989767060343
2017-02-10,0.0,0.0,0.0,0.0,0.0,0.0,0.0,0.0,0.0,0.0,100.0
2017-02-13,63.24344684107022,22.463936573914374,0.0,0.0,0.0,9.896485979578323,0.0,0.0,0.0,2.871759528785229,1.5243710766518577
2017-02-14,67.50662807488983,0.0,29.03178807191309,0.0,0.0,0.0,0.0,0.0,0.0,3.065341612706844,0.3962422404902363
2017-02-15,71.31346322542119,25.252312764707668,0.0,0.0,0.0,0.0,0.0,0.0,0.0,3.3323945394446177,0.10182947042652044
2017-02-16,55.976666756257075,19.823432486394125,24.082647295982092,0.0,0.0,0.0,0.0,0.0,0.0,0.0,0.11725346136670617
2017-02-17,71.30732965261787,25.268103316288865,0.0,0.0,0.0,0.0,0.0,1.565442667569356,0.0,0.0,1.8591243635239139
2017-02-20,55.40080680531319,19.65062485545642,23.856275251520426,0.0,0.0,0.0,0.0,0.0,0.7157205423931677,0.0,0.37657254531679885
2017-02-21,68.79063010523188,0.0,29.645230252240594,0.0,0.0,0.0,0.0,1.5165558399885808,0.0,0.0,0.047583802538944134
2017-02-22,55.98860685697561,19.870930234405318,24.140462908619075,0.0,0.0,0.0,0.0,0.0,0.0,0.0,0.0
2017-02-23,69.84205508836003,0.0,30.130387069292254,0.0,0.0,0.0,0.0,0.0,0.0,0.0,0.027557842347710252
2017-02-24,55.78975214568152,19.813663394675434,24.086545491727687,0.0,0.0,0.0,0.0,0.0,0.0,0.0,0.31003896791536834
2017-02-27,69.7641876098848,0.0,30.137292660846693,0.0,0.0,0.0,0.0,0.0,0.0,0.0,0.09851972926851071
2017-02-28,29.315997497915948,0.0,12.694729311879597,56.40745911936056,0.0,0.0,0.0,0.0,0.0,1.3731637708130549,0.20865030003084262
2017-03-01,0.0,0.0,88.82929147761108,0.0,0.0,0.0,0.0,0.0,0.0,9.589900298060535,1.5808082243283812
2017-03-02,58.15938520436639,0.0,0.0,0.0,41.38185318317057,0.0,0.0,0.0,0.0,0.0,0.45876161246304265
2017-03-03,0.0,0.0,0.0,99.99743199775988,0.0,0.0,0.0,0.0,0.0,0.0,0.002568002240119714
2017-03-06,0.0,44.70493239014901,54.44403959955181,0.0,0.0,0.0,0.0,0.0,0.0,0.0,0.8510280102991878
2017-03-07,0.0,0.0,0.0,0.0,0.0,0.0,0.0,0.0,0.0,96.47207269049305,3.5279273095069494
2017-03-08,50.93798044011613,18.151529065122883,22.075482966571702,0.0,0.0,8.010464608924254,0.0,0.0,0.0,0.0,0.8245429192650332
2017-03-09,0.0,0.0,0.0,0.0,0.0,0.0,0.0,95.13867264741319,0.0,0.0,4.861327352586817
2017-03-13,60.767241825318685,0.0,26.360797878769553,0.0,0.0,9.559126286235399,0.0,0.0,0.0,2.8490068278733314,0.46382718180303556
2017-03-14,0.0,0.0,0.0,0.0,0.0,0.0,0.0,0.0,0.0,0.0,100.0
2017-03-15,0.0,0.0,95.16243473609572,0.0,0.0,0.0,0.0,4.837565263904283,0.0,0.0,0.0
2017-03-16,0.0,0.0,0.0,0.0,0.0,0.0,0.0,0.0,0.0,0.0,100.0
2017-03-17,0.0,98.01750485289362,0.0,0.0,0.0,0.0,0.0,0.0,0.0,0.0,1.9824951471063832
2017-03-20,49.4805157245928,17.646946532771665,21.470796611816375,0.0,0.0,7.788253240061118,0.0,0.0,0.573513691945594,2.321419675091287,0.7185545237211636
2017-03-21,0.0,0.0,0.0,0.0,0.0,0.0,0.0,0.0,0.0,0.0,100.0
2017-03-22,50.43663366286012,17.99218537250368,21.893599037193106,0.0,0.0,7.942124348272486,0.0,1.1401661433212926,0.0,0.0,0.5952914358493184
2017-03-23,69.39738319243716,0.0,30.147300550287664,0.0,0.0,0.0,0.0,0.0,0.0,0.0,0.45531625727517866
2017-03-28,60.825579080680484,0.0,26.48610883517405,0.0,0.0,9.586933696638475,0.0,0.0,0.0,2.8623946323640403,0.23898375514294745
2017-03-29,48.69599951880208,17.396100433394157,21.23914085826533,0.0,0.0,7.680450316541632,0.0,1.1032915292517018,0.0,2.289619666628562,1.5953976771165383
2017-03-30,44.25970522620784,15.778573239172896,0.0,0.0,31.60107667166458,6.975171866370735,0.0,0.9787751080185,0.0,0.0,0.4066978885654471
2017-04-03,28.83617865191006,10.24053231426254,0.0,55.62813382590485,0.0,4.539218886343603,0.0,0.6304391064478719,0.0,0.0,0.12549721513108011
2017-04-05,0.0,0.0,72.82622171079099,0.0,0.0,26.32709054174796,0.0,0.0,0.0,0.0,0.8466877474610426
2017-04-06,49.49011692158194,17.416388000065638,21.476471775393296,0.0,0.0,7.767989116230327,0.0,1.0715848534411048,0.0,2.3186062151271423,0.45884311816055523
2017-04-07,0.0,75.91633443328556,0.0,0.0,0.0,0.0,0.0,0.0,0.0,0.0,24.08366556671444
2017-04-10,86.00177871476217,0.0,0.0,0.0,0.0,13.500324606061378,0.0,0.0,0.0,0.0,0.4978966791764553
2017-04-11,0.0,0.0,0.0,0.0,0.0,69.86282373987885,0.0,0.0,5.437510942502484,20.853640057500968,3.846025260117708
2017-04-12,0.0,0.0,0.0,0.0,0.0,0.0,0.0,0.0,0.0,0.0,0.0
2017-04-13,0.0,0.0,0.0,0.0,0.0,0.0,0.0,0.0,0.0,77.18501772264705,22.814982277352946
2017-04-18,0.0,0.0,0.0,0.0,0.0,0.0,0.0,0.0,0.0,0.0,100.0
2017-04-19,89.94014620185878,0.0,0.0,0.0,0.0,0.0,0.0,0.0,0.0,0.0,10.059853798141217
2017-04-20,0.0,0.0,0.0,0.0,0.0,0.0,0.0,29.710010642241823,0.0,64.26755461514036,6.022434742617825
2017-04-21,0.0,0.0,97.5909302083666,0.0,0.0,0.0,0.0,0.0,0.0,0.0,2.409069791633397
2017-04-24,80.2949032962829,0.0,0.0,0.0,0.0,12.610972110757753,0.0,1.7411430529413137,0.0,3.761337650585456,1.591643889432582
2017-04-26,0.0,0.0,0.0,0.0,0.0,93.55608609190104,0.0,0.0,0.0,0.0,6.443913908098967
2017-04-27,0.0,0.0,0.0,0.0,0.0,0.0,0.0,98.00686870045917,0.0,0.0,1.993131299540828
2017-04-28,0.0,99.57688667883787,0.0,0.0,0.0,0.0,0.0,0.0,0.0,0.0,0.4231133211621314
2017-05-02,27.382727323219097,0.0,0.0,52.917743159201656,19.665870599777143,0.0,0.0,0.0,0.0,0.0,0.0336589178020977
2017-05-04,0.0,36.73936841944832,45.30989115177431,0.0,0.0,16.316160345360117,0.0,0.0,0.0,0.0,1.634580083417258
2017-05-05,0.0,65.06064299985397,0.0,0.0,0.0,25.554707441031272,0.0,0.0,0.0,7.71370876434212,1.670940794772633
2017-05-08,0.0,52.887518858985075,0.0,0.0,0.0,20.643544202663044,22.13122244329077,2.9132830025808065,0.0,0.0,1.4244314924803088
2017-05-09,0.0,70.88089455681161,0.0,0.0,0.0,27.53969859087147,0.0,0.0,0.0,0.0,1.579406852316915
2017-05-10,0.0,40.013735964773865,43.84370516241294,0.0,0.0,15.510924673057328,0.0,0.0,0.0,0.0,0.6316341997558647
2017-05-11,0.0,38.8398540125497,42.86432562442789,0.0,0.0,14.941008980277907,0.0,2.1349140165128766,0.0,0.0,1.2198973662316221
2017-05-12,0.0,59.84368447654336,0.0,0.0,0.0,22.932153139076664,0.0,0.0,0.0,0.0,17.224162384379976
2017-05-15,0.0,0.0,0.0,92.19767285364954,0.0,7.1611721142410945,0.0,0.0,0.0,0.0,0.6411550321093643
2017-05-16,45.22612930060312,18.006383361640367,19.867462680180193,0.0,0.0,6.749515432899211,7.511931488863801,0.0,0.0,2.125903758839586,0.5126739769737234
2017-05-17,0.0,38.15322086456486,42.106039861184854,0.0,0.0,14.281342147826553,0.0,0.0,0.0,4.5080876115846396,0.9513095148390939
2017-05-18,0.0,36.26616048820653,40.00996183966213,0.0,0.0,13.490193764601182,0.0,1.994837488618582,1.116303290501673,4.309367915564846,2.813175212845048
2017-05-19,0.0,15.507336853181089,0.0,75.35798207305679,0.0,5.757417432630571,0.0,0.0,0.47878936835350444,1.844530118459823,1.0539441543182315
2017-05-22,0.0,40.12311054491947,44.295990595867494,0.0,0.0,14.829084935435008,0.0,0.0,0.0,0.0,0.7518139237780268
2017-05-23,0.0,0.0,17.103707502159406,75.18730389363247,0.0,5.701261755400107,0.0,0.0,0.0,1.8404281999148941,0.16729864889312326
2017-05-24,0.0,13.495744292242732,14.901245618677288,65.49022622024984,0.0,4.929102765973501,0.0,0.7526494593042863,0.0,0.0,0.43103164355235357
2017-05-25,0.0,39.93856140918448,44.09362419636837,0.0,0.0,14.474552267561597,0.0,0.0,0.0,0.0,1.4932621268855568
2017-05-26,58.02775655167364,23.12054125390402,0.0,0.0,0.0,8.346664648683717,9.63434819082132,0.0,0.0,0.0,0.8706893549173058
2017-05-29,0.0,0.0,74.91918134691838,0.0,0.0,24.454333423599017,0.0,0.0,0.0,0.0,0.6264852294826104
2017-05-31,62.2748568258376,24.80821353586899,0.0,0.0,0.0,8.823489309185566,0.0,0.0,0.0,2.9502857902969133,1.1431545388109268
2017-06-01,25.32730719847879,10.036595321647514,11.127270243824347,48.86006879101518,0.0,3.5605420750387156,0.0,0.5622647895722334,0.0,0.0,0.5259515804232224
2017-06-02,58.67041454374565,23.195615457551042,0.0,0.0,0.0,8.245230730431786,9.718611885239964,0.0,0.0,0.0,0.1701273830315572
2017-06-05,50.58208265893298,20.005676301436882,22.20421627115745,0.0,0.0,7.080652703142719,0.0,0.0,0.0,0.0,0.12737206532996515
2017-06-06,49.94656216438888,19.7509444872275,21.92866939557507,0.0,0.0,6.927844682020423,0.0,0.0,0.7482520697665179,0.0,0.6977272010216127
2017-06-07,48.996644530119625,19.344236642895133,21.482824823459076,0.0,0.0,6.620867377102946,0.0,0.0,0.7330726202246612,2.3160971823025998,0.5062568238959569
2017-06-08,50.36400177374236,19.877973456324636,22.19673213960225,0.0,0.0,6.772303923757613,0.0,0.0,0.6385243002110388,0.0,0.15046440636210254
2017-06-09,48.816778608465334,19.350938157728624,21.482713568787645,0.0,0.0,6.17252059454753,0.0,1.0883426740449984,0.0,2.2954198138361877,0.7932865825896817
2017-06-12,64.46427425708879,25.638554222490257,0.0,0.0,0.0,7.432298751448675,0.0,1.432370252413476,0.0,0.0,1.0325025165588078
2017-06-13,49.89641342991282,19.8772984209353,21.849857409773918,0.0,0.0,5.624681574856864,0.0,1.1112677824407597,0.6278729351354722,0.0,1.012608446944866
2017-06-14,0.0,41.413301808692395,45.521292226518945,0.0,0.0,11.467223500935354,0.0,0.0,0.0,0.0,1.5981824638533062
2017-06-15,0.0,15.879983846962473,0.0,76.02677765562169,0.0,4.398603389562751,0.0,0.8886133042890482,0.0,1.858194337811294,0.9478274657527439
2017-06-16,0.0,78.0798200267274,0.0,0.0,0.0,21.63321890980587,0.0,0.0,0.0,0.0,0.2869610634667326
2017-06-19,0.0,0.0,0.0,0.0,0.0,0.0,0.0,0.0,61.139441389226334,0.0,38.860558610773666
2017-06-20,0.0,89.8820933500193,0.0,0.0,0.0,0.0,0.0,5.0302341005213105,2.8422990342404097,0.0,2.2453735152189815
2017-06-22,0.0,41.3600293323037,45.078569046877675,0.0,0.0,10.996437852863222,0.0,0.0,1.297451850622523,0.0,1.2675119173328773
2017-06-23,0.0,0.0,75.3903862391211,0.0,0.0,17.8326592939088,0.0,0.0,2.1704364749118654,0.0,4.606517992058234
2017-06-26,0.0,76.25363923844543,0.0,0.0,0.0,19.66576932489599,0.0,0.0,0.0,0.0,4.080591436658571
2017-06-27,0.0,0.0,14.116144436162879,59.46754058018448,22.311585197590027,2.6159418998564776,0.0,0.7069804470493921,0.0,0.0,0.7818074391567387
2017-06-28,0.0,13.767617496555923,15.57202463883693,65.3423837560136,0.0,2.7325906302843865,0.0,0.0,0.43187798792411797,1.6005436332735945,0.5529618571114474
2017-06-29,0.0,13.957731132595242,15.822766519310875,66.0090119524181,0.0,2.5973337439963893,0.0,0.797610264390005,0.0,0.0,0.8155463872893839
2017-06-30,51.364398901358456,20.728247356375174,23.52063987153493,0.0,0.0,3.827131844817762,0.0,0.0,0.0,0.0,0.5595820259136801
2017-07-03,0.0,13.622648427100842,15.515662653277412,64.38149149029667,0.0,2.5142962605940564,0.0,0.7754209063402555,0.42522764009026853,1.49072148977867,1.2745311325218254
2017-07-04,25.162681065291903,10.1520007276273,11.576407638204074,48.015713863671486,0.0,1.875663085126263,0.0,0.5916094692529226,0.3164922592097833,1.1117576812529055,1.1976742103633673
2017-07-05,25.50309056813181,10.30478118933522,11.802010561752944,48.71445044495712,0.0,1.9028545907167904,0.0,0.5812313212067997,0.3207273279670368,0.0,0.8708539959322787
2017-07-06,0.0,40.44354921023584,46.488423010888305,0.0,0.0,7.4663576305473915,0.0,2.242610541066196,0.0,0.0,3.3590596072622767
2017-07-07,61.97560939273152,0.0,28.823319389140583,0.0,0.0,4.627022305306507,0.0,1.3760509808890318,0.0,2.7436194378183076,0.4543784941140493
2017-07-10,61.843543892248476,0.0,28.798888375351297,0.0,0.0,4.62001999994489,0.0,1.3872816458326798,0.0,2.7157404454393985,0.6345256411832676
2017-07-11,0.0,14.10979788590736,16.25309551964164,66.64348177104763,0.0,2.6064336654782463,0.0,0.0,0.0,0.0,0.38719115792512404
2017-07-12,0.0,41.077608305317355,47.369264594134755,0.0,0.0,7.589113301553151,0.0,2.2856809138497485,0.0,0.0,1.6783328851449926
2017-07-13,62.02004710775615,0.0,28.97328074259843,0.0,0.0,4.6357725884865575,0.0,0.0,0.7815094547941828,2.731328548346693,0.8580615580179907
2017-07-14,0.0,0.0,18.5616029601397,75.95860355724533,0.0,2.9701387634265037,0.0,0.0,0.5013628997418145,1.7456429026365197,0.262648916810128
2017-07-17,0.0,13.85728753506155,14.622244487311352,66.92557684241469,0.0,2.5581814661997155,0.0,0.7639512421408301,0.43258035037493875,0.0,0.8401780764969246
2017-07-18,51.2555973450891,20.839459364355363,22.221444276537618,0.0,0.0,3.8459770683772625,0.0,1.1494190205840389,0.6511848071355114,0.0,0.03691811792110525
2017-07-19,0.0,42.77516126960754,45.649951898083195,0.0,0.0,7.891602431294127,0.0,2.319016209291624,1.3379694913718188,0.0,0.02629870035169969
2017-07-20,50.68544431843978,20.61300918356474,21.97699441508592,0.0,0.0,3.802941368418866,0.0,1.1214811298828975,0.6452129896048404,0.0,1.1549165950029638
2017-07-21,0.0,46.27322619369143,49.34945947281679,0.0,0.0,0.0,0.0,2.5150233044396195,1.450161318530888,0.0,0.4121297105212778
2017-07-24,0.0,41.878227826783466,44.616384781651725,0.0,0.0,7.712394014275454,0.0,2.23498634684236,1.3110321955757798,0.0,2.2469748348712173
2017-07-25,0.0,46.226041710781374,49.276393850934895,0.0,0.0,0.0,0.0,2.4566817414454376,1.4479905084142375,0.0,0.5928921884240576
2017-07-26,50.402625660887644,20.46824879999449,21.926982840453356,0.0,0.0,3.7822909145550385,0.0,1.084615727670254,0.6439445350474857,0.0,1.6912915213917321
2017-07-27,0.0,0.0,93.53604721720184,0.0,0.0,0.0,0.0,0.0,2.7488062392780668,0.0,3.715146543520092
2017-07-28,68.52972959454259,0.0,29.824304709406242,0.0,0.0,0.0,0.0,1.474453332145844,0.0,0.0,0.17151236390532903
2017-07-31,0.0,0.0,94.18071226657993,0.0,0.0,0.0,0.0,0.0,2.768210925061726,0.0,3.0510768083583395
2017-08-01,0.0,0.0,60.4587034708233,0.0,0.0,10.416284650264835,0.0,2.9783447805271823,1.7767357411268372,6.081254451828796,18.28867690542904
2017-08-02,0.0,0.0,0.0,0.0,0.0,0.0,0.0,0.0,0.0,0.0,100.0
2017-08-03,0.0,0.0,78.24030981654624,0.0,0.0,13.46281219783175,0.0,3.833211739153118,2.2982157347922203,0.0,2.1654505116766742
2017-08-04,25.46061887895819,10.34787511168257,11.125149697603941,50.08357432583291,0.0,1.911767196587984,0.0,0.5420656692776057,0.32658104954084616,0.0,0.20236807051595385
2017-08-07,50.346437431696614,20.463869319103217,22.024621423500175,0.0,0.0,3.78078580422407,0.0,0.0,0.6462743468970579,2.2082774128727904,0.5297342617060774
2017-08-08,62.30863764697884,0.0,27.837828922551054,0.0,0.0,4.706311293924693,0.0,1.3404801263255286,0.8071178627257045,2.7561226583678633,0.24350148912632325
2017-08-09,48.55271367045352,20.117366276731733,21.913668322977863,0.0,0.0,3.6943911181357696,0.0,1.0573878893315083,0.642084427721841,2.132681410670946,1.8897068839768159
2017-08-10,48.34536241802592,19.991688230348224,21.796841987009437,0.0,0.0,3.674327494276615,0.0,1.062656618535248,0.6366788893163317,2.1096139393261515,2.3828304231620727
2017-08-11,0.0,13.595758256948406,14.82428787154641,65.62227963453947,0.0,2.5008509629061204,0.0,0.720155942086207,0.43324381488861213,1.429635154813462,0.8737883622713055
2017-08-14,24.83378956989967,10.239226327630822,11.193218263707772,49.53511521739365,0.0,1.88704167573353,0.0,0.5412996966330827,0.3307515283723477,0.0,1.4395577206291235
2017-08-15,50.228687910178,20.611331143391386,22.586956455961992,0.0,0.0,3.809008035584776,0.0,1.085230945797671,0.67303757528633,0.0,1.0057479337998378
2017-08-16,0.0,23.57405628616021,25.873804403060973,0.0,42.046432961848446,4.3638131830796265,0.0,1.2441226963670062,0.7703673298328949,0.0,2.1274031396508426
2017-08-17,0.0,75.07926514047264,0.0,0.0,0.0,13.901322912523165,0.0,3.979360703618726,2.4549860181305245,0.0,4.585065225254941
2017-08-18,0.0,13.759074575499387,15.132476472960512,67.09151982269508,0.0,2.5548799984366677,0.0,0.0,0.45099615828179085,0.0,1.0110529721265633
2017-08-21,0.0,41.30169205551585,45.419135221201564,0.0,0.0,7.671558131674512,0.0,2.202921008678462,1.354255278755961,0.0,2.0504383041736447
2017-08-22,0.0,41.33567182115282,45.47325721803448,0.0,0.0,7.681275058531665,0.0,2.2057651330722674,1.3569311642350936,0.0,1.947099604973662
2017-08-24,24.79407782346067,10.020857434734182,11.156861661740825,49.372513477411864,0.0,1.9467500159511066,0.0,0.5401804776263956,0.33234206424502405,1.058718403701241,0.7776986411286932
2017-08-25,0.0,0.0,17.759066224996563,78.15233992646094,0.0,2.9742623886534347,0.0,0.8489089412881962,0.0,0.0,0.2654225186008703
2017-08-28,0.0,0.0,79.2347192054088,0.0,0.0,13.259213066947423,0.0,3.7999702015395007,0.0,0.0,3.70609752610429
2017-08-29,0.0,13.453839724514404,15.094532833939228,66.33967447846558,0.0,2.522834465434678,0.0,0.7257445464860456,0.0,1.3992693481587348,0.46410460300132306
2017-08-30,0.0,44.77599379730785,50.29170238415341,0.0,0.0,0.0,0.0,2.4232445360650647,1.486497747319284,0.0,1.022561535154391
2017-08-31,0.0,39.23601253925624,44.29702938229476,0.0,0.0,7.376737075909146,0.0,2.12351292307171,1.3070512952131357,4.017269134477685,1.6423876497773273
2017-09-01,0.0,56.66418942676978,0.0,0.0,0.0,10.657733400605897,23.476134064051557,0.0,1.8895729563000507,5.748150135111615,1.564220017161096
2017-09-04,0.0,40.404115921080844,45.66627033345035,0.0,0.0,7.600263501490101,0.0,2.180922661970482,1.3478129424873295,0.0,2.800614639520897
2017-09-05,0.0,0.0,0.0,0.0,0.0,0.0,0.0,0.0,0.0,0.0,100.0
2017-09-06,0.0,94.86673595214691,0.0,0.0,0.0,0.0,0.0,5.123552330774099,0.0,0.0,0.009711717078989103
2017-09-07,0.0,29.289870395090308,0.0,0.0,53.17434867853189,5.515640075889573,0.0,1.5828880922126483,0.97809491602751,0.0,9.459157842248064
2017-09-11,0.0,68.31741061296115,0.0,0.0,0.0,0.0,0.0,3.67796091828186,0.0,6.8765596159751405,21.128068852781848
2017-09-12,0.0,13.109246105599615,15.02312367711843,65.50881197348484,0.0,2.4943850826032947,0.0,0.7185465693966269,0.4415950643948897,1.3454952067142583,1.358796320688047
2017-09-13,0.0,38.23579041342013,43.904078220074496,0.0,0.0,7.2850152492865154,0.0,2.096299011582529,1.290641026600114,3.8844627936280935,3.3037132854081217
2017-09-14,0.0,10.602257468803082,12.201201061133123,53.0771492169531,19.463113011849764,2.020370644351368,0.0,0.5855526481404033,0.3581955694677618,1.0555549519932166,0.6366054273081765
2017-09-15,0.0,39.25299507495739,45.17475395281011,0.0,0.0,7.4790029917375715,0.0,2.1781547834730333,1.3269265821548042,3.883421257739573,0.7047453571275258
2017-09-18,25.157498890818097,9.99616984177318,11.505666891528369,50.04468370009499,0.0,1.9043322737296704,0.0,0.0,0.0,0.9696676643438367,0.4219807377118513
2017-09-19,63.84055479736547,25.279482322955943,0.0,0.0,0.0,4.826893997656061,0.0,1.403328937784697,0.8571816324552565,2.4093914882752774,1.3831668235072967
2017-09-20,21.027245409855695,8.306679896315416,9.62322183597491,41.69668515656737,15.210637297520261,1.5849583926762458,0.0,0.4723990952526094,0.2818388910858577,0.7531721317568703,1.043161892994771
2017-09-21,50.71336030207906,19.979387776890807,23.186287459595214,0.0,0.0,3.8190653093402425,0.0,1.1389743011243152,0.6795662513279334,0.0,0.48335859964243133
2017-09-22,0.0,23.027053709414094,26.78352847020674,0.0,42.3626881544314,4.411930427424481,0.0,1.296873901787063,0.7861552450492104,0.0,1.331770091687004
2017-09-25,0.0,60.93128650801633,0.0,0.0,0.0,11.677447122987552,0.0,0.0,2.083261779622564,5.49213683610384,19.815867753269718
2017-09-26,24.953589439639824,9.798778075703387,11.417512201258727,49.45104278797785,0.0,1.8778922069825061,0.0,0.5566473464070077,0.33529237472436063,0.8404604335563337,0.7687851337500043
2017-09-27,25.489533926849735,9.986845454215034,11.670050950461668,50.47535391764133,0.0,1.91651318432201,0.0,0.0,0.0,0.0,0.4617025665102291
2017-09-28,25.391756389148846,9.933148040318816,11.634182532530229,50.27828170110731,0.0,1.9092095385398984,0.0,0.0,0.0,0.0,0.8534217983549055
2017-09-29,68.13463865068276,26.593041955238157,0.0,0.0,0.0,5.119218243574139,0.0,0.0,0.0,0.0,0.15310115050494363
2017-10-03,54.26722025833782,14.353425671448694,16.960880565772282,0.0,9.492827083259982,2.7792516076526685,0.0,0.8239811631944295,0.0,0.0,1.3224136503341237
2017-10-04,0.0,31.33198805487783,37.04167882774406,0.0,20.721928635978497,6.070755602502897,0.0,0.0,1.0848626987786527,2.7239882804774873,1.0247978996405807
2017-10-06,59.794947691623356,15.41647782368288,18.625338479495788,0.0,0.0,3.0486355640151928,0.0,0.9054235581122345,0.5450936243302644,0.0,1.6640832587402774
2017-10-09,31.121359763147744,7.919574670755085,9.6764912042008,41.731716203471066,5.423469257702592,1.5840166058397536,0.0,0.472967303996339,0.28343339278119756,0.6986445195429727,1.0883270785624473
2017-10-10,0.0,12.55625212351237,15.36640470670411,66.28615337883491,0.0,2.5156011783977124,0.0,0.7537954994898691,0.4507043848060151,1.1098248456737558,0.9612638825812598
2017-10-11,60.35950062186899,15.27952283191227,18.775762192339478,0.0,0.0,3.072321116582678,0.0,0.0,0.550960437524478,1.3545377222206745,0.6073950775514361
2017-10-12,61.013614609743726,14.777194671328195,18.829959519424904,0.0,0.0,3.0758300076999743,0.0,0.9166770958816547,0.5530845583340959,0.0,0.8336395375874512
2017-10-13,33.8343847782373,8.005678571561434,10.404600133061034,44.838356550302315,0.0,1.698680181827653,0.0,0.5245737276469451,0.3059048101544506,0.0,0.3878212472088647
2017-10-16,37.33430431110357,8.844535518814567,0.0,49.51086817440781,0.0,1.8755912530343268,0.0,0.5784866255771516,0.3383453323966649,0.0,1.517868784665906
2017-10-17,75.418375307617,17.85986817481629,0.0,0.0,0.0,3.788248248368557,0.0,1.1669977242774707,0.6841127941092855,0.0,1.0823977508113878
2017-10-18,76.20788606663132,18.043750078983763,0.0,0.0,0.0,3.828389465771398,0.0,0.0,0.6919645142838237,0.0,1.2280098743296957
2017-10-19,55.32106772256813,13.097030411604873,17.011449074144608,0.0,9.51743222765024,2.7794260457106352,0.0,0.8530059523053654,0.5028318886481215,0.0,0.9177566773680244
2017-10-20,33.91883321429989,7.9966301191939895,10.4275907790537,44.93398469881778,0.0,1.7031402367782795,0.0,0.0,0.3084492733485276,0.0,0.7113716785078332
2017-10-23,60.89618153321014,14.337815408929396,18.703840629403313,0.0,0.0,3.056692642906531,0.0,0.9362601578735549,0.5537559863647438,0.0,1.5154536413123267
2017-10-25,61.072328223862,14.313688277622308,18.75969842632091,0.0,0.0,3.0640720804737493,0.0,0.9499435969471676,0.5556590818111168,0.0,1.2846103129627502
2017-10-26,60.562052866943304,14.103301685433328,18.676676209806462,0.0,0.0,3.033122963544766,0.0,0.9400187364662936,0.5508307897809844,1.2311002060689469,0.9028965419559143
2017-10-27,60.93626669506447,14.001962048839308,18.896546389418177,0.0,0.0,3.0436599612878146,0.0,0.9669755203422902,0.0,1.0829632751515554,1.0716261098963928
2017-10-30,62.351125024166535,14.287349664307428,19.34745323106348,0.0,0.0,3.1145599416492145,0.0,0.0,0.5673181618989575,0.0,0.33219397691439095
2017-10-31,32.50621101673363,7.147603649751109,10.195449708208619,42.83092103412491,0.0,1.623006279606096,3.5955550264730554,0.5162392632144555,0.29577377333039345,0.5644687293686228,0.7247715191891082
2017-11-01,61.42861693862988,12.79007714959819,19.43635572508765,0.0,0.0,3.444980252447518,0.0,0.0,0.5580519402361913,1.0335902538059942,1.3083277401945794
2017-11-02,60.19221138769979,11.80031821823141,19.27831777052526,0.0,0.0,3.502008114555151,0.0,0.9562647008319494,0.5473547122303328,0.9965675780526875,2.7269575178734193
2017-11-03,0.0,7.969123003997989,14.276498077912365,57.67547151346831,7.559717387848723,2.7867501396958225,4.872478515819673,0.6901736370214723,0.4015142312747739,0.7108999384152884,3.057373554545579
2017-11-06,0.0,22.66738781148172,41.54506463410738,0.0,21.86748788258969,8.082587172672765,0.0,2.006119511268861,1.1639749625476963,0.0,2.6673780253318866
2017-11-07,0.0,0.0,80.79419745136354,0.0,0.0,15.722013663790854,0.0,0.0,2.266093447332143,0.0,1.2176954375134532
2017-11-08,0.0,0.0,76.51719974273519,0.0,0.0,14.885551742969575,0.0,3.6859041558440877,2.1456954829156487,0.0,2.765648875535501
2017-11-09,0.0,26.089637937416704,47.87502695742715,0.0,0.0,9.310729779713677,0.0,2.282611783396659,1.3424733873989074,0.0,13.0995201546469
2017-11-13,0.0,9.290002078676189,17.063150854261146,68.52646633824013,0.0,3.3180616515101855,0.0,0.0,0.47850950542619186,0.8385802490615886,0.4852293228245795
2017-11-14,38.490878068293256,6.820847847991082,0.0,50.491047476232694,0.0,2.446899832568642,0.0,0.0,0.35272002734334706,0.5560393142656972,0.8415674333052812
2017-11-15,78.26818899207882,13.77910659236504,0.0,0.0,0.0,4.96607481312563,0.0,0.0,0.7161963282119382,1.1086764980764068,1.161756776142176
2017-11-16,62.801363284510636,11.003382535070616,20.45005798848777,0.0,0.0,3.9775673924298247,0.0,0.0,0.5739065136295242,0.7829659004083197,0.4107563854633056
2017-11-17,32.41986048805112,5.660835226598031,10.550218659246278,42.339887838298736,5.534930418672024,2.0540837921903057,0.0,0.5027658576300407,0.29634915300478304,0.0,0.6410685663086719
2017-11-20,39.21601174372729,6.733932977819633,0.0,51.10481116445298,0.0,2.4808825484195633,0.0,0.0,0.0,0.0,0.4643615655805341
2017-11-21,34.33322711017135,5.8911968106395225,11.147226365794088,44.743363063910614,0.0,2.1723195840332754,0.0,0.5320612182975177,0.31285055429236003,0.4211270412421857,0.44662825161909075
2017-11-22,34.64546839784982,5.85608156868914,11.21092276536912,45.00135065466202,0.0,2.184873621317146,0.0,0.0,0.31488106782466946,0.36458620615748966,0.42183571813060317
2017-11-23,78.90786403662905,11.047187642710666,0.0,0.0,0.0,4.972327747972664,0.0,0.0,0.7172802625187145,0.8293952312226059,3.525945078946301
2017-11-24,61.95752740404302,8.50916382344862,19.990368168261462,0.0,0.0,3.8952169858259604,0.0,0.9575293098745793,0.5622987654625526,0.6303480718391745,3.4975474712446237
2017-11-27,36.88205033357969,0.0,11.936202133621633,47.77534530251084,0.0,2.3169517371282957,0.0,0.0,0.26435167286689554,0.2908630093793087,0.53423581091334
2017-11-28,64.97181143601262,8.919399330777035,21.107218328081615,0.0,0.0,4.08249875684215,0.0,0.0,0.4663645133173886,0.43425895465524433,0.018448680313949542
2017-11-29,61.126834205608425,8.395931056313119,19.857641648831617,0.0,0.0,3.841673285910294,0.0,0.0,0.43973264292829806,0.0,6.338187160408239
2017-11-30,64.52690449219358,8.793521343097128,21.146374605231927,0.0,0.0,4.061221590926922,0.0,0.0,0.4652536999613329,0.0,1.006724268589104
2017-12-01,36.869604597410905,0.0,12.182468126981627,47.950691148817874,0.0,2.3298270955205305,0.0,0.0,0.0,0.0,0.6674090312690676
2017-12-04,0.0,0.0,56.568569646800036,0.0,0.0,10.823662621116075,18.82017463602358,2.6492580250659574,1.2376904645120184,0.0,9.90064460648233
2017-12-05,0.0,25.16282781728993,60.8592621451505,0.0,0.0,11.649176323657,0.0,0.0,1.3321802048737177,0.0,0.9965535090288485
2017-12-06,70.80870232167837,0.0,23.400056711050045,0.0,0.0,4.480393927906113,0.0,0.0,0.512562448057779,0.0,0.7982845913076874
2017-12-07,63.33305424957477,0.0,20.929526109696237,0.0,10.749113474054054,4.0118818220838,0.0,0.0,0.4587916528075058,0.0,0.5176326917836305
2017-12-08,57.44422984024151,7.8559841549913285,19.086066817979006,0.0,9.76775041669327,3.642892996859425,0.0,0.8853989889626123,0.4168001011383043,0.0,0.9008766831345387
2017-12-11,36.335465069760986,0.0,12.0685777963116,47.29200998385981,0.0,2.3040994182975014,0.0,0.5595332818545945,0.26393426558657246,0.0,1.1763801843289354
2017-12-12,64.74129684904604,8.846232334438056,21.493507838002696,0.0,0.0,4.105422202691346,0.0,0.0,0.47104311086171546,0.0,0.3424976649601538
2017-12-13,63.611968745576505,0.0,21.10580434259287,0.0,10.76455122165455,4.032223747369028,0.0,0.0,0.46350743528892313,0.0,0.021944507518118307
2017-12-14,34.35731901282729,0.0,11.395333595062315,44.61823063034973,5.8049347630463055,2.1791296845583585,0.0,0.5296463389317752,0.250566702871302,0.2319969445740712,0.6328423277788534
2017-12-15,32.058473875849074,4.370403805838246,10.634928442988846,41.57592098710016,5.406691312038134,2.0316734166100954,3.550008336908153,0.0,0.23403623511575852,0.0,0.13786358755152428
2017-12-18,36.770841538793384,5.005367960358403,0.0,47.65529394433926,6.192075945960761,2.3291962635687393,0.0,0.5634472998020836,0.2686934992851047,0.0,1.2150835478922568
2017-12-19,76.90111338291666,0.0,0.0,0.0,12.928290182462346,4.8682094818239054,0.0,1.1924128784740748,0.5617975806236328,0.0,3.5481764936993794
2017-12-20,39.36062715216336,0.0,0.0,50.95746694370335,6.619914274353174,2.492350641287516,0.0,0.0,0.2878127267237155,0.0,0.2818282617688811
2017-12-21,0.0,0.0,18.350363728714388,71.76321416262893,0.0,3.4246587068384895,6.212637394601279,0.0,0.0,0.0,0.24912600721690803
2017-12-22,39.981324646722186,0.0,0.0,51.768048374175436,0.0,2.470565145302383,4.479690903858151,0.6201182250668873,0.29256877008991067,0.27320996814717724,0.11447396663787787
2017-12-27,64.80748924414667,8.813736178749695,21.45422558246667,0.0,0.0,4.006208641860852,0.0,0.0,0.47491524146902764,0.0,0.44342511130708934
2017-12-28,65.25916117944692,0.0,21.6143232244832,0.0,0.0,4.03598466297858,7.3145802721004625,0.0,0.4787124355837724,0.0,1.2972382254070585
2017-12-29,83.6976032518822,0.0,0.0,0.0,0.0,5.180240504309685,9.382506108286934,0.0,0.6151447953806044,0.0,1.1245053401405722
2018-01-02,0.0,20.30130867257834,49.42762503400429,0.0,0.0,9.232418070544806,16.707631214533297,0.0,1.098388527312704,0.0,3.2326284810265626
2018-01-03,0.0,0.0,0.0,0.0,0.0,0.0,0.0,0.0,0.0,0.0,100.0
2018-01-04,0.0,0.0,78.97876491690026,0.0,0.0,14.753813961612636,0.0,0.0,1.7561084580294897,0.0,4.51131266345762
2018-01-05,35.044929297967315,0.0,11.592780377215432,45.419262997918274,0.0,2.1732683467706986,3.922584678048401,0.5543360595743396,0.2583291350302865,0.0,1.0345091074752533
2018-01-08,33.721486978923416,4.5484228239395295,11.13963713367668,43.65604042236539,0.0,2.0920501389365147,3.769745203172715,0.5254789269907251,0.0,0.0,0.5471383719950311
2018-01-09,0.0,0.0,18.33643106736153,71.88549401995007,0.0,3.445449636929022,6.198171860819674,0.0,0.0,0.0,0.1344534149396903
2018-01-10,33.04430683534289,4.448378601014523,10.911133133671456,42.78561209713466,5.5486884822735165,2.0526795672333806,0.0,0.509210676363072,0.2431599540151039,0.0,0.4568306529514009
2018-01-11,36.3384270385332,0.0,11.993456158423825,47.052273525248744,0.0,2.2589972960602207,0.0,0.559606221298037,0.2671380105040537,0.24630188092487018,1.2837998690070453
2018-01-12,34.7924694409133,0.0,11.413856769659125,44.97705629570354,0.0,2.1587954725186966,3.8940363961260336,0.5343509056433483,0.25515663788254955,0.0,1.9742780815534076
2018-01-15,0.0,24.4470547107187,59.634374325803144,0.0,0.0,11.288941032800594,0.0,2.785159172234729,0.0,0.0,1.8444707584428413
2018-01-16,0.0,18.638031655058377,45.32354552684793,0.0,23.15160865973391,8.58279908066894,0.0,2.1198257463322507,1.012514560866196,0.0,1.1716747704924004
2018-01-17,0.0,6.359291986232359,15.405865335480323,60.7623056886598,7.868283060296409,2.921168588872565,5.258642453495724,0.7184281594318093,0.0,0.0,0.7060147275310082
2018-01-18,0.0,6.8714586045256905,16.679895212512694,65.81965791931601,0.0,3.172395188607206,5.694893287172387,0.0,0.0,0.3434570834790219,1.418242704386978
2018-01-19,0.0,8.847204389312967,0.0,84.75967929374748,0.0,4.085428814897277,0.0,0.0,0.4799198734677458,0.4406068750449171,1.387160753529613
2018-01-22,0.0,0.0,78.88384800811157,0.0,0.0,15.00959982272096,0.0,0.0,1.761787033981434,0.0,4.344765135186036
2018-01-23,0.0,20.280930850758864,49.14671576657905,0.0,0.0,9.343433912567942,16.76375406363301,2.2772215046821547,0.0,0.0,2.1879439017789752
2018-01-24,0.0,7.541821121769749,18.308597766950754,72.19540389421289,0.0,0.0,0.0,0.0,0.40836162531779935,0.3482422680783051,1.197573323670512
2018-01-25,0.0,19.88065819122159,48.35282754087958,0.0,0.0,9.19205963280317,16.485222680556273,2.246762174942111,1.0799526592360742,0.0,2.762517120361199
2018-01-26,0.0,24.75515899535394,59.98467296369475,0.0,0.0,11.216818775037039,0.0,0.0,1.3383320734958115,0.0,2.705017192418455
2018-01-29,0.0,6.882158077960776,16.659739750005016,65.61983302392018,0.0,3.112571436854102,5.6713576235843615,0.7741210144713887,0.37179910810618805,0.0,0.9084199650979831
2018-01-30,63.797040899624214,7.441286400688874,22.126460978779004,0.0,0.0,3.9130508953501257,0.0,0.9819240399913984,0.0,0.0,1.74023678556639
2018-01-31,0.0,16.926801328216474,53.34884902614181,0.0,0.0,9.299856810499628,16.935056856883676,0.0,1.1100318452611069,0.0,2.3794041329973052
2018-02-01,0.0,20.50929370151563,64.57706523017794,0.0,0.0,11.257846520418509,0.0,0.0,1.342499432101671,1.1298783341768153,1.1834167816094343
2018-02-02,0.0,17.229604184842163,54.20559804872936,0.0,0.0,9.452348931317566,17.20086985822256,0.0,1.1262000725958503,0.0,0.7853789042925113
2018-02-05,0.0,17.633404942300228,55.44346161940445,0.0,0.0,0.0,17.58238786880706,2.448613640051715,1.1510949827778136,0.0,5.741036946658721
2018-02-06,0.0,16.04629010227804,50.5256097498329,0.0,0.0,8.816545081047883,16.0108375395051,2.2312846998468596,1.048382723864134,0.0,5.32105010362508
2018-02-07,0.0,20.507694245237815,64.59953975515135,0.0,0.0,11.275179006930264,0.0,0.0,1.339015800352522,0.0,2.27857119232804
2018-02-08,0.0,5.350470622276486,17.340506993729406,63.03237231601254,0.0,2.994806107679199,5.4281665366987895,0.7580077929576148,0.3553857286460707,0.0,4.740283901999889
2018-02-09,0.0,6.03487135624409,19.422437003612707,70.47897942344746,0.0,3.3486756611062223,0.0,0.0,0.0,0.0,0.7150365555895263
2018-02-12,0.0,6.208469352399615,19.976118580070086,72.48345936695111,0.0,0.0,0.0,0.0,0.4089264855165144,0.0,0.9230262150626752
2018-02-13,0.0,6.656536381758251,0.0,77.38847746292316,0.0,3.67835540701306,6.640127936519683,0.9312733653666182,0.43567677634315455,0.0,4.269552670076069
2018-02-14,34.80533554038446,3.8809378662975957,12.404812739244786,45.00963103522857,0.0,2.139934641486457,0.0,0.5427106546298605,0.25422911111498686,0.21951765277810073,0.7428907588351822
2018-02-20,0.0,5.544532827032819,17.722786255129535,64.29449655181848,0.0,3.0574944948655647,5.535704210834788,0.7803245866641952,0.36334618708157973,0.0,2.701314886573039
2018-02-21,0.0,5.733433806628987,18.321190213252418,66.43261578063796,0.0,3.1600822369296564,0.0,0.8063490789755476,0.37609388642912983,0.0,5.170234997146302
2018-02-22,0.0,7.396901668312303,0.0,85.64714021602508,0.0,4.07546230522194,0.0,1.0464700474161746,0.4851819896757677,0.0,1.3488437733487433
2018-02-23,0.0,7.459285772218527,0.0,86.42204107303438,0.0,4.113205616621189,0.0,1.0567837267096485,0.5124278200962545,0.0,0.43625599132001247
2018-02-26,0.0,7.7720981289514866,0.0,89.97361448437327,0.0,0.0,0.0,1.1117883846837677,0.0,0.0,1.1424990019914756
2018-02-27,0.0,0.0,0.0,93.15585968235202,0.0,4.434815200962288,0.0,1.1583166182263764,0.5499408085814111,0.0,0.7010676898779038
2018-02-28,0.0,0.0,0.0,0.0,0.0,0.0,0.0,0.0,0.0,0.0,100.0
2018-03-01,0.0,7.393435004059916,0.0,85.55979953978049,0.0,4.072127888846504,0.0,1.0679680583934699,0.0,0.43432141087491777,1.4723480980447161
2018-03-02,65.16737092984093,7.254841760147087,23.224268796726307,0.0,0.0,4.00521301977388,0.0,0.0,0.0,0.0,0.34830549351179324
2018-03-05,0.0,0.0,0.0,0.0,0.0,58.87173328342127,0.0,15.484964824322441,0.0,0.0,25.643301892256282
2018-03-06,0.0,99.32602720216288,0.0,0.0,0.0,0.0,0.0,0.0,0.0,0.0,0.6739727978371148
2018-03-07,41.03873330496356,4.570147498205148,0.0,52.94777771759123,0.0,0.0,0.0,0.6648635501596475,0.31000626727111175,0.0,0.46847166180930644
2018-03-08,0.0,0.0,0.0,99.20638235495167,0.0,0.0,0.0,0.0,0.0,0.0,0.7936176450483292
2018-03-09,0.0,0.0,0.0,0.0,0.0,70.71587811769385,0.0,0.0,8.696609011627325,0.0,20.587512870678836
2018-03-12,0.0,0.0,0.0,0.0,0.0,0.0,0.0,0.0,0.0,0.0,100.0
2018-03-13,0.0,0.0,0.0,0.0,0.0,86.07498922600585,0.0,0.0,0.0,0.0,13.925010773994135
2018-03-16,0.0,7.4649945819890124,0.0,86.47745822949652,0.0,4.116110979228852,0.0,1.0925906841638588,0.0,0.0,0.8488455251217615
2018-03-19,0.0,60.31730992145179,0.0,0.0,0.0,33.25024353011356,0.0,0.0,0.0,0.0,6.432446548434658
2018-03-20,0.0,7.612165720017705,0.0,88.15919521278718,0.0,4.195721054808255,0.0,0.0,0.0,0.0,0.03291801238686455
2018-03-21,0.0,6.051112696457457,19.357325430117232,70.12116600026792,0.0,3.335516477029357,0.0,0.0,0.4108167354545121,0.0,0.7240626606735217
2018-03-22,0.0,19.330904174577874,61.839828206925965,0.0,0.0,10.65436818810324,0.0,2.8550527988010765,1.3134135448107633,1.137249741521601,2.869183345259478
2018-03-23,0.0,20.29703141672277,64.96572620314436,0.0,0.0,11.188429433554196,0.0,3.0008276735345,0.0,0.0,0.5479852730441813
2018-03-26,83.11540324616617,9.242254064935716,0.0,0.0,0.0,5.090420526757934,0.0,1.3640592388743935,0.0,0.0,1.1878629232657893
2018-03-27,64.98102361702665,7.2012459497757,23.110012084253317,0.0,0.0,3.9754039837021997,0.0,0.0,0.0,0.0,0.7323143652421286
2018-03-28,34.90331544233884,3.8648376592922835,12.403237531215112,44.91933522121012,0.0,2.1298805613136476,0.0,0.5708207065787129,0.2619349155993258,0.0,0.9466379624519703
2018-03-29,36.30774375535305,0.0,12.909885129329126,46.721369536330506,0.0,2.2136858051942028,0.0,0.573909077556182,0.2762957615709307,0.0,0.9971109346660072
2018-04-03,0.0,0.0,0.0,0.0,0.0,57.37796937666552,0.0,14.97543963714037,7.360549670876915,0.0,20.286041315317192
2018-04-06,0.0,47.134398936095295,0.0,0.0,0.0,25.931943463869082,0.0,6.728998648106248,3.3565491783928767,0.0,16.8481097735365
2018-04-09,0.0,50.20415019182882,0.0,0.0,0.0,27.43932232409706,0.0,7.172054637121638,3.656890282258801,0.0,11.527582564693677
2018-04-10,0.0,0.0,0.0,0.0,0.0,0.0,0.0,0.0,0.0,0.0,100.0
2018-04-11,0.0,7.530873965747574,0.0,87.02059641874159,0.0,4.114952991679819,0.0,0.0,0.5489322797507884,0.0,0.7846443440802292
2018-04-12,99.0303263135934,0.0,0.0,0.0,0.0,0.0,0.0,0.0,0.0,0.0,0.9696736864065958
2018-04-13,0.0,91.75835868909581,0.0,0.0,0.0,0.0,0.0,0.0,6.690093499072371,0.0,1.5515478118318056
2018-04-16,73.01647658628579,0.0,25.96229296909531,0.0,0.0,0.0,0.0,0.0,0.0,0.0,1.0212304446189047
2018-04-17,87.7004439619453,9.718937052266938,0.0,0.0,0.0,0.0,0.0,0.0,0.7220396965780173,0.0,1.8585792892097492
2018-04-19,0.0,0.0,93.21304131915967,0.0,0.0,0.0,0.0,4.176489787289063,2.1615731894212975,0.0,0.4488957041299633
2018-04-20,41.512407322054685,4.569052495564916,0.0,53.352454508038264,0.0,0.0,0.0,0.0,0.3484629015038756,0.0,0.217622772838262
2018-04-23,73.60262703545897,0.0,26.139713338725695,0.0,0.0,0.0,0.0,0.0,0.0,0.0,0.25765962581534235
2018-04-24,0.0,0.0,0.0,0.0,0.0,0.0,0.0,0.0,0.0,0.0,100.0
2018-04-26,65.11645402493934,7.143776324918226,23.11789344031549,0.0,0.0,3.9518640037643182,0.0,0.0,0.0,0.0,0.6700122060626189
2018-04-27,84.5114620210534,9.21275950009895,0.0,0.0,0.0,5.119917653741178,0.0,0.0,0.0,0.0,1.155860825106464
2018-04-30,65.50498342409168,7.088077688799402,23.218891231672423,0.0,0.0,3.9615893472756674,0.0,0.0,0.0,0.0,0.2264583081608257
2018-05-02,0.0,55.18155318148378,0.0,0.0,0.0,30.866592655549674,0.0,8.097341933301129,0.0,0.0,5.854512229665422
2018-05-03,83.9988410017831,9.051756755601604,0.0,0.0,0.0,5.074241244730987,0.0,1.335221280748746,0.0,0.0,0.5399397171355524
2018-05-04,60.900371675813844,6.563024110885662,21.578593123049945,0.0,0.0,3.6806560551443677,6.721648702720875,0.0,0.0,0.0,0.5557063323853032
2018-05-07,0.0,20.253445834870643,66.63157775757502,0.0,0.0,11.362607507150749,0.0,0.0,0.0,0.0,1.7523689004035927
2018-05-08,0.0,0.0,0.0,0.0,0.0,86.86734254955695,0.0,0.0,0.0,0.0,13.132657450443036
2018-05-09,0.0,0.0,0.0,0.0,0.0,0.0,0.0,0.0,0.0,0.0,100.0
2018-05-10,93.23952161860689,0.0,0.0,0.0,0.0,5.631653616698204,0.0,0.0,0.0,0.0,1.1288247646949108
2018-05-11,93.75168622793964,0.0,0.0,0.0,0.0,5.653352556511031,0.0,0.0,0.0,0.0,0.5949612155493271
2018-05-14,85.52140183288817,9.18963825059759,0.0,0.0,0.0,5.152869945735946,0.0,0.0,0.0,0.0,0.13608997077828638
2018-05-15,85.12792367643807,9.13592290593932,0.0,0.0,0.0,5.125435033975073,0.0,0.0,0.0,0.0,0.6107183836475373
2018-05-16,84.76457616371053,9.06350946535992,0.0,0.0,0.0,5.096619031078335,0.0,0.0,0.0,0.0,1.0752953398512108
2018-05-17,91.80340204016537,0.0,0.0,0.0,0.0,5.514519124340176,0.0,1.4531691474442996,0.0,0.0,1.228909688050167
2018-05-23,0.0,87.22496544455134,0.0,0.0,0.0,0.0,0.0,12.77503455544865,0.0,0.0,0.0
2018-05-24,84.80056520260568,9.077764056573908,0.0,0.0,0.0,5.089613609765712,0.0,0.0,0.0,0.0,1.0320571310547002
2018-05-25,0.0,18.759427888176862,61.963507538703766,0.0,0.0,10.511166226380729,0.0,0.0,1.4629062419958405,0.0,7.302992104742804
2018-05-28,81.72035132530578,0.0,0.0,0.0,0.0,4.901881625960902,8.998458658432055,1.2828443380008179,0.0,0.0,3.0964640523004454
2018-05-29,0.0,0.0,0.0,99.95633356800482,0.0,0.0,0.0,0.0,0.0,0.0,0.04366643199518187
2018-05-30,0.0,15.750976125561758,52.012891725996944,0.0,0.0,8.819273418493848,16.134052928147806,2.3089740986239535,0.0,0.0,4.9738317031756925
2018-05-31,0.0,18.926878843014055,62.51328479254018,0.0,0.0,10.595537907628366,0.0,2.773603322946406,0.0,0.0,5.190695133870996
2018-06-05,0.0,0.0,0.0,0.0,58.92111164230255,21.26391187395497,0.0,5.559366420203704,0.0,0.0,14.25561006353878
2018-06-06,79.56308620078403,8.517144369320565,0.0,0.0,0.0,0.0,8.722321720346224,0.0,0.6640377639880818,0.0,2.533409945561099
2018-06-07,0.0,13.296931694928546,45.02824700652438,0.0,21.45046679442629,0.0,13.842094678681772,0.0,1.061421581708296,0.0,5.32083824373072
2018-06-08,0.0,13.380983907242012,45.31641801203119,0.0,21.58756390553614,0.0,14.008033241613802,2.005034097822932,0.0,0.0,3.701966835753925
2018-06-11,68.60834703712064,7.064136493858575,0.0,0.0,11.64866989112575,4.203794532445615,7.4001505115907795,1.0728752331440494,0.0,0.0,0.002026300714596223
2018-06-12,73.29613548209258,7.453633501954554,0.0,0.0,0.0,4.482846266355716,7.894307915656396,1.1488025066147862,0.0,0.0,5.7242743273259675
2018-06-13,33.24222079249733,3.3712499404568876,11.749942075217966,42.4699828336022,0.0,2.031444582763553,3.5511307862296504,0.0,0.0,0.0,3.5840289892324146
2018-06-14,0.0,6.412220087561779,0.0,80.75617292704706,0.0,3.8619686081152746,6.799190542396554,0.0,0.0,0.0,2.170447834879327
2018-06-15,0.0,15.90739871439192,56.33408635116216,0.0,0.0,9.689558726139591,17.072921047419513,0.0,0.0,0.0,0.9960351608868119
2018-06-19,0.0,11.190123858359836,40.69371819646767,0.0,19.656090166358826,6.980867517177766,12.307911240410998,0.0,0.9398530347888182,0.0,8.231435986436084
2018-06-20,0.0,11.964676374578358,44.12254018089207,0.0,21.398520402966668,7.532254529332108,13.288969391404665,0.0,0.9843639143234969,0.0,0.7086752065026399
2018-06-21,0.0,5.008377740688706,18.509762694257407,66.21992120014733,0.0,3.155319629775217,5.5682489218436215,0.0,0.0,0.0,1.5383698132877233
2018-06-22,0.0,11.52095738437509,42.76821007636735,0.0,21.016175245499657,7.2695439996412485,12.8395605981267,0.0,0.0,0.7810268117628743,3.804525884227076
2018-06-25,0.0,11.195967191088595,41.5637384424886,0.0,21.382791985800143,7.0565142669288665,12.47217856553416,1.8217044644210898,0.9241205461693716,0.7700751326595782,2.8129094049095933
2018-06-26,54.40060049462719,5.2186743948587955,19.45831266446263,0.0,10.064543455595034,3.299200572703536,5.834857929237999,0.0,0.4323384198913985,0.0,1.2914720686234165
2018-06-27,0.0,5.407576964713546,0.0,72.76018161107784,10.610085766406426,3.453068084293059,6.108974908177194,0.0,0.4525336288097939,0.0,1.2075790365221346
2018-06-28,0.0,0.0,48.53622694538473,0.0,25.3037004096561,8.224756758767828,14.552929430370886,0.0,1.0775147613618643,0.0,2.304871694458592
2018-06-29,0.0,0.0,64.66013331528262,0.0,0.0,10.950010860546294,19.37498091396817,0.0,0.0,1.2067649790665158,3.8081099311363973
2018-07-03,0.0,0.0,20.127566329064813,71.81544439977561,0.0,0.0,6.026502714399746,0.0,0.4460843833118563,0.0,1.5844021734479692
2018-07-04,56.016600403721625,5.343408104186165,20.288078645617404,0.0,10.631957757266008,0.0,6.032654558323447,0.0,0.0,0.0,1.6873005308853444
2018-07-05,61.97504325179726,5.912248580933713,22.45167425848816,0.0,0.0,0.0,6.67304618086589,0.9680914021841711,0.49375906800560543,0.0,1.5261372577252041
2018-07-06,77.06372125228665,7.3418331261761285,0.0,0.0,0.0,4.691653053439928,8.294909800939706,1.2035754506190235,0.0,0.0,1.4043073165385633
2018-07-09,54.39089687898458,4.894259176379902,19.681480990234753,0.0,10.62726566456984,3.3029402130984433,5.834846763358353,0.0,0.0,0.0,1.268310313374137
2018-07-10,64.68936326143846,5.819001235446598,23.408050734114735,0.0,0.0,3.928624667892567,0.0,1.0113220281666617,0.0,0.0,1.1436380729409754
2018-07-11,73.05955532708785,6.536606740980236,0.0,0.0,14.274597393657743,4.432934221339867,0.0,0.0,0.0,0.0,1.696306316934293
2018-07-12,0.0,24.643470365367385,0.0,0.0,54.41961591389921,16.73400088973321,0.0,0.0,0.0,0.0,4.202912831000195
2018-07-13,0.0,16.527569538201163,67.64030437998628,0.0,0.0,11.264738849962884,0.0,0.0,0.0,0.0,4.567387231849665
2018-07-16,73.46107827903732,6.4850617113414595,0.0,0.0,14.520180830056315,4.44858400157052,0.0,0.0,0.0,0.0,1.0850951779943752
2018-07-17,0.0,12.071770183674868,49.69457718521964,0.0,26.913517363176293,8.26183936108616,0.0,0.0,0.0,0.0,3.0582959068430418
2018-07-19,57.01100977404756,5.030279837891409,20.76972431140115,0.0,11.415032307602846,3.450345155248295,0.0,0.8762755232289835,0.0,0.0,1.4473330905797512
2018-07-20,60.55020510894929,0.0,22.025732956783724,0.0,12.254314666763012,3.664829319446991,0.0,0.935749395225258,0.0,0.0,0.5691685528317135
2018-07-23,0.0,12.117917023677256,49.87889392454797,0.0,27.762500774555726,8.302541797219085,0.0,0.0,0.0,0.0,1.9381464799999666
2018-07-24,61.10276089577263,0.0,22.107892646967546,0.0,12.527786131107687,3.6551075197815677,0.0,0.0,0.0,0.0,0.6064528063705703
2018-07-25,60.98126419750701,0.0,22.061357796402078,0.0,12.5203686858435,3.64797856262451,0.0,0.0,0.4864526087290132,0.0,0.30257814889389073
2018-07-26,0.0,15.326320561785305,64.89674046993326,0.0,0.0,0.0,19.77693896828143,0.0,0.0,0.0,0.0
2018-07-27,0.0,4.7297485246090085,20.011107556229103,70.97778283060717,0.0,3.3124547366824157,0.0,0.0,0.4419022189388483,0.0,0.527004132933451
2018-07-30,0.0,4.2829026864142525,18.121735703986726,64.28609840406551,10.300187805810632,3.0009809572606363,0.0,0.0,0.0,0.0,0.008094442462240281
2018-07-31,0.0,0.0,85.78912348759341,0.0,0.0,14.210876512406593,0.0,0.0,0.0,0.0,0.0
2018-08-01,0.0,0.0,84.62672411628644,0.0,0.0,14.022079720619839,0.0,0.0,0.0,0.0,1.3511961630937284
2018-08-02,0.0,0.0,62.878403075394004,0.0,35.7542466089764,0.0,0.0,0.0,0.0,0.0,1.3673503156295868
2018-08-03,0.0,0.0,56.705527693974524,0.0,32.24468749188895,9.403253196859948,0.0,0.0,0.0,0.0,1.6465316172765765
2018-08-06,0.0,0.0,82.73062211590127,0.0,0.0,13.723122543777905,0.0,3.5462553403208243,0.0,0.0,0.0
2018-08-07,0.0,0.0,84.58412204949668,0.0,0.0,14.033461960293828,0.0,0.0,0.0,0.0,1.382415990209491
2018-08-08,57.98591091106786,4.9488034783388395,20.89244680245853,0.0,11.899331671246543,3.4718431894055573,0.0,0.0,0.0,0.0,0.8016639474826751
2018-08-09,58.065773474297146,4.948963387359021,20.89671258473856,0.0,11.918069712925877,3.5103269815235048,0.0,0.0,0.4632488404007335,0.0,0.19690501875516409
2018-08-10,0.0,0.0,55.423866316079994,0.0,31.622308159125325,9.281337461491088,0.0,2.4253923193042275,0.0,1.0492114409274829,0.19788430307188073
2018-08-13,0.0,0.0,55.44867182619757,0.0,31.808954533863165,9.115856434587815,0.0,2.442346770581585,0.0,0.0,1.184170434769864
2018-08-14,0.0,0.0,63.46179789542875,0.0,36.47894530806609,0.0,0.0,0.0,0.0,0.0,0.05925679650515306
2018-08-15,0.0,0.0,61.249987693303886,0.0,36.01936698625441,0.0,0.0,2.7306453204417114,0.0,0.0,0.0
2018-08-16,33.79548537169123,2.7049450360203244,11.810634123647093,43.27627483530871,7.466580567304126,0.0,0.0,0.535914138475923,0.26967005977023756,0.0,0.140495867782359
2018-08-17,60.29993498222097,4.8261286864822255,20.316617214614105,0.0,14.04641353244392,0.0,0.0,0.0,0.48191762461884563,0.0,0.028987959619936825
2018-08-20,0.0,10.899422222043317,45.83104020159164,0.0,31.747544846223306,8.045881419997343,0.0,2.165559683818863,1.090015819791243,0.0,0.22053580653428492
2018-08-21,34.17626381432366,0.0,11.367195304645291,43.73265377289293,8.063495131372921,2.018265254682504,0.0,0.5442672871887241,0.0,0.0,0.09785943489396753
2018-08-22,61.142184166195165,0.0,20.323151758591816,0.0,14.433361176977154,3.610849891833228,0.0,0.0,0.4892488571366635,0.0,0.0012041492659697233
2018-08-24,0.0,0.0,50.95960255499834,0.0,37.311893138781336,9.173186320403078,0.0,2.480975492319527,0.0,0.0,0.07434249349771785
2018-08-27,0.0,0.0,0.0,0.0,76.02216412973398,18.6919156051665,0.0,5.062775411732848,0.0,0.0,0.22314485336667228
2018-08-28,71.90247052484949,0.0,23.540551200582886,0.0,0.0,4.245830993341944,0.0,0.0,0.0,0.0,0.31114728122567714
2018-08-29,60.510502168142125,4.8398524304163315,19.790566852119166,0.0,14.527422608338064,0.0,0.0,0.0,0.0,0.0,0.33165594098431606
2018-08-30,0.0,0.0,84.56704990342418,0.0,0.0,15.271667525621908,0.0,0.0,0.0,0.0,0.1612825709539199
2018-08-31,33.32585442305202,2.6606150351872944,10.800312085584835,29.492729882624896,21.03038155502443,1.9618970633128558,0.0,0.0,0.2658503075208018,0.23196843294355285,0.23039121474931043
2018-09-03,0.0,0.0,25.543400750206846,69.77563948554446,0.0,4.6417657971635355,0.0,0.0,0.0,0.0,0.039193967085160694
2018-09-04,0.0,3.965695938783424,16.081204353020464,43.95978405980945,31.342682406727317,2.924371996963766,0.0,0.793858413674642,0.39571817812015275,0.0,0.5366846529007889
2018-09-05,46.96650716456065,0.0,15.098873165039544,0.0,29.869838397236148,2.7707190999576503,5.207348997828647,0.0,0.0,0.0,0.08671317537735734
2018-09-07,46.989866750246115,0.0,15.083475185584538,0.0,29.87309220474181,2.7715367836177216,5.207554722650681,0.0,0.0,0.0,0.07447435315913142
2018-09-10,67.02949032360776,5.356159820030691,21.454914797012517,0.0,0.0,3.950920196323722,0.0,1.0693700007735996,0.5097402740845064,0.4916197702001456,0.1377848179670504
2018-09-11,49.43958701556814,0.0,15.696698260928835,0.0,31.525464763069465,2.9135953478145247,0.0,0.0,0.3650797389872402,0.0,0.05957487363179462
2018-09-12,32.41222765423057,0.0,10.200371103242341,28.70275278598344,20.743370582395322,1.9099107324068494,3.5876231287683016,0.0,0.0,0.0,2.4437440129731782
2018-09-13,0.0,0.0,27.358154281752,0.0,55.51414476222305,5.096992767874404,9.600435187720304,0.0,0.640492543378722,0.0,1.7897804570515181
2018-09-14,0.0,0.0,30.828012714735532,0.0,62.53727670404166,5.742798978002622,0.0,0.0,0.0,0.0,0.8919116032201961
2018-09-17,0.0,0.0,15.957821434497296,45.135106963889044,32.74671896775438,0.0,5.641353046927092,0.0,0.37662136330330204,0.0,0.1423782236288815
2018-09-18,69.11147819836636,0.0,21.630461111618217,0.0,0.0,0.0,7.641374715420754,1.1054091662667322,0.5112768083279468,0.0,0.0
2018-09-19,46.8806196930451,0.0,14.502319639247704,0.0,30.162323734945485,2.7489246265685963,5.170805809236258,0.0,0.0,0.0,0.535006496956858
2018-09-21,0.0,0.0,28.38049240658934,0.0,59.06795306908672,0.0,10.125536794194016,0.0,0.6781052291692367,0.0,1.7479125009606915
2018-09-24,66.60977404861852,0.0,20.584082528019746,0.0,0.0,3.90579722458241,7.3448330724653195,1.0632390325212302,0.4922740937927712,0.0,0.0
2018-09-26,68.60566684680941,5.464703260195368,21.194392598849085,0.0,0.0,4.023127717374301,0.0,0.0,0.5073347127371989,0.0,0.2047748640346406
2018-09-27,0.0,0.0,84.04029940398317,0.0,0.0,15.959700596016818,0.0,0.0,0.0,0.0,0.0
2018-09-28,0.0,14.163357802214705,54.917726258019506,0.0,0.0,10.435032664044536,19.606588418258035,0.0,0.0,0.0,0.8772948574632145
2018-10-02,69.01063622348015,5.494424580177857,21.28249144281568,0.0,0.0,4.049643756791319,0.0,0.0,0.0,0.0,0.16280399673499374
2018-10-03,0.0,13.603155576507813,52.69487153091653,0.0,0.0,10.030933421034751,18.835468955242764,2.730635172301512,1.2612694152314539,0.0,0.8436659287651762
2018-10-04,0.0,14.272287357897223,55.20986655604641,0.0,0.0,10.516097030265255,19.740273463626874,0.0,0.0,0.0,0.26147559216424054
2018-10-05,0.0,31.99054692150914,0.0,0.0,0.0,23.57860332722477,44.248474063880565,0.0,0.0,0.0,0.1823756873855259
2018-10-08,0.0,4.018018691956847,15.318509631589086,44.58874872349684,32.718858400415535,2.9659426075819333,0.0,0.0,0.0,0.0,0.38992194495975413
2018-10-09,0.0,0.0,15.606115951689215,45.778355099986115,33.71790793403787,3.0460203575757396,0.0,0.8309022848226006,0.3818552586750717,0.0,0.6388431132133949
2018-10-10,48.64095880856749,0.0,14.681076527982876,0.0,31.627598821757648,2.85777157233396,0.0,0.7831354218523234,0.3580323713860452,0.0,1.0514264761196568
2018-10-11,0.0,3.788508685003664,14.36862085678175,42.033855954827246,30.99832824657111,2.798515277274361,5.210759883223913,0.0,0.0,0.346962487156845,0.4544486091611125
2018-10-12,42.19294740042791,3.329122506197832,12.7310362655402,37.23595061390553,0.0,2.479950971392023,0.0,0.6833344468284959,0.310619695925573,0.3000422494554893,0.7369958503269445
2018-10-15,0.0,16.235815271067754,62.07383460753938,0.0,0.0,0.0,0.0,3.332530910697915,0.0,0.0,18.357819210694956
2018-10-16,0.0,3.9368772140941837,15.042327552944679,44.067926479854336,32.49555044865194,2.958788138666639,0.0,0.8091280062726358,0.0,0.0,0.6894021595155876
2018-10-18,0.0,9.835260276178827,0.0,0.0,81.17882594143234,7.39275204779873,0.0,0.0,0.0,0.0,1.5931617345901172
2018-10-19,0.0,3.9719356067060216,15.17227790829653,44.45609225348907,32.78014704643834,2.98609172375469,0.0,0.0,0.0,0.0,0.6334554613153575
2018-10-22,0.0,5.9411902191421655,22.725219961139263,66.59565803628429,0.0,4.473376350406028,0.0,0.0,0.0,0.0,0.26455543302826173
2018-10-23,0.0,6.240409385416739,23.837203850553294,69.86779443368721,0.0,0.0,0.0,0.0,0.0,0.0,0.05459233034276818
2018-10-24,0.0,0.0,0.0,0.0,0.0,0.0,0.0,0.0,0.0,0.0,100.0
2018-10-25,0.0,20.051248255329117,76.53797388531812,0.0,0.0,0.0,0.0,0.0,0.0,0.0,3.410777859352755
2018-10-26,0.0,3.996777145479333,15.234826683155688,44.73172695651883,32.99800532207791,3.0052014007976102,0.0,0.0,0.0,0.0,0.03346249197062874
2018-10-29,0.0,0.0,94.75018803718265,0.0,0.0,0.0,0.0,0.0,2.327835637918979,0.0,2.9219763248983646
2018-10-30,0.0,5.873253703399299,22.380200382409043,65.72517731578776,0.0,4.415769661377144,0.0,1.2058535438255376,0.0,0.0,0.3997453932012149
2018-10-31,0.0,17.075042816394113,65.04827719698997,0.0,0.0,0.0,0.0,0.0,1.600560634655221,0.0,16.2761193519607
2018-11-01,0.0,3.8726646735101156,14.55731001268946,43.337667552777276,32.11783242564678,0.0,0.0,0.7947340132453258,0.36306020306548104,0.0,4.956731119065558
2018-11-02,0.0,80.21844614287163,0.0,0.0,0.0,0.0,0.0,0.0,7.522690952109146,0.0,12.258862905019235
2018-11-05,0.0,77.04550596881626,0.0,0.0,0.0,0.0,0.0,15.85535794974366,0.0,0.0,7.099136081440075
2018-11-06,0.0,7.167981216547719,0.0,80.15529545436615,0.0,0.0,9.982379974236025,1.468090453876954,0.6725571500636015,0.0,0.5536957509095395
2018-11-07,0.0,0.0,30.59472111578775,0.0,68.46821070243904,0.0,0.0,0.0,0.7720362448819268,0.0,0.16503193689128554
2018-11-08,0.0,0.0,24.533457836196217,73.72612086565685,0.0,0.0,0.0,1.3543891005737865,0.0,0.0,0.386032197573148
2018-11-09,0.0,0.0,0.0,0.0,0.0,0.0,0.0,0.0,92.22816544753745,0.0,7.771834552462547
2018-11-12,0.0,7.532791157588805,28.016248178061325,0.0,62.74922282852793,0.0,0.0,1.55911606936251,0.0,0.0,0.1426217664594323
2018-11-13,0.0,4.086190628758157,15.166011679885374,45.67154803061108,34.10936294341836,0.0,0.0,0.0,0.0,0.375756117132758,0.5911306001942735
2018-11-14,0.0,0.0,0.0,0.0,89.56840185975062,0.0,0.0,0.0,1.0095022174605703,0.0,9.42209592278881
2018-11-15,0.0,0.0,15.951845103227036,48.09756018240672,35.95059471436625,0.0,0.0,0.0,0.0,0.0,0.0
2018-11-16,0.0,0.0,24.586657038454014,74.14732647367916,0.0,0.0,0.0,0.0,0.6248732627064426,0.6184121256001581,0.022731099560223598
2018-11-19,0.0,3.9811740168988834,14.755974374442967,44.48319631381082,33.25834743569428,2.992073562777033,0.0,0.0,0.37542118928130297,0.0,0.1538131070947146
2018-11-20,0.0,0.0,0.0,0.0,89.5450940242149,8.057058588342434,0.0,2.2175271119007594,0.0,0.0,0.1803202755418963
2018-11-22,0.0,0.0,0.0,54.02394367709928,40.41887859301713,3.6360166022807165,0.0,0.9961503436087442,0.4571921485442463,0.44768321284481255,0.020135422605063766
2018-11-23,0.0,0.0,0.0,0.0,89.68332701741022,8.070309218222919,0.0,2.2006205847117597,0.0,0.0,0.04574317965510161
2018-11-26,0.0,0.0,0.0,0.0,89.7438863812283,8.072843631725002,0.0,2.1448466731562745,0.0,0.0,0.03842331389042773
2018-11-28,0.0,0.0,0.0,0.0,88.48347033907078,7.960432515958354,0.0,2.0989481761733626,0.0,0.9815738300091964,0.4755751387883034
2018-12-03,0.0,53.177756707651355,0.0,0.0,0.0,40.02748493480279,0.0,0.0,0.0,4.923088668211592,1.8716696893342601
2018-12-04,0.0,0.0,0.0,0.0,0.0,0.0,0.0,0.0,0.0,0.0,100.0
2018-12-05,0.0,0.0,0.0,0.0,88.80365833706611,7.99161275137911,0.0,2.104654933653249,0.0,0.9892931684908497,0.11078080941069135
2018-12-06,0.0,0.0,0.0,0.0,0.0,59.6960834621674,0.0,15.701640188780477,7.494405504119947,7.284573512730061,9.823297332202106
2018-12-07,0.0,0.0,0.0,0.0,91.30879705718833,8.227992618001824,0.0,0.0,0.0,0.0,0.4632103248098426
2018-12-10,0.0,9.401615243927889,0.0,0.0,79.92054095003611,7.362377413068595,0.0,1.869758290480434,0.9025771698047197,0.0,0.5431309326822518
2018-12-11,0.0,7.080271629928856,26.806679804898643,0.0,60.4913900134839,5.58209910146097,0.0,0.0,0.0,0.0,0.03955945022763355
2018-12-12,0.0,9.583243359860528,0.0,0.0,81.94528020343506,7.561385534935548,0.0,0.0,0.0,0.8941676241617678,0.015923277607085045
2018-12-13,0.0,9.37452696571034,0.0,0.0,80.40341877693636,7.418393205824363,0.0,1.8819176516644311,0.0,0.8799042580385292,0.04183914182597344
2018-12-14,0.0,9.367669341233578,0.0,0.0,80.36943741152913,7.413028645680065,0.0,1.884946735062655,0.9073325573484144,0.0,0.057585309146157886
2018-12-17,0.0,0.0,0.0,0.0,90.75895106717782,8.371630466643262,0.0,0.0,0.0,0.0,0.8694184661789256
2018-12-19,0.0,10.001995387651712,0.0,0.0,85.86273126891368,0.0,0.0,2.013542512465863,0.0,0.9263494010899098,1.1953814298788425
2018-12-21,0.0,20.21852736981308,77.38046869231468,0.0,0.0,0.0,0.0,0.0,0.0,0.0,2.4010039378722343
2019-01-02,70.16068795789255,5.378579793494322,20.61819128562586,0.0,0.0,0.0,0.0,1.090072813559646,0.0,0.5038012320591947,2.248666917368426
2019-01-04,54.85678599530503,4.211063831646862,0.0,0.0,36.4145107060362,3.350788667529393,0.0,0.0,0.0,0.38903512156643527,0.7778156779160794
2019-01-07,0.0,0.0,0.0,0.0,88.56262639370732,8.150152437333404,0.0,2.075151781086938,0.0,0.0,1.2120693878723414
2019-01-08,57.5927397887034,0.0,0.0,0.0,38.239801063475284,3.518455292465593,0.0,0.0,0.0,0.0,0.6490038553557209
2019-01-09,34.07443009955917,2.6169618476205936,10.038025600129977,30.13173751184762,22.69995835609593,0.0,0.0,0.0,0.0,0.0,0.4388865847467019
2019-01-10,0.0,9.27850284535198,0.0,0.0,80.54069601302353,7.3942331677955195,0.0,1.8806755637388897,0.9058924100900726,0.0,0.0
2019-01-15,92.2027491993608,0.0,0.0,0.0,0.0,5.641064463996099,0.0,1.4359542098179718,0.6912490155422071,0.0,0.028983111282924606
2019-01-16,0.0,0.0,79.26017966105444,0.0,0.0,16.45924794977131,0.0,4.181332028783576,0.0,0.0,0.09924036039067843
2019-01-17,0.0,0.0,0.0,0.0,95.81926400453719,0.0,0.0,2.209669051934565,1.0785174004564728,0.0,0.8925495430717724
2019-01-18,99.24881002827868,0.0,0.0,0.0,0.0,0.0,0.0,0.0,0.7453399773928919,0.0,0.005849994328430499
2019-01-21,48.80345829820768,3.749880586989334,14.391349512152937,0.0,32.614043081390065,0.0,0.0,0.0,0.3670970641139333,0.0,0.07417145714605523
2019-01-22,47.29320727404816,3.635857049579267,13.961053075708563,0.0,31.712427557170276,2.9005789643611486,0.0,0.0,0.35604615517555266,0.0,0.14082992395703717
2019-01-23,0.0,0.0,76.04655267395765,0.0,0.0,15.797466438846747,0.0,3.9688269076546927,1.9409634479210465,0.0,2.2461905316198654
2019-01-24,0.0,0.0,0.0,0.0,0.0,0.0,0.0,0.0,0.0,0.0,100.0
2019-01-25,99.21099136516273,0.0,0.0,0.0,0.0,0.0,0.0,0.0,0.7484158267771377,0.0,0.04059280806013415
2019-01-29,0.0,0.0,0.0,0.0,0.0,0.0,0.0,0.0,91.71220177468837,0.0,8.287798225311642
2019-01-30,91.95859784662821,7.0700726281196395,0.0,0.0,0.0,0.0,0.0,0.0,0.6892215985038679,0.0,0.2821079267482868
2019-01-31,0.0,0.0,96.95047674604703,0.0,0.0,0.0,0.0,0.0,2.4664912085135655,0.0,0.5830320454394036
2019-02-01,0.0,0.0,79.52683794291363,0.0,0.0,16.390114830909276,0.0,0.0,2.0212075078831395,0.0,2.0618397182939483
2019-02-08,0.0,52.640821985490085,0.0,0.0,0.0,41.68000284025517,0.0,0.0,5.141401314602529,0.0,0.5377738596522165
2019-02-11,0.0,0.0,0.0,0.0,0.0,0.0,0.0,0.0,0.0,0.0,99.99999999999999
2019-02-13,0.0,7.8444713466999465,0.0,90.62190231596675,0.0,0.0,0.0,0.0,0.7678974013255558,0.0,0.7657289360077429
2019-02-14,0.0,0.0,0.0,0.0,0.0,0.0,0.0,0.0,0.0,0.0,0.0
2019-02-15,71.29172701484309,5.471200083799236,21.089343303456015,0.0,0.0,0.0,0.0,1.0983008017305311,0.5359798083466331,0.0,0.5134489878244936
2019-02-18,0.0,0.0,0.0,96.59273184204253,0.0,0.0,0.0,1.6627116785358327,0.8195443792525421,0.0,0.925012100169098
2019-02-19,0.0,52.68582294360492,0.0,0.0,0.0,41.83118999169873,0.0,0.0,5.171685185688356,0.0,0.31130187900799056
2019-02-21,0.0,0.0,80.4537370950317,0.0,0.0,16.551422107612545,0.0,0.0,2.046876604870764,0.0,0.947964192484993
2019-02-22,0.0,0.0,0.0,0.0,0.0,0.0,0.0,0.0,0.0,0.0,0.0
2019-02-25,0.0,17.154558800068045,66.21018619147472,0.0,0.0,13.621818178613013,0.0,0.0,1.6850619330807182,0.0,1.3283748967635085
2019-02-26,0.0,7.374265898813603,0.0,85.29369381137215,0.0,5.856628447192367,0.0,0.0,0.7246909809020861,0.0,0.7507208617197918
2019-02-27,0.0,16.931181168031408,65.3670895082268,0.0,0.0,13.451577096646064,0.0,0.0,1.6654998733118078,0.0,2.58465235378393
2019-03-01,0.0,50.23135941769541,0.0,0.0,0.0,39.91098027726205,0.0,0.0,4.9429708726664146,0.0,4.914689432376129
2019-03-04,0.0,0.0,0.0,0.0,0.0,0.0,0.0,0.0,0.0,0.0,100.0
2019-03-05,52.399463422765805,0.0,0.0,46.45532363911805,0.0,0.0,0.0,0.0,0.3953664524664505,0.37815887173235574,0.37168761391733857
2019-03-06,0.0,0.0,77.62798102102029,0.0,0.0,15.976624877400786,0.0,4.004296970495492,0.0,0.0,2.3910971310834395
2019-03-07,0.0,0.0,0.0,0.0,0.0,0.0,0.0,0.0,0.0,0.0,100.0
2019-03-08,0.0,17.432792543825396,67.21446586256194,0.0,0.0,13.856907125332121,0.0,0.0,0.0,0.0,1.4958344682805458
2019-03-14,0.0,0.0,77.13414863692232,0.0,0.0,15.890137969439388,0.0,3.9699314262974994,1.970163826390963,0.0,1.0356181409498344
2019-03-18,0.0,0.0,0.0,0.0,0.0,82.06521955498462,0.0,0.0,10.181209665754094,0.0,7.753570779261281
2019-03-20,0.0,45.92549150028673,0.0,0.0,0.0,36.57003440235186,0.0,9.149822903115263,0.0,0.0,8.354651194246145
2019-03-21,0.0,0.0,23.410948110689166,70.19465155812614,0.0,4.823174556607733,0.0,0.0,0.5984487223342173,0.0,0.9727770522427414
2019-03-22,0.0,0.0,0.0,0.0,0.0,0.0,0.0,0.0,0.0,0.0,100.0
2019-03-25,0.0,0.0,0.0,92.67255729477105,0.0,6.36746108897595,0.0,0.0,0.7905431215263534,0.0,0.16943849472663972
2019-03-26,0.0,0.0,21.343271994808497,63.83742011653389,0.0,4.388037535795163,7.954028802075365,1.09411842905433,0.5449238944508431,0.0,0.8381992272819119
2019-03-28,0.0,0.0,0.0,0.0,0.0,88.61654482995908,0.0,0.0,11.01460751314745,0.0,0.36884765689346904
2019-03-29,0.0,0.0,0.0,0.0,0.0,0.0,0.0,66.06138430474958,32.90201470349044,0.0,1.0366009917599839
2019-04-01,0.0,5.748710856030318,22.291151675541162,66.58742129360664,0.0,4.578829605636491,0.0,0.0,0.5698434577959393,0.0,0.22404311138944888
2019-04-02,0.0,0.0,24.96165083220417,74.09189541420922,0.0,0.0,0.0,0.0,0.6354925411767187,0.0,0.3109612124098879
2019-04-03,0.0,18.5636859509702,72.29971515309536,0.0,0.0,0.0,0.0,3.6993162383766376,1.8430615199052278,0.0,3.5942211376525828
2019-04-04,0.0,0.0,0.0,0.0,0.0,0.0,0.0,0.0,76.38116770518202,0.0,23.61883229481798
2019-04-08,0.0,52.655145424263694,0.0,0.0,0.0,41.94674810496395,0.0,0.0,5.237085738997191,0.0,0.1610207317751566
2019-04-09,0.0,0.0,0.0,0.0,89.77436055921774,8.15519939531717,0.0,0.0,1.018430526571373,0.0,1.0520095188937155
2019-04-10,0.0,0.0,0.0,53.95683297448722,40.91475862766918,3.717027345463777,0.0,0.9302626803042086,0.4642992438155975,0.0,0.01681912826001709
2019-04-12,0.0,9.250406519820947,0.0,0.0,81.35108340676419,7.3892069862941545,0.0,1.856988046750942,0.0,0.0,0.1523150403697635
2019-04-17,0.0,0.0,0.0,0.0,99.87026972068456,0.0,0.0,0.0,0.0,0.0,0.12973027931544806
2019-04-18,0.0,7.142349609394942,27.888066448324984,0.0,62.96395076527935,0.0,0.0,1.431040149931016,0.0,0.0,0.5745930270697024
2019-04-24,50.58868243946979,0.0,15.059072862134624,0.0,33.992961871887445,0.0,0.0,0.0,0.0,0.0,0.3592828265081357
2019-04-25,0.0,0.0,0.0,0.0,0.0,0.0,0.0,0.0,0.0,0.0,100.0
2019-04-29,0.0,0.0,0.0,0.0,0.0,0.0,0.0,0.0,0.0,0.0,100.0
2019-05-02,0.0,0.0,0.0,0.0,97.22364171258317,0.0,0.0,2.216575442967282,0.0,0.0,0.5597828444495457
2019-05-07,0.0,0.0,29.914064667572966,0.0,67.54441710546392,0.0,0.0,1.5546772209399293,0.0,0.0,0.9868410060231947
2019-05-09,59.69226168179287,0.0,0.0,0.0,40.10872393736918,0.0,0.0,0.0,0.0,0.0,0.19901438083795236
2019-05-10,0.0,0.0,0.0,55.701403879284875,42.305421706059626,0.0,0.0,0.9840459158942386,0.47961467715712414,0.0,0.5295138216041406
2019-05-14,34.91514669033697,0.0,10.389570650160838,30.887018714970793,23.459794851624874,0.0,0.0,0.0,0.0,0.0,0.3484690929065263
2019-05-15,0.0,0.0,0.0,0.0,95.48587150341012,0.0,0.0,2.219561529517522,1.0831751983736586,0.0,1.2113917686986984
2019-05-16,0.0,7.21831497453996,28.187880268441916,0.0,63.66079233424466,0.0,0.0,0.0,0.7226076607056345,0.0,0.21040476206782469
2019-05-17,0.0,11.15753148295495,0.0,0.0,88.14801171833875,0.0,0.0,0.0,0.0,0.0,0.6944567987063044
2019-05-20,99.7044680793616,0.0,0.0,0.0,0.0,0.0,0.0,0.0,0.0,0.0,0.29553192063838823
2019-05-23,99.70937724747853,0.0,0.0,0.0,0.0,0.0,0.0,0.0,0.0,0.0,0.29062275252147146
2019-05-24,52.32651844355362,0.0,0.0,46.27465293545576,0.0,0.0,0.0,0.8092482532726921,0.39908107633871714,0.0,0.19049929137921112
2019-05-27,71.81729776134597,6.1072754492842005,21.32673122167553,0.0,0.0,0.0,0.0,0.0,0.547883548698177,0.0,0.20081201899613094
2019-05-28,50.36853221817446,0.0,14.940687698591173,0.0,33.81780796276648,0.0,0.0,0.0,0.38445274338837776,0.0,0.4885193770795218
2019-05-29,0.0,22.300815734422603,77.69918426557739,0.0,0.0,0.0,0.0,0.0,0.0,0.0,0.0
2019-05-30,50.56940528493915,0.0,14.98274866900604,0.0,33.94715023044002,0.0,0.0,0.0,0.386149272218203,0.0,0.11454654339658163
2019-05-31,48.542387244772414,4.1310873887474795,14.385188432618301,0.0,32.570472856568905,0.0,0.0,0.0,0.37086407729289783,0.0,0.0
2019-06-03,50.48092274885941,0.0,14.960911607913086,0.0,33.92201419041973,0.0,0.0,0.0,0.38608322772536996,0.0,0.2500682250824056
2019-06-04,75.79893369318975,0.0,22.44984825129583,0.0,0.0,0.0,0.0,1.1712127686571407,0.5800052868572769,0.0,0.0
2019-06-05,0.0,0.0,82.18375975763146,0.0,0.0,16.88518480856941,0.0,0.0,0.0,0.0,0.9310554337991211
2019-06-06,0.0,0.0,0.0,0.0,88.70336182318135,8.033560683273743,0.0,1.9943382543251766,0.0,0.0,1.2687392392197265
2019-06-10,0.0,0.0,0.0,0.0,90.37981919529928,8.184555883875175,0.0,0.0,0.0,0.0,1.4356249208255458
2019-06-11,0.0,98.73898055878911,0.0,0.0,0.0,0.0,0.0,0.0,0.0,0.0,1.2610194412109028
2019-06-12,0.0,0.0,0.0,0.0,0.0,0.0,0.0,0.0,0.0,0.0,100.0
2019-06-13,0.0,0.0,0.0,54.63243772346614,41.590060412138456,3.7654875865546216,0.0,0.0,0.0,0.0,0.012014277840784132
2019-06-14,98.53882822979249,0.0,0.0,0.0,0.0,0.0,0.0,0.0,0.0,0.7202244499948678,0.740947320212643
2019-06-18,0.0,0.0,0.0,0.0,0.0,0.0,0.0,98.98692620223719,0.0,0.0,1.0130737977628115
2019-06-25,0.0,0.0,0.0,0.0,0.0,0.0,0.0,0.0,0.0,0.0,100.0
2019-06-26,0.0,7.963613424365086,27.76343546004563,0.0,63.150350456627045,0.0,0.0,0.0,0.718171670254931,0.0,0.40442898870730914
2019-06-27,47.657050035753045,4.036848346222297,14.086922300394331,0.0,32.0877570518913,0.0,0.0,0.7192101399273677,0.3651094785836728,0.0,1.0471026472279854
2019-06-28,0.0,22.100987874054308,77.210160674783,0.0,0.0,0.0,0.0,0.0,0.0,0.0,0.688851451162706
2019-07-02,42.087042281495606,3.5485399015478687,12.464173003355782,37.208538014072786,0.0,0.0,4.621227923448145,0.0,0.0,0.0,0.07047887607980766
2019-07-03,0.0,7.871718881249137,27.95140322108946,0.0,63.50962681216341,0.0,0.0,0.0,0.0,0.6667554957575873,0.0004955897404096768
2019-07-04,35.03413079213645,0.0,10.38928734149318,30.965097938641033,23.608640611948832,0.0,0.0,0.0,0.0,0.0,0.0028433157804995993
2019-07-05,0.0,0.0,99.32124773566379,0.0,0.0,0.0,0.0,0.0,0.0,0.0,0.6787522643362162
2019-07-08,0.0,0.0,95.09367171259055,0.0,0.0,0.0,0.0,4.875558694930615,0.0,0.0,0.03076959247883861
2019-07-09,76.06983618355689,0.0,22.54994327071687,0.0,0.0,0.0,0.0,1.163792836853628,0.0,0.0,0.21642770887261298
2019-07-11,52.96870277537493,0.0,0.0,46.819746797844736,0.0,0.0,0.0,0.0,0.0,0.0,0.2115504267803358
2019-07-12,43.96146751514646,3.649907672399895,13.03496038860678,38.855351149183456,0.0,0.0,0.0,0.0,0.0,0.0,0.4983132746634165
2019-07-15,0.0,84.25508543637041,0.0,0.0,0.0,0.0,0.0,15.580012284720073,0.0,0.0,0.16490227890951822
2019-07-16,0.0,0.0,0.0,0.0,0.0,0.0,0.0,0.0,0.0,0.0,100.0
2019-07-17,0.0,18.685264676882312,66.89921038685767,0.0,0.0,13.733844581489416,0.0,0.0,0.0,0.0,0.6816803547705922
2019-07-18,0.0,10.032818459372116,0.0,0.0,82.51031364469381,7.4475445554172595,0.0,0.0,0.0,0.0,0.009323340516816825
2019-07-23,0.0,0.0,100.0,0.0,0.0,0.0,0.0,0.0,0.0,0.0,0.0
2019-07-25,56.52480158135707,4.550199974748785,0.0,0.0,38.17001251566014,0.0,0.0,0.0,0.0,0.0,0.7549859282340101
2019-07-26,59.61545308683177,0.0,0.0,0.0,40.347104586415405,0.0,0.0,0.0,0.0,0.0,0.03744232675282676
2019-07-29,76.63799099293918,0.0,22.786220629652714,0.0,0.0,0.0,0.0,0.0,0.0,0.0,0.5757883774081047
2019-07-31,38.93066435340464,0.0,0.0,34.44522894919341,26.34349465118459,0.0,0.0,0.0,0.0,0.2781107514159413,0.002501294801424789
2019-08-01,0.0,78.02348457815707,0.0,0.0,0.0,0.0,0.0,14.820019805811114,0.0,6.85821153630559,0.29828407972623405
2019-08-05,56.818799760896155,4.582089830695796,0.0,0.0,38.585651651100775,0.0,0.0,0.0,0.0,0.0,0.013458757307272378
2019-08-06,0.0,8.211424851108031,0.0,90.21877176351573,0.0,0.0,0.0,1.5604911825581518,0.0,0.0,0.009312202818090821
2019-08-07,0.0,20.834349552337127,76.84092872026714,0.0,0.0,0.0,0.0,0.0,0.0,0.0,2.324721727395728
2019-08-08,43.82249762515133,3.5310400668831488,13.041668354041661,38.82200511363029,0.0,0.0,0.0,0.0,0.0,0.3145681745412529,0.46822066575231625
2019-08-09,76.55934063844794,0.0,22.801795248251167,0.0,0.0,0.0,0.0,0.0,0.0,0.0,0.6388641133008954
2019-08-12,0.0,20.241768577472644,75.0402691817849,0.0,0.0,0.0,0.0,0.0,0.0,1.7820458430591763,2.935916397683285
2019-08-13,50.043889833421105,0.0,14.920874851167506,0.0,33.97839897091586,0.0,0.0,0.7619428809976313,0.0,0.0,0.29489346349789197
2019-08-14,43.79038918513486,3.5220977316302817,13.053567921033688,38.78483996962741,0.0,0.0,0.0,0.0,0.0,0.30606107556106876,0.5430441170126781
2019-08-15,68.4829990027433,5.4979675467553895,20.386342535076363,0.0,0.0,4.176471311817716,0.0,1.0280035462347923,0.0,0.0,0.42821605737242846
2019-08-16,73.30716765366138,0.0,21.814205969934775,0.0,0.0,4.470684494125344,0.0,0.0,0.0,0.0,0.4079418822784998
2019-08-20,44.3433739464919,0.0,13.176962061901634,39.2486993515512,0.0,2.7045806721447163,0.0,0.0,0.0,0.0,0.5263839679105373
2019-08-21,0.0,0.0,0.0,0.0,0.0,0.0,0.0,97.34213397575083,0.0,0.0,2.6578660242491723
2019-08-22,0.0,0.0,94.89034406445018,0.0,0.0,0.0,0.0,4.793196506794425,0.0,0.0,0.31645942875540156
2019-08-23,0.0,0.0,99.71822795427909,0.0,0.0,0.0,0.0,0.0,0.0,0.0,0.2817720457209106
2019-08-26,72.58533262300071,5.822676023631385,21.559822865867748,0.0,0.0,0.0,0.0,0.0,0.0,0.0,0.032168487500160346
2019-08-27,0.0,0.0,78.64371500172578,0.0,0.0,16.14699495174186,0.0,4.0152037669151195,0.0,0.0,1.1940862796172462
2019-08-28,0.0,0.0,0.0,0.0,0.0,0.0,0.0,0.0,0.0,0.0,100.0
2019-09-02,73.6342922469722,0.0,21.87436148386785,0.0,0.0,4.491346269159962,0.0,0.0,0.0,0.0,0.0
2019-09-03,33.56399410120734,5.38853811944804,19.953863127472218,0.0,0.0,0.0,40.98915217122009,0.0,0.0,0.0,0.10445248065231208
2019-09-04,0.0,0.0,29.937798298065125,0.0,68.37529530940493,0.0,0.0,1.5235679086054896,0.0,0.0,0.1633384839244438
2019-09-05,0.0,0.0,0.0,0.0,97.6494009323297,0.0,0.0,0.0,1.1041244751258454,0.0,1.246474592544458
2019-09-06,0.0,0.0,98.28507851201414,0.0,0.0,0.0,0.0,0.0,0.0,0.0,1.7149214879858616
2019-09-09,0.0,4.131075582123633,15.296731441568244,45.56773720202326,34.94263786503396,0.0,0.0,0.0,0.0,0.0,0.061817909250899444
2019-09-10,0.0,4.1329281004395915,15.298388452269549,45.57164817880901,34.953541448413496,0.0,0.0,0.0,0.0,0.0,0.04349382006835392
2019-09-11,20.512349410960326,0.0,12.192306926917459,36.31818310785298,27.858470743343293,2.5036873782209996,0.0,0.6139918626229091,0.0,0.0,0.0010105700820266397
2019-09-12,0.0,0.0,0.0,99.99443506322862,0.0,0.0,0.0,0.0,0.0,0.0,0.0055649367713831764
2019-09-16,0.0,4.868034037378526,0.0,53.6677090255264,41.171416278584545,0.0,0.0,0.0,0.0,0.0,0.2928406585105337
2019-09-17,0.0,0.0,0.0,99.94020471491552,0.0,0.0,0.0,0.0,0.0,0.0,0.059795285084478865
2019-09-18,0.0,0.0,0.0,99.92908395531386,0.0,0.0,0.0,0.0,0.0,0.0,0.0709160446861409
2019-09-19,0.0,0.0,0.0,99.4558694736868,0.0,0.0,0.0,0.0,0.0,0.0,0.5441305263132021
2019-09-20,0.0,99.91111657624975,0.0,0.0,0.0,0.0,0.0,0.0,0.0,0.0,0.08888342375025154
2019-09-25,36.055259127332604,0.0,0.0,63.81799551160683,0.0,0.0,0.0,0.0,0.0,0.0,0.12674536106056666
2019-09-26,28.142994794631036,4.5186614280266255,16.73316711761302,49.77706763131573,0.0,0.0,0.0,0.8281090284135822,0.0,0.0,0.0
2019-10-02,98.20119646663468,0.0,0.0,0.0,0.0,0.0,0.0,0.0,0.0,0.0,1.7988035333653267
2019-10-03,86.16934409274991,13.830655907250094,0.0,0.0,0.0,0.0,0.0,0.0,0.0,0.0,0.0
2019-10-04,0.0,0.0,0.0,0.0,0.0,0.0,0.0,68.08767455044932,0.0,0.0,31.912325449550686
2019-10-09,58.16496458807714,0.0,34.568565798087036,0.0,0.0,7.092988126778164,0.0,0.0,0.0,0.0,0.17348148705765698
2019-10-10,28.56475522238074,0.0,16.98154257219067,50.48684570022649,0.0,3.483362722700898,0.0,0.0,0.0,0.0,0.48349378250119895
2019-10-11,0.0,0.0,24.948644491498595,74.16719239634124,0.0,0.0,0.0,0.0,0.0,0.0,0.884163112160173
2019-10-14,0.0,0.0,0.0,90.78991720374889,0.0,6.266760771596969,0.0,1.505665902838391,0.0,0.0,1.437656121815754
2019-10-15,76.85104491059784,12.326404741522353,0.0,0.0,0.0,9.37551120408016,0.0,0.0,0.0,0.0,1.4470391437996555
2019-10-16,0.0,0.0,0.0,0.0,0.0,0.0,0.0,0.0,0.0,0.0,100.0
2019-10-22,0.0,17.617542972617677,65.29154535252677,0.0,0.0,13.402698281575507,0.0,3.2207239892746395,0.0,0.0,0.4674894040054124
2019-10-23,0.0,17.91125957442437,66.38483063865073,0.0,0.0,13.630042578196273,0.0,0.0,0.0,0.0,2.07386720872863
2019-10-24,87.99686368197293,0.0,0.0,0.0,0.0,10.739218627329167,0.0,0.0,0.0,0.0,1.2639176906979044
2019-10-28,0.0,0.0,80.09016494055996,0.0,0.0,0.0,0.0,0.0,0.0,0.0,19.909835059440038
2019-10-30,0.0,0.0,97.2235775078061,0.0,0.0,0.0,0.0,0.0,2.5113704101879444,0.0,0.2650520820059491
2019-10-31,61.61601681754241,0.0,36.614543933170765,0.0,0.0,0.0,0.0,0.0,0.9464709465958155,0.0,0.822968302691008
2019-11-04,0.0,0.0,0.0,0.0,0.0,0.0,0.0,0.0,0.0,0.0,100.0
2019-11-11,0.0,0.0,25.099662033895857,74.66686829675204,0.0,0.0,0.0,0.0,0.0,0.0,0.23346966935210292
2019-11-12,0.0,0.0,0.0,0.0,0.0,0.0,0.0,0.0,0.0,0.0,100.0
2019-11-13,0.0,98.82098146641948,0.0,0.0,0.0,0.0,0.0,0.0,0.0,0.0,1.1790185335805279
2019-11-15,98.7657535473215,0.0,0.0,0.0,0.0,0.0,0.0,0.0,0.0,0.0,1.2342464526785144
2019-11-18,99.87552581732307,0.0,0.0,0.0,0.0,0.0,0.0,0.0,0.0,0.0,0.12447418267693292
2019-11-19,99.65224225158407,0.0,0.0,0.0,0.0,0.0,0.0,0.0,0.0,0.0,0.347757748415934
2019-11-20,0.0,92.31695009863182,0.0,0.0,0.0,0.0,0.0,0.0,0.0,0.0,7.6830499013681814
2019-11-21,85.6363106100235,13.774256733226883,0.0,0.0,0.0,0.0,0.0,0.0,0.0,0.0,0.5894326567496148
2019-11-22,60.71985797748428,0.0,36.10814938179459,0.0,0.0,0.0,0.0,0.0,0.9344902407415269,0.8520542717780898,1.385448128201507
2019-11-25,0.0,87.2176264017603,0.0,0.0,0.0,0.0,0.0,0.0,0.0,7.584560196703159,5.19781340153654
2019-11-26,0.0,0.0,0.0,0.0,0.0,0.0,0.0,0.0,0.0,0.0,100.0
2019-11-27,0.0,0.0,0.0,0.0,0.0,0.0,0.0,0.0,88.07030720495479,0.0,11.929692795045206
2019-11-29,0.0,0.0,0.0,0.0,0.0,79.8050012378983,0.0,0.0,10.060323798135972,0.0,10.13467496396573
2019-12-03,0.0,0.0,0.0,0.0,0.0,0.0,0.0,0.0,0.0,0.0,100.0
2019-12-04,0.0,0.0,0.0,0.0,0.0,79.84079894779818,0.0,19.21441343342941,0.0,0.0,0.944787618772408
2019-12-06,98.3063854419978,0.0,0.0,0.0,0.0,0.0,0.0,0.0,0.0,0.0,1.6936145580021977
2019-12-09,0.0,0.0,99.99668393265559,0.0,0.0,0.0,0.0,0.0,0.0,0.0,0.0033160673444199854
2019-12-10,0.0,74.65671201274824,0.0,0.0,0.0,0.0,0.0,13.707743850761354,0.0,0.0,11.635544136490399
2019-12-11,0.0,0.0,0.0,0.0,97.19394708381714,0.0,0.0,2.118923173864141,0.0,0.0,0.6871297423187308
2019-12-12,0.0,0.0,99.29140380192857,0.0,0.0,0.0,0.0,0.0,0.0,0.0,0.7085961980714328
2019-12-13,0.0,91.54667697640524,0.0,0.0,0.0,0.0,0.0,0.0,0.0,7.991782531899966,0.4615404916947925
2019-12-18,0.0,0.0,93.77270016073011,0.0,0.0,0.0,0.0,4.707666915549966,0.0,0.0,1.5196329237199273
2019-12-19,0.0,0.0,29.809096970316666,0.0,68.20554178291401,0.0,0.0,1.4903209596769011,0.0,0.0,0.4950402870924137
2019-12-20,0.0,0.0,0.0,0.0,0.0,0.0,0.0,62.64819662123966,32.20986209911148,0.0,5.141941279648856
2019-12-23,33.487995428327864,0.0,19.976218110550604,0.0,45.71890962700925,0.0,0.0,0.0,0.5166196246830483,0.0,0.30025720942923506
2019-12-27,83.97299646179928,13.554848865970031,0.0,0.0,0.0,0.0,0.0,0.0,1.2961862773137158,0.0,1.1759683949169704
2019-12-30,31.483922348303906,5.096674227374319,18.779191856689554,0.0,42.99554275409345,0.0,0.0,0.9478099970886186,0.4861741517974901,0.0,0.21068466465266442
2020-01-03,38.88154413877106,6.303223269550112,0.0,0.0,53.09921899153436,0.0,0.0,0.0,0.6008274694208807,0.0,1.1151861307235875
2020-01-07,27.800729754810504,4.513017161745726,16.590577279845714,49.28325338423648,0.0,0.0,0.0,0.8332363875648785,0.4302030936698856,0.0,0.548982938126811
2020-01-09,77.8201740488447,12.633344570229383,0.0,0.0,0.0,9.526883484116862,0.0,0.0,0.0,0.0,0.01959789680904969
2020-01-13,0.0,0.0,0.0,0.0,0.0,92.04836381564489,0.0,0.0,0.0,0.0,7.951636184355119
2020-01-14,77.51051248453993,12.583705336638342,0.0,0.0,0.0,9.490309848224857,0.0,0.0,0.0,0.0,0.4154723305968784
2020-01-15,51.9664069288173,8.393270073264548,31.056200186637756,0.0,0.0,6.363793909921343,0.0,1.5674529715707048,0.0,0.0,0.6528759297883493
2020-01-16,0.0,5.713598131820246,21.209606321489318,62.89883534662418,0.0,4.345922961699916,0.0,0.0,0.5493843885684567,0.0,5.282652849797884
2020-01-17,0.0,0.0,23.693288437549224,70.25820241296256,0.0,4.854828567076677,0.0,1.1936805824115448,0.0,0.0,0.0
2020-01-20,28.28537072870984,4.542890843108202,16.917783278412468,50.120843611824505,0.0,0.0,0.0,0.0,0.0,0.0,0.13311153794498742
2020-01-21,27.27221591936757,4.378684361569673,16.33140831814102,48.31949255545672,0.0,3.3405848039799633,0.0,0.0,0.0,0.0,0.35761404148504994
2020-01-23,0.0,0.0,81.3521920185505,0.0,0.0,16.640963595124454,0.0,0.0,0.0,0.0,2.006844386325049
2020-01-30,96.38122500571727,0.0,0.0,0.0,0.0,0.0,0.0,2.8737251882969583,0.0,0.0,0.7450498059857653
2020-01-31,87.72654011296079,0.0,0.0,0.0,0.0,10.744836632521762,0.0,0.0,0.0,0.0,1.528623254517447
2020-02-03,75.85121260926576,12.181560621826382,0.0,0.0,0.0,9.29085404746959,0.0,2.261737553605842,0.0,0.0,0.414635167832428
2020-02-06,0.0,78.23157563170913,0.0,0.0,0.0,0.0,0.0,0.0,7.5515346736843725,0.0,14.216889694606486
2020-02-07,0.0,0.0,0.0,0.0,0.0,0.0,0.0,0.0,9.011816400969877,0.0,90.98818359903012
2020-02-10,0.0,20.224759829852434,75.62434761616719,0.0,0.0,0.0,0.0,0.0,1.956953858327825,0.0,2.1939386956525535
2020-02-12,0.0,0.0,0.0,0.0,0.0,0.0,0.0,0.0,0.0,0.0,100.0
2020-02-13,0.0,0.0,0.0,0.0,0.0,79.35523384666587,0.0,19.31402171506215,0.0,0.0,1.3307444382719797
2020-02-14,0.0,90.81712258872363,0.0,0.0,0.0,0.0,0.0,0.0,0.0,7.9784436609587335,1.2044337503176343
2020-02-18,0.0,0.0,0.0,0.0,0.0,0.0,0.0,0.0,0.0,0.0,100.0
2020-02-20,60.557504947315586,0.0,36.27243432146092,0.0,0.0,0.0,0.0,1.799286916796445,0.0,0.0,1.3707738144270405
2020-02-21,0.0,0.0,99.34101756910873,0.0,0.0,0.0,0.0,0.0,0.0,0.0,0.6589824308912751
2020-02-24,62.4907796657557,0.0,37.42492657070359,0.0,0.0,0.0,0.0,0.0,0.0,0.0,0.0842937635407051
2020-02-25,0.0,0.0,94.96448740539208,0.0,0.0,0.0,0.0,4.714164312311606,0.0,0.0,0.32134828229631607
2020-02-26,0.0,0.0,32.26251167797685,0.0,0.0,0.0,66.16848240375566,0.0,0.8352634819144581,0.0,0.7337424363530343
2020-02-27,0.0,0.0,24.960947093561362,73.78100022020722,0.0,0.0,0.0,1.221414556281725,0.0,0.0,0.0366381299497005
2020-02-28,60.599999039886235,0.0,36.32773984058065,0.0,0.0,0.0,0.0,1.7776763898697368,0.0,0.855488307819467,0.43909642184391956
2020-03-02,61.958231192007595,0.0,37.15811031939523,0.0,0.0,0.0,0.0,0.0,0.0,0.8717230220123974,0.011935466584779165
2020-03-03,0.0,19.813816278776684,74.21445275526692,0.0,0.0,0.0,0.0,3.571495788680302,1.9198518111358505,0.0,0.4803833661402407
2020-03-04,59.78194687898329,0.0,35.86196714095522,0.0,0.0,0.0,0.0,1.6661059436359764,0.0,0.8439982467954268,1.8459817896300845
2020-03-05,0.0,0.0,0.0,0.0,0.0,0.0,99.67836802650119,0.0,0.0,0.0,0.3216319734988119
2020-03-06,0.0,0.0,32.03050938298493,0.0,0.0,0.0,65.59260225995,1.4774789532946446,0.0,0.7511519709228704,0.14825743284755946
2020-03-09,0.0,0.0,32.31071285630516,0.0,0.0,0.0,65.93405304637004,0.0,0.8357876177268008,0.0,0.9194464795980103
2020-03-10,57.07892637400372,0.0,34.25356135479392,0.0,0.0,6.993766943350477,0.0,1.5879465121846317,0.0,0.0,0.08579881566725132
2020-03-11,51.97453939351995,8.311143122647904,31.171738151203215,0.0,0.0,6.368504004628775,0.0,1.4509967694460728,0.0,0.0,0.7230785585540871
2020-03-12,0.0,0.0,82.09247487141154,0.0,0.0,16.775626999622894,0.0,0.0,0.0,0.0,1.1318981289655683
2020-03-13,52.62980847614392,8.418317263113137,31.553559615448386,0.0,0.0,6.449675369545423,0.0,0.0,0.0,0.7455615750850626,0.2030777006640629
2020-03-16,32.74416201654156,0.0,19.63426161186228,0.0,44.82093817026029,0.0,0.0,0.9098349150602671,0.509057081444484,0.4610797714244985,0.920666433406626
2020-03-17,53.49116832743026,8.621365734894312,31.92507917313985,0.0,0.0,0.0,0.0,1.5018189278395304,0.0,0.762626085755622,3.697941750940432
2020-03-18,47.776050539559925,7.68533398152969,28.519933362947565,0.0,0.0,5.892816476015679,0.0,1.3460368687575905,0.7472120735486942,0.6763591296683574,7.3562575679724995
2020-03-19,0.0,0.0,24.57321535220006,73.39081184451948,0.0,0.0,0.0,0.0,0.6444071487497214,0.0,1.3915656545307475
2020-03-20,0.0,0.0,97.06990987469088,0.0,0.0,0.0,0.0,0.0,0.0,0.0,2.9300901253091247
2020-03-23,0.0,0.0,0.0,0.0,50.98693514918433,0.0,45.6572625906408,1.044098829855339,0.5802345990736792,0.5282312880396789,1.2032375432061717
2020-03-24,0.0,11.205172402228465,0.0,0.0,0.0,0.0,85.61703756199532,0.0,1.088951071371022,0.0,2.0888389644051855
2020-03-25,0.0,0.0,0.0,0.0,0.0,0.0,99.13853711605705,0.0,0.0,0.0,0.8614628839429546
2020-03-26,0.0,0.0,0.0,0.0,0.0,62.70119443766965,0.0,14.348839544109088,7.874111947817569,7.244068397279254,7.8317856731244415
2020-03-27,0.0,0.0,24.3125060318829,72.61803472048047,0.0,0.0,0.0,1.1551536247576413,0.6187611191950504,0.5765786760618682,0.7189658276220645
2020-03-30,0.0,20.157268165053974,74.56511093391805,0.0,0.0,0.0,0.0,0.0,1.3524378771177272,0.0,3.9251830239102534
2020-03-31,0.0,0.0,88.6006378133733,0.0,0.0,0.0,0.0,4.216822586117947,1.6078283485275926,0.0,5.574711251981169
2020-04-01,0.0,0.0,93.66748442002091,0.0,0.0,0.0,0.0,4.465032889254753,0.0,0.0,1.8674826907243247
2020-04-02,0.0,0.0,0.0,0.0,0.0,0.0,0.0,0.0,0.0,0.0,100.0
2020-04-03,0.0,0.0,0.0,98.98354314144383,0.0,0.0,0.0,0.0,0.0,0.0,1.0164568585561735
2020-04-09,0.0,88.33735345171175,0.0,0.0,0.0,0.0,0.0,0.0,0.0,0.0,11.662646548288246
2020-04-14,55.725019386608956,8.997221352002715,33.24050743587568,0.0,0.0,0.0,0.0,0.0,0.0,0.0,2.037251825512656
2020-04-15,56.03135200242302,9.05675623800277,33.33171442312415,0.0,0.0,0.0,0.0,0.0,0.0,0.0,1.58017733645007
2020-04-16,33.50425235984951,0.0,19.920717808444056,0.0,46.15088452706249,0.0,0.0,0.0,0.0,0.0,0.4241453046439434
2020-04-17,84.60717125549803,13.685125873334206,0.0,0.0,0.0,0.0,0.0,0.0,0.0,0.0,1.7077028711677529
2020-04-20,0.0,0.0,76.63448833160149,0.0,0.0,0.0,0.0,0.0,0.0,0.0,23.365511668398504
2020-04-21,0.0,4.822101996602413,0.0,53.17607707960621,41.05949714510124,0.0,0.0,0.0,0.0,0.0,0.9423237786901417
2020-04-22,0.0,0.0,0.0,0.0,0.0,86.53536859499683,0.0,0.0,0.0,0.0,13.464631405003166
2020-04-23,0.0,20.58009558413264,75.58329026531439,0.0,0.0,0.0,0.0,0.0,0.0,1.8096837424317807,2.026930408121201
2020-04-24,0.0,0.0,0.0,0.0,0.0,0.0,0.0,0.0,0.0,0.0,100.0
2020-04-27,0.0,0.0,0.0,0.0,0.0,0.0,0.0,0.0,65.09837290535249,0.0,34.901627094647495
2020-04-28,61.469970792941034,0.0,36.57635192895008,0.0,0.0,0.0,0.0,0.0,0.0,0.8710966620535493,1.0825806160553366
2020-04-29,61.96231983630543,0.0,36.886561873793426,0.0,0.0,0.0,0.0,0.0,0.0,0.0,1.1511182899011358
2020-05-04,57.76249205927391,0.0,34.40108943296034,0.0,0.0,7.133591611002026,0.0,0.0,0.0,0.0,0.7028268967637268
2020-05-07,0.0,0.0,98.73739264037752,0.0,0.0,0.0,0.0,0.0,0.0,0.0,1.2626073596224796
2020-05-08,98.04991143945071,0.0,0.0,0.0,0.0,0.0,0.0,0.0,0.0,0.0,1.9500885605492928
2020-05-11,96.52742082309888,0.0,0.0,0.0,0.0,0.0,0.0,0.0,0.0,0.0,3.472579176901111
2020-05-12,33.380616450139975,5.427792345877204,0.0,59.989361115189354,0.0,0.0,0.0,0.0,0.0,0.0,1.2022300887934743
2020-05-13,27.442278468883373,4.479020432529436,16.524306466019667,49.64079643209545,0.0,0.0,0.0,0.7892390470411931,0.0,0.0,1.1243591534308797
2020-05-14,28.763393001788884,0.0,17.636536623390413,52.63885358176207,0.0,0.0,0.0,0.0,0.0,0.0,0.9612167930586406
2020-05-15,0.0,0.0,24.622260607966332,73.49204934560561,0.0,0.0,0.0,1.1577275249102503,0.0,0.0,0.7279625215178003
2020-05-18,35.01694013434704,0.0,0.0,64.45973394058029,0.0,0.0,0.0,0.0,0.32450514358521837,0.0,0.19882078148746077
2020-05-19,87.62191015996041,0.0,0.0,0.0,0.0,11.070133738845806,0.0,0.0,0.0,0.0,1.3079561011937941
2020-05-21,87.54234000136131,0.0,0.0,0.0,0.0,11.061258241762454,0.0,0.0,0.0,0.0,1.396401756876244
2020-05-22,52.18062954889109,8.70896465402134,32.193667590895096,0.0,0.0,6.603607613667515,0.0,0.0,0.0,0.0,0.3131305925249588
2020-05-26,99.9093418626682,0.0,0.0,0.0,0.0,0.0,0.0,0.0,0.0,0.0,0.09065813733179859
2020-05-27,0.0,0.0,0.0,97.60706594664931,0.0,0.0,0.0,1.5288928485370548,0.0,0.0,0.8640412048136243
2020-05-28,0.0,20.099208018586804,74.19227438390058,0.0,0.0,0.0,0.0,0.0,0.0,0.0,5.708517597512614
2020-05-29,0.0,0.0,97.85463665378607,0.0,0.0,0.0,0.0,0.0,0.0,0.0,2.14536334621393
2020-06-01,60.028929912901354,0.0,36.99273345534394,0.0,0.0,0.0,0.0,0.0,0.0,0.8725906986444321,2.1057459331102817
2020-06-03,81.14710984649392,13.537966907210944,0.0,0.0,0.0,0.0,0.0,2.3399131569494585,0.0,0.0,2.975010089345683
2020-06-04,0.0,71.53678517740254,0.0,0.0,0.0,0.0,0.0,12.37658694219474,0.0,0.0,16.08662788040272
2020-06-05,26.72577245827017,4.500776947540264,16.56674244173973,49.583480277231374,0.0,0.0,0.0,0.7730543922013738,0.0,0.0,1.8501734830170915
2020-06-08,26.561416881478394,4.503241759053321,16.577022678690412,49.621350343461366,0.0,0.0,0.0,0.7834468452659955,0.0,0.0,1.9535214920505062
2020-06-09,18.798401762750917,3.2691168731879987,11.918904995088166,35.58148968394826,27.21617405997324,0.0,0.0,0.5702861868865258,0.1751755547494296,0.0,2.4704508834154604
2020-06-15,0.0,0.0,0.0,0.0,0.0,0.0,0.0,0.0,0.0,0.0,100.0
2020-06-16,72.01461190989917,0.0,27.905446111860726,0.0,0.0,0.0,0.0,0.0,0.0,0.0,0.07994197824010049
2020-06-17,0.0,4.2259860607105395,10.159939827704358,42.43137939082266,33.630076287309144,2.4619898007721357,0.0,0.6211941358787306,0.5162004939631667,0.1772345396249739,5.775999463214288
2020-06-18,0.0,3.2524721005566084,7.839619229962191,32.75035866852809,26.00000802288114,0.0,23.47527440354234,0.4754570647588054,0.5661113362865176,0.04363750507184989,5.597061668412463
2020-06-19,0.0,3.2079460364579946,7.7366797529649585,32.39256671660926,25.550398351272115,1.87853693957379,23.190879674342607,0.47929810731474465,0.5392009491456984,0.0,5.024493472318836
2020-06-22,0.0,3.321237592851288,7.873431048345308,33.477890329445174,26.40836682106862,1.940247526181247,24.95166778752583,0.49718065879396645,0.6091846752327974,0.0,0.9207935605557713
2020-06-23,0.0,0.0,11.182758665591836,47.576080241194205,0.0,2.7539510028727996,35.6642647394795,0.706402985738497,0.9012009220831807,0.0,1.215341443039982
2020-06-24,0.0,3.3362217960300278,7.90054439484233,33.63387695705619,26.49821933140737,1.945784837255321,25.26527816497273,0.0,0.0,0.0,1.420074518436032
2020-06-26,0.0,3.6133770979497064,10.330966763694361,44.067430954828794,34.7346170829067,2.7753085411323193,0.0,0.6416518192689024,1.2069845754652484,0.0,2.6296631647539646
2020-06-29,23.957891711657147,3.060270234124688,8.776909797593008,0.0,29.539042588858972,2.3662743677503864,28.318730565702932,0.5346586521291825,1.1750013944939812,0.0,2.2712206876897065
2020-06-30,0.0,2.6916409508715438,7.789543685630064,33.152190432510004,26.233525719737138,2.096217454654846,24.892491420549582,0.0,1.1456036592270815,0.0,1.9987866768197393
2020-07-02,0.0,2.6483509016595663,7.780788593747011,33.15164325797284,26.288524873684132,2.0932066074176214,24.872455313547945,0.0,1.1827695121191588,0.0,1.9822609398517217
2020-07-03,0.0,5.502099612522141,16.174900638471538,68.87238185757052,0.0,4.343260280412728,0.0,0.0,2.529457813675896,0.0,2.5778997973471807
2020-07-06,0.0,3.9222160501282715,11.785968432818683,0.0,39.67880542233181,3.1597848114143114,37.913305799339845,0.7163054170141592,1.8709296239304698,0.0,0.9526844430224446
2020-07-07,0.0,0.0,10.89987838017405,46.453446535772144,36.74160938432414,2.921562971022518,0.0,0.0,1.7387561959914601,0.0,1.24474653271569
2020-07-08,0.0,2.5700841700247463,7.8153982375952324,33.3041181640732,26.409411181272695,1.8765250839894185,25.16314643956008,0.4735649328973468,1.3507371287450136,0.0,1.0370146618422664
2020-07-09,0.0,2.563296616866998,7.769438537704364,33.26834210821637,26.40670487070034,1.9079425909746865,25.230659873101114,0.47227210578817636,1.377888139778349,0.042442511176692954,0.961012645692908
2020-07-10,0.0,2.5524043330528143,7.8245847102856505,33.52811880463037,26.444399144694042,1.9200320874051724,25.492134658488148,0.0,1.4245234785429883,0.0,0.8138027829008164
2020-07-13,0.0,3.942342157482872,12.088564500594254,0.0,40.8879448868652,2.9634498843717996,39.400201010748596,0.0,0.0,0.06316740083103044,0.654330159106247
2020-07-14,0.0,6.186584475176884,19.04296230561238,0.0,64.42004192988153,4.663271584694115,0.0,1.1581433095703793,3.4794724653831786,0.09438917046690504,0.9551347592146238
2020-07-15,0.0,0.0,12.597215282961095,0.0,42.57419884790002,3.084316929428919,41.15787077517021,0.0,0.0,0.06263791936836363,0.5237602451713886
2020-07-16,0.0,17.94132637794685,55.22132973928338,0.0,0.0,13.509093429995294,0.0,0.0,10.09371598649574,0.2785513593664517,2.9559831069122913
2020-07-17,0.0,0.0,65.86154848147066,0.0,0.0,16.103963388585992,0.0,4.003254806495264,12.034444350227696,0.3362375378082203,1.6605514354121584
2020-07-20,0.0,0.0,19.973780369629303,0.0,67.49574341839558,4.881663892885455,0.0,1.1992860919931585,3.6755198612598656,0.10341930865964398,2.670587057177009
2020-07-21,0.0,6.274525946049779,19.318244346180638,0.0,65.28056518533872,4.7200044804026735,0.0,0.0,3.5550625491192944,0.10096601753901174,0.7506314753698846
2020-07-22,0.0,17.426342578528654,53.656472360012465,0.0,0.0,13.107069118672888,0.0,0.0,9.863430733756664,0.0,5.946685209029334
2020-07-24,0.0,0.0,58.96917397252989,0.0,0.0,14.401585934442751,0.0,0.0,0.0,0.2937641834411162,26.33547590958625
2020-07-27,35.97123359369828,0.0,13.103885658658479,0.0,44.247025103477014,3.1979507883098903,0.0,0.0,2.4002448891566432,0.06555642675615106,1.0141035399435392
2020-07-28,0.0,0.0,17.04500260601568,73.01188761176644,0.0,4.159522233367281,0.0,1.0204864870098334,3.117496589408403,0.0,1.6456044724323515
2020-07-29,0.0,0.0,71.88971965945028,0.0,0.0,17.54154908230924,0.0,4.286470335373394,0.0,0.3587625629725924,5.9234983598944995
2020-07-30,0.0,0.0,0.0,0.0,92.80823191398852,6.7061628297627145,0.0,0.0,0.0,0.14085459861930613,0.34475065762946877
2020-07-31,22.433174297450396,2.651860440907436,8.17205859573258,35.00713215916738,27.596121974993565,1.9940477844802296,0.0,0.48698929085336967,1.4944099360320124,0.042178926076953845,0.12202659430608703
2020-08-03,0.0,0.0,20.247474111385262,0.0,67.12202305790132,5.251541791512153,0.0,1.1788066938350241,3.648209557094636,0.0,2.5519447882716118
2020-08-04,0.0,0.0,0.0,0.0,0.0,57.860411758899346,0.0,0.0,40.20426805680427,1.1322916194231534,0.8030285648732363
2020-08-05,0.0,0.0,65.06512121043272,0.0,0.0,16.876438728941054,0.0,3.773339899410765,11.718242748339208,0.3186161057951963,2.24824130708106
2020-08-06,0.0,0.0,21.277926186724414,0.0,0.0,5.5172705813419824,68.11295432941559,0.0,3.8309669600705614,0.0,1.2608819424474538
2020-08-10,0.0,0.0,12.421759184194944,0.0,41.16594615479138,3.2356522374622583,39.85748972680854,0.7190561305583711,2.2380002829484886,0.0,0.36209628323602217
2020-08-11,0.0,0.0,0.0,38.086223830857435,30.01526745068582,2.3590692679153067,29.054161070363886,0.0,0.0,0.04686154801598795,0.4384168321615649
2020-08-12,0.0,0.0,11.13622343589107,46.849283432031285,36.92822352001693,2.901886985771825,0.0,0.0,2.006735273216829,0.0,0.1776473530720632
2020-08-13,0.0,3.8384680795772486,0.0,50.69040222509068,39.956183978248525,3.1396740486324894,0.0,0.0,2.172281071058566,0.06194081072304831,0.1410497866694423
2020-08-14,0.0,0.0,0.0,0.0,86.81353306313493,6.821190810192071,0.0,1.5095296435679588,4.719983090703668,0.0,0.1357633924013768
2020-08-17,0.0,0.0,0.0,0.0,0.0,0.0,0.0,0.0,0.0,0.0,100.0
2020-08-18,0.0,0.0,0.0,0.0,85.99833311767493,6.862558046106143,0.0,0.0,4.493659645912009,0.0,2.645449190306922
2020-08-19,0.0,34.80379787219587,0.0,0.0,0.0,29.35529899223428,0.0,6.331294097878482,20.70795570404584,0.5422107330279411,8.259442600617584
2020-08-20,0.0,6.079942559279751,19.43128574043948,0.0,64.3414404665352,5.161655928131212,0.0,1.1009612270865177,3.654786402795424,0.0,0.22992767573240858
2020-08-24,0.0,3.7826934940389947,12.140474675823429,0.0,39.96620802278238,3.2056961234979213,38.60068367899596,0.0,2.2795647626706996,0.0,0.02467924219061419
2020-08-25,0.0,0.0,11.178485371577374,46.67393667060839,36.80137245728231,2.9515571905189555,0.0,0.0,2.114576097660561,0.0,0.2800722123524104
2020-08-26,0.0,0.0,21.404158114750064,0.0,0.0,5.651093094785238,68.05228409228303,0.0,4.063712577676818,0.0,0.8287521205048489
2020-08-27,0.0,0.0,0.0,0.0,0.0,0.0,0.0,17.798706934157764,60.41757736447817,0.0,21.783715701364063
2020-08-31,0.0,39.66125353485302,0.0,0.0,0.0,33.597280921374804,0.0,0.0,24.228583653833127,0.0,2.5128818899390484
2020-09-01,0.0,7.384987906396272,0.0,0.0,77.8982347212105,0.0,0.0,1.32802058151914,4.503124952926616,0.0,8.885631837947471
2020-09-02,0.0,0.0,0.0,88.58324783970181,0.0,5.600756706872034,0.0,1.1751881985915382,4.053520962863664,0.0,0.5872862919709531
2020-09-03,0.0,6.298450876854128,20.17325999249711,0.0,0.0,5.327053347389567,62.77136618948125,0.0,3.8615976461682315,0.09265748791210608,1.4756144596976086
2020-09-04,0.0,0.0,76.45689979586503,0.0,0.0,0.0,0.0,0.0,14.678142128533448,0.0,8.864958075601525
2020-09-08,0.0,0.0,0.0,0.0,0.0,0.0,99.91126617351959,0.0,0.0,0.0,0.08873382648040254
2020-09-09,0.0,0.0,0.0,0.0,0.0,47.018319091898555,0.0,0.0,44.96094458418288,0.0,8.020736323918563
2020-09-10,0.0,5.065009502766711,16.854050466318405,70.41940973859649,0.0,3.381594471185461,0.0,0.0,3.2306032414265733,0.0,1.0493325797063726
2020-09-11,0.0,0.0,66.01530840280734,0.0,0.0,13.29320028223379,0.0,3.638131604512419,12.849104221074409,0.0,4.204255489372046
2020-09-14,0.0,0.0,11.136315468542122,46.544691781396175,36.67317150481101,2.2577523337477494,0.0,0.613078341657747,2.202722942663721,0.0,0.5722676271814728
2020-09-15,0.0,6.171146178648533,0.0,86.8891240299095,0.0,0.0,0.0,1.1105037222091476,3.26676907012977,0.0,2.5624569991030612
2020-09-16,0.0,0.0,0.0,0.0,0.0,44.85463067791719,0.0,0.0,34.54294480093629,0.0,20.602424521146524
2020-09-17,0.0,0.0,22.304982113776447,0.0,0.0,0.0,70.89882323594699,1.1795481138441823,3.516424424345374,0.0,2.100222112087001
2020-09-18,0.0,7.9658525584814734,0.0,0.0,0.0,0.0,85.43850890544263,0.0,4.2573969552844,0.0,2.3382415807914954
2020-09-21,0.0,0.0,0.0,0.0,0.0,0.0,91.1232739006737,1.5099991817519445,4.547515824373171,0.0,2.8192110932011847
2020-09-22,0.0,6.504515026716103,22.026690945717792,0.0,0.0,0.0,69.8367933369332,1.1562265911240182,0.0,0.0,0.4757740995088823
2020-09-23,0.0,0.0,12.988465473527574,0.0,43.84510018338874,0.0,38.830382603100716,0.0,2.0578837576540785,0.0,2.2781679823288896
2020-09-24,0.0,0.0,13.484515299774216,0.0,45.460926066946136,0.0,39.630236516542325,0.7025323607484573,0.0,0.0,0.7217897559888589
2020-09-28,0.0,0.0,0.0,0.0,0.0,0.0,99.97893634638666,0.0,0.0,0.0,0.02106365361334112
2020-10-05,0.0,0.0,0.0,0.0,0.0,0.0,0.0,0.0,0.0,0.0,0.0
