date,460,463,6,466,454,223,76,22,1208,17,Others
2007-06-26,32.4714945110356,3.99604043983819,29.877790074318533,1.9701587811402643,0.45722128212145896,1.900558773069344,2.0617809335261064,0.6329286803385159,0.0,0.3582199644882918,26.273806560123692
2007-06-27,37.53301820536455,4.621756220351949,34.30074906869173,2.102047964862861,0.0,2.248058761475924,2.3762864711887377,0.7523111478125346,0.0,0.40580878211760335,15.659963378134108
2007-06-28,38.5458076129404,4.729817391750586,35.09990100142231,1.8419198766473603,0.0,0.0,2.4831222504942967,0.8196177730082275,0.0,0.4154784869493314,16.064335606787488
2007-06-29,34.980288605712445,4.304279505343881,31.936115278373485,1.4479763108769386,0.4765878091147921,2.135534998841474,2.256537385184518,0.761811846329722,0.0,0.4040174305355501,21.296850829687198
2007-07-03,36.984318017145064,4.545965315209492,33.753682461104674,1.3032026046263634,0.0,2.2399977775264848,2.420455559395633,0.8516260705110884,0.0,0.41840416590858837,17.48234802857261
2007-07-04,34.617959181838344,4.217539368017678,31.804126243272453,1.1650493354182498,0.47075333554616106,2.09225137584929,2.281733063947261,0.882147548733988,0.0,0.4340491489155189,22.03439139846106
2007-07-05,36.70022671881285,4.459775354177274,33.59785154935578,1.2512122100165624,0.0,2.221718275675009,2.405671708591167,0.8626940741184111,0.0,0.4630907893892266,18.037759319863717
2007-07-06,36.29142025196061,4.461606992046132,33.10500080605285,1.1633475912524238,0.0,2.2181995648242587,2.3272209483042894,0.8601247349993346,0.0,0.0,19.5730791105601
2007-07-09,34.934925554603865,4.30375953379937,31.4630550491648,1.1134552091426166,0.0,2.1299099442631904,2.2296807975148654,0.7936520752456248,0.0,0.3664191372490949,22.66514269901657
2007-07-10,38.32977302420986,4.730876876673759,34.99992476105422,1.188405382303829,0.0,2.373374335003591,2.4557330844449163,0.8623377260272266,0.0,0.0,15.059574810282607
2007-07-11,35.46907536896758,4.511026953701506,32.31071981062904,1.0623827996883912,0.0,2.2547844349079464,2.264313964158148,0.7289072831626928,0.0,0.38563376211889994,21.013155622665796
2007-07-12,38.12249758930903,4.804580591401848,34.4321871648032,0.0,0.0,2.412027422401699,2.398933065617816,0.7715319763462571,0.0,0.0,17.058242190120147
2007-07-13,36.14923294185121,4.510639704932279,32.54400035861836,1.0700258932698539,0.5678158450222087,2.29087093954965,2.2451716232613808,0.7310724860660511,0.0,0.3743035718907118,19.516866635538292
2007-07-16,35.148504681908236,4.231644143460438,31.52120541145035,1.0180636176280506,0.0,2.2362794936686337,2.2912877729467533,0.7331256704142762,0.0,0.3573598518458106,22.462529356677457
2007-07-17,35.23133830508728,4.261517943947232,31.505357714896125,0.9288271058010229,0.0,2.255765794576103,2.332463290737531,0.882571275879594,0.0,0.35514521637409574,22.247013352701018
2007-07-18,36.98381997398325,4.449948292823353,33.0938698428631,0.0,0.0,0.0,2.4474922866524436,0.9237629496724776,0.0,0.3912515440174887,21.70985510998789
2007-07-19,38.536273446484294,4.655368108162414,34.48243732229277,0.0,0.5891581156199872,2.478156364454968,2.5651124983383453,1.1152710340122642,0.0,0.4103671066706209,15.167856003964339
2007-07-20,37.59631084978356,4.512787316409373,33.662131291491185,1.0480138256409077,0.6206125342738986,2.3733020027980958,2.6137800288766013,1.2011590626025912,0.0,0.40307857451969054,15.968824513604087
2007-07-23,37.90144400317498,4.523300637282463,33.95673934986432,1.0380620601919957,0.6096182076693635,0.0,2.614591251281419,0.0,0.0,0.40570575231815964,18.950538738217297
2007-07-24,38.55021856063428,4.625860724002089,34.50959478163947,0.0,0.0,2.4575175309072255,2.6655928301375824,1.239821007137715,0.0,0.41564684532431173,15.535747720217323
2007-07-25,35.626467194747555,4.258512176100072,31.932669906034366,0.9753067581072132,0.5577278874432224,2.2691101156934677,2.454052451620017,1.1263304743285467,0.0,0.3781489625018434,20.421674073423695
2007-07-26,35.190819174912114,4.154529431453819,31.54051696235675,1.225711183810953,0.5553052170154191,2.242333969575274,2.373722191951762,1.0984941471349123,0.0,0.3716672538821624,21.246900467906833
2007-07-27,40.54844740674973,4.764169523732754,36.39350939803741,0.0,0.649969120866649,0.0,2.738185987109795,1.2842195100975309,0.0,0.43034325469432,13.191155798711815
2007-07-30,39.11304760947276,4.556961156197675,35.11162571534483,1.2510411980268625,0.6276327493059165,0.0,2.7210499755062094,1.2134284662593724,0.0,0.42157053846028686,14.983642591426086
2007-07-31,39.10352141948582,4.574356563452871,35.04474573307942,1.269419911881476,0.0,2.5214693710527336,2.724548147771384,1.2484138143381023,0.0,0.41372491936748407,13.09980011957071
2007-08-01,35.03601293348721,4.070447937260867,31.35963691495029,1.188315371324635,0.0,2.180854082042345,2.4519939777085678,1.1054893120994977,0.0,0.38680801063663134,22.220441460489965
2007-08-02,36.63417805711763,4.263874983479279,32.751644225286725,1.173882647536547,0.0,2.321250720473388,2.5809679451209493,1.1458548212796038,0.0,0.4142671242143594,18.71407947549151
2007-08-03,37.590665733844666,4.410956275040235,33.32408360397024,1.1806091659766715,0.6147298958779307,2.3982431623213554,2.654345770764853,1.1094281858397832,0.0,0.42969065247233945,16.287247553891923
2007-08-06,37.26053338301904,4.445033927162173,32.91750456654782,1.132745486419628,0.0,0.0,2.646752246992558,1.1009574587720468,0.0,0.0,20.496472931086736
2007-08-07,38.47720258167568,4.597586271528199,34.02944645527626,0.0,0.0,2.4739100727258623,2.740398591927989,1.1382563080530608,0.0,0.4393853879255817,16.103814330887374
2007-08-08,36.222151039063036,4.343900474114233,32.01936810573287,0.0,0.0,2.3677229285237895,2.2047421361900943,1.1035355796306003,0.0,0.42561527429954343,21.31296446244583
2007-08-09,36.43857557103492,4.361536654921204,32.21255264117229,1.1111445655220364,0.0,2.468948374745748,2.2016303877122683,1.1015202231140542,0.0,0.4323354033274752,19.671756178450003
2007-08-10,38.270903422456236,4.803652728606946,33.8381423796236,0.0,0.6180713315974772,2.5929721775106667,2.3332433335291887,1.0670766859173875,0.0,0.0,16.4759379407585
2007-08-13,62.45765242909127,7.502144599490325,0.0,1.8335586094258955,0.8515375775804462,4.076622683176222,3.65092217515219,1.6669155847875254,0.0,0.0,17.960646341296126
2007-08-14,66.48921825439943,8.025221244829345,0.0,1.94800822605846,0.8636691851948844,4.368476273051805,3.826488237202158,0.0,0.0,0.0,14.478918579263919
2007-08-15,65.44294308946867,7.884650146029299,0.0,1.930679802517889,0.0,0.0,3.7750835167444587,0.0,0.0,0.0,20.966643445239676
2007-08-16,43.05145008698762,5.182490559017851,36.55955604693622,1.2838853674471182,0.5738590935769258,0.0,2.481888900902944,0.0,0.0,0.0,10.866869945131322
2007-08-17,61.755354988742404,7.365679282334833,0.0,1.856687338643538,0.8378999613660143,4.058728858307558,3.5704106717274224,0.0,0.0,0.0,20.55523889887823
2007-08-20,38.06501999054158,4.52313606908912,32.330545832125885,1.1622663780158753,0.5484984176225091,2.5064631744468295,2.202030182932956,1.0340470702402942,0.0,0.0,17.62799288498495
2007-08-21,38.55800329117142,4.670108153610691,32.74931939699,1.2449934868768002,0.5577420119770681,2.558423162419321,2.2007513690181493,1.1464836752905985,0.0,0.4453840820249748,15.868791370620976
2007-08-22,39.14012113485807,4.7868689380679275,33.23811545851121,1.3131308372972625,0.5033736580821959,2.6608470174400196,2.2477415988300944,1.0620644797432723,0.0,0.45232086808587624,14.595416009084072
2007-08-23,38.68084269821318,4.754228871905273,32.7673007513615,1.1766726506915437,0.46105230017788196,2.6306467747834694,2.215105570091478,1.047899437129377,0.0,0.44739734378792234,15.818853601858361
2007-08-24,67.09366878297335,8.214138127827045,0.0,1.9745665147416218,0.0,4.602242465743381,3.829468068796423,1.7756917067631277,0.0,0.0,12.510224333155055
2007-08-27,41.63547570215119,0.0,35.22530174891925,1.1847834099341388,0.4929608961259123,2.835907405881046,2.3864238245943072,1.1134747981435678,0.0,0.4969682774660464,14.628703936784543
2007-08-28,38.28993076443984,4.696468641762203,32.42303737996648,1.0820579305409952,0.0,2.5992554344799803,2.2040300869196656,1.0235981714774767,0.0,0.4598978868379125,17.22172370357545
2007-08-29,37.51813930343272,4.633876414032821,31.80084672357033,1.0547554507238766,0.0,0.0,2.191818871088845,0.9953362205528982,0.0,0.45210476993941606,21.353122246659098
2007-08-30,55.053579637498174,6.951177600293034,0.0,1.53978788356001,0.0,3.7475635485363785,3.213063186454702,1.4558097518924764,0.0,0.6642428331430081,27.37477555862222
2007-08-31,41.470744400898305,5.211135556431963,35.21208299882292,1.149775733314988,0.0,0.0,2.3709914364132345,1.1286027069707736,0.0,0.5284488760681951,12.928218291079624
2007-09-03,40.07738143212619,5.021586079191935,34.1237403044396,1.116128978588976,0.0,0.0,2.27487479798888,0.9836718921058765,0.0,0.48379032212838724,15.918826193430155
2007-09-04,36.14730301933789,4.242799022155273,30.960909412604682,1.0041460543473824,0.0,2.467071701493985,1.9366333450050899,0.858709861956862,0.0,0.4098435967065829,21.97258398639226
2007-09-05,0.0,0.0,0.0,0.0,0.0,0.0,0.0,0.0,0.0,0.0,100.0
2007-09-06,0.0,0.0,0.0,0.0,0.0,0.0,0.0,0.0,0.0,0.0,100.0
2007-09-07,0.0,0.0,0.0,44.437292080215556,0.0,0.0,0.0,0.0,0.0,0.0,55.562707919784444
2007-09-10,40.895981932414806,4.762684313311288,35.025470823446085,0.0,0.0,0.0,2.198651705004475,0.9968532047600467,0.0,0.4578094695139676,15.66254855154933
2007-09-11,40.232917861404445,4.653890573176214,34.417514304751954,1.1341173625974459,0.0,2.77359564853111,2.1645555640930203,1.0360409161782915,0.0,0.43846679879874245,13.148900970468777
2007-09-12,41.30320744961703,4.791893096017815,35.35017438280258,1.2233007090661796,0.0,0.0,2.2051935014073227,1.0706748214563102,0.0,0.4544399192097209,13.601116120423047
2007-09-13,37.53602215075992,4.399025948805974,32.046028873211526,1.106791056015686,0.0,2.642578607183273,1.9002611590714973,0.9537613644292108,0.0,0.40751030024268947,19.00802054028022
2007-09-14,41.87743084239888,4.930221624903827,35.7939440029193,1.2277909142463095,0.0,3.016435545375183,2.1531760085105858,1.0650918573337653,0.0,0.46038031760560694,9.475528886706545
2007-09-17,38.774022370224465,4.59371186211442,33.11030723147442,1.141191863851833,0.0,2.8186219702459385,2.0252479328288793,0.9961097368883072,0.0,0.4297962623491085,16.110990770022628
2007-09-18,41.58650232457741,4.932860290690995,35.54400064505071,0.0,0.0,3.0446603602635207,2.1648663905531356,1.068888931873012,0.0,0.4595663862702089,11.198654670721016
2007-09-19,41.61687117544506,4.928649833202823,35.51742243800583,1.2415356492577156,0.0,3.064937984077625,2.1722918467794714,1.038337975669061,0.0,0.45166045317904835,9.96829264438336
2007-09-20,37.92371986730671,4.467856924565486,32.44412607667261,1.1329297165941388,0.0,0.0,1.9507161896820409,0.9497449844982008,0.0,0.4360872044846185,20.69481903619619
2007-09-21,37.186364417995186,4.356775298521214,31.769282600300937,1.09602414060534,0.0,2.7246878119302416,1.999545149830075,0.9324963764812667,0.0,0.38607911624460195,19.548745088091138
2007-09-24,39.80432964943541,4.6657478430380905,34.00723407440612,0.0,0.0,2.952285040538109,2.1197008027554416,1.0087625825873767,0.0,0.4173429017542364,15.024597105485213
2007-09-25,39.311475226678304,4.594883855782324,33.53624029465997,1.161069433526304,0.0,2.9197374285152615,2.0545920179891812,0.9981114800020477,0.0,0.5051106006295184,14.91877966221709
2007-09-27,39.45725373506284,4.6917292038434555,33.91074818006533,1.160016512412163,0.0,2.9062386079440756,2.0998035483938517,0.9998719115388065,0.0,0.4967123274673925,14.277625973272077
2007-09-28,37.738474506963954,4.524833932961403,32.203521663565205,1.1120137212356855,0.0,2.7743793421286176,2.0223327422052195,0.9503847674233857,0.0,0.483916723353053,18.190142600163476
2007-10-02,39.1982033499419,4.692433895465231,33.4877086962057,1.1567370271965083,0.0,0.0,2.1038269784529993,0.9837367829256871,0.0,0.5090208460998071,17.868332423712165
2007-10-03,39.93627333209388,4.810247889956098,34.14502996688274,1.1836614566545065,0.46499392161250197,2.978894277505253,2.1414771988657777,1.0111902983926748,0.0,0.0,13.328231658036568
2007-10-04,39.75089390589529,4.747619992221164,33.81535647848983,1.1694683739705953,0.0,3.008638957046142,2.1096151849875464,0.9621204404873659,0.0,0.501386873736069,13.934899793165995
2007-10-05,37.998896378700266,4.5688282208307145,32.31146247888159,1.1039265001208605,0.0,2.9441533350743994,2.019234597926477,0.8926875183035109,0.0,0.4777701512762533,17.683040818885935
2007-10-08,40.27391566024622,4.864583324067689,34.23212721568609,1.1109889628765417,0.0,3.1463184926316314,2.098722400289517,0.9129400224763591,0.0,0.5077998019575362,12.852604119768415
2007-10-09,38.65102889798512,4.605647605105637,32.746945148714964,1.062657143697323,0.0,3.011142165259476,1.9658528088691725,0.0,0.0,0.48542610719640156,17.47130012317191
2007-10-10,39.56819440468787,4.777240201794848,33.49333196536758,0.0,0.0,3.103944221276709,2.007324201616294,0.8938875433775256,0.0,0.5002334922068922,15.655843969672276
2007-10-11,38.612250938958205,4.672791508791337,32.62122896788695,1.0557863141145167,0.0,3.0384926715668414,1.9582616544288092,0.9171449446963411,0.0,0.4849218665748059,16.63912113298219
2007-10-12,39.36883623577226,4.744626417775322,33.26848335562532,1.1107969927153098,0.0,3.171461143676245,1.992910591886771,0.9663477752205196,0.0,0.4988719982205094,14.877665489107745
2007-10-15,37.968780534357634,4.469457300654324,32.10226541328526,1.0735509617086652,0.43312703122141105,0.0,1.748070682457084,0.9906783222833226,0.0,0.5162626439061763,20.697807110126124
2007-10-16,37.22643847260619,4.446846375131337,31.335419918057276,1.0525718139753706,0.0,3.0045818304008827,1.749502556427664,0.9786831250125309,0.0,0.4602993728851348,19.745656535503606
2007-10-17,36.38879152870446,4.360575806586362,30.5302616587969,1.0204862890337987,0.0,2.952726566281655,1.6215444195333981,0.9270761722117561,0.0,0.4810730760126906,21.717464482838984
2007-10-18,36.76575848591307,4.384042782098498,30.762834367893227,1.0427580545070854,0.42350097102765333,2.9883075997676163,1.7063031225147753,0.9397969858055149,0.0,0.4506261057203183,20.536071524752245
2007-10-22,38.02795316326912,4.544930211837801,31.838256690953937,1.1031651529141424,0.0,3.0920141901106053,1.7586816855082985,0.9479868736925761,0.0,0.5336339749317718,18.153378056781747
2007-10-23,39.76798600741402,4.778411627143102,33.28883803665432,1.155549099735024,0.0,0.0,1.8281679301145006,1.0204732535677257,0.0,0.541980792383487,17.618593252987825
2007-10-24,37.78440380249244,4.556994902364572,31.62199648921537,0.0,0.44283723257153834,3.0781615033131597,1.7372219221795906,1.0205217263192001,0.0,0.5208224192982679,19.237040002245863
2007-10-25,39.93271318447073,4.789883012556202,33.42388425110554,1.1841448478703558,0.45203897116174097,3.272304641664602,1.8391720215478822,1.0747021257376679,0.0,0.5554966340823073,13.475660309802974
2007-10-26,40.50234465089746,4.8276343191815805,33.91892876879704,1.1690516853739483,0.0,3.3434133854374934,1.8710457861763186,1.1174407868750866,0.0,0.565651519129214,12.684489098131852
2007-10-29,41.923932530539695,4.9404879473455265,35.08099841180268,0.0,0.0,0.0,1.946873891280771,1.1531899304795594,0.0,0.5812374537353857,14.37327983481638
2007-10-30,41.443554209716496,4.877877973424313,34.65254443028904,1.1954221084615189,0.0,3.4194314037266746,1.9282618050587448,1.1440743734486696,0.0,0.5720465678724423,10.7667871280021
2007-10-31,43.24252968946863,5.077736980559037,36.17450334177524,0.0,0.0,0.0,2.0128749046136005,1.1969918742922383,0.0,0.5928471805379314,11.702516028753312
2007-11-01,38.170113281576235,4.474913498324382,31.96902452970074,0.0,0.43306229738991325,3.1563944591150404,1.7310757631017022,1.057091287861488,0.0,0.5270155810745617,18.481309301855937
2007-11-02,36.964231466035876,4.267113525824925,31.049132425796344,1.1283164737514682,0.44281882509475634,3.052345316432466,1.626288638977375,0.9853845573831094,0.0,0.8508212991145397,19.633547471589136
2007-11-05,37.288340488086504,4.399967512783795,31.361072415149355,1.1291488011644701,0.45880698303377326,0.0,1.6506396082745611,1.0354839308669126,0.0,0.651852176348613,22.024688084292016
2007-11-06,38.01259277041494,4.453602642755819,31.968245207305035,1.1656503977574582,0.43682990569593494,0.0,1.6683718140860682,1.0637157887326447,0.0,0.64883460159561,20.582156871656498
2007-11-07,36.9260144132728,4.404480150667489,31.22627159313116,1.1664114773828749,0.44809466472438103,3.066606531809116,1.6291876548341448,1.0520958058787682,0.0,0.6675805679585627,19.413257140340704
2007-11-08,38.96174376191905,4.609462412698361,32.96889216700621,1.262541353705558,0.449390464734167,0.0,1.730444702557305,1.0811516561355115,0.0,0.6938265707657596,18.242546910478076
2007-11-09,38.88550080111043,4.578305687540009,32.927558435267755,1.263783106984845,0.0,0.0,1.72622829748567,1.1086133323540508,0.0,0.6919793050080695,18.818031034249167
2007-11-12,39.915006493203634,4.690022840832452,33.4640383688886,1.147586588046544,0.0,0.0,1.7481469618669228,1.1123189921510095,0.0,0.7412148485716736,17.181664906439167
2007-11-13,36.540590889301384,4.224414720510093,30.581518208533904,1.1429683118821516,0.0,3.0016000112741366,1.5638948810753717,0.9916328588814207,0.0,0.6854297514525762,21.26795036708897
2007-11-14,39.019743584793176,4.445110132608127,32.597329453658276,1.0005792300652623,0.0,0.0,1.6573009617499344,0.0,0.0,0.7705840919947482,20.509352545130483
2007-11-15,37.514187257570796,4.218240289808652,31.312280112302886,0.4744808698965596,0.43282407384038957,3.062757669900555,1.5873522357829188,1.0846858893885802,0.0,0.7746579756981479,19.538533625810516
2007-11-16,39.30852260794504,4.386561868616166,32.848371901686676,0.5513253598862221,0.0,3.2863979447602367,1.6932640756294144,1.133634878407262,0.0,0.815259632163734,15.976661730905251
2007-11-19,62.70803629981461,7.016954528148725,0.0,0.8021081978175413,0.0,5.248935794624904,2.7083634355991393,1.8105193097628272,0.0,0.0,19.705082434232253
2007-11-20,42.736896611311124,4.794407702244778,35.71671479119308,0.527217871947541,0.0,3.573299088584491,1.8502994235621604,0.0,0.0,0.8957034841550477,9.905461027001781
2007-11-21,39.77850259708445,4.531824148927111,33.39902817295081,0.48434342673732855,0.0,3.353096912955811,1.7278428957232441,1.1585838329219103,0.0,0.8386835398121515,14.728094472887186
2007-11-22,40.27502084192604,4.557176176233166,33.90272903279104,0.5083933673352722,0.0,3.4014139066431874,1.7527155517621877,1.17324507135243,0.0,0.8258699091054394,13.603436142851226
2007-11-23,39.71248850609679,4.471658824391491,33.4117585793573,0.5001136870711294,0.0,3.354087623083859,1.7654767934833866,1.1389864127536116,0.0,0.8201032541485482,14.825326319613891
2007-11-26,39.780811993667626,4.462283273802676,33.60623463431444,0.5441771893254588,0.0,3.343751994597915,1.7603002850817135,1.0432646529838951,0.0,0.8466644123187449,14.612511563907528
2007-11-27,40.7531862646288,4.574770186006432,34.48962152789656,0.555180238775896,0.0,3.3946860228177203,1.8101425050776758,1.03312075880635,0.0,0.8830692783764669,12.506223217614094
2007-11-28,73.27021552161176,8.208910012914378,0.0,0.960307923899271,0.8497564919292785,6.09734950465628,0.0,0.0,0.0,1.6171200737238922,8.996340471265146
2007-11-29,77.19306790462858,8.642183212561108,0.0,0.9860624157394294,0.0,6.318681410129779,0.0,0.0,0.0,0.0,6.8600050569411115
2007-11-30,75.91785949745983,8.488113829313528,0.0,0.9578272719046528,0.0,0.0,3.373208107039563,0.0,0.0,0.0,11.262991294282426
2007-12-03,42.94273805047361,4.796067298661323,36.35511464256067,0.5297171443734343,0.46912562156794174,0.0,1.893263410732422,1.0958319160567391,0.0,0.9456350830653644,10.97250683250849
2007-12-04,41.09397356619732,4.573128815542733,34.751581562381055,0.4905323597987479,0.0,3.2974942746510854,1.8156582463036819,0.0,0.0,0.9181078427663198,13.05952333235905
2007-12-05,41.791017617828196,4.660263876772017,35.28610656615883,0.0,0.0,3.3653904627498137,1.8393905742963113,1.0661437980986672,0.0,0.9261603686721798,11.065526735423985
2007-12-06,45.861974980554535,5.1243931202227175,38.734625797301156,0.0,0.0,3.6987676085884007,0.0,1.1684334711043032,0.0,1.0203391823178438,4.391465839911042
2007-12-07,44.594732235383425,4.983588684220245,37.678022283815174,0.0,0.0,0.0,0.0,0.0,0.0,1.0024032305979693,11.74125356598319
2007-12-10,44.39028366981245,4.963610788490298,37.527059975099164,0.0,0.0,3.587725335042624,1.9622883373251905,0.0,0.0,0.0,7.569031894230279
2007-12-11,73.7832524733585,8.215477572761348,0.0,0.0,0.0,0.0,3.248981456805981,0.0,0.0,0.0,14.752288497074161
2007-12-12,67.37650478511392,7.4971937169956,0.0,0.0,0.0,5.485889427168856,2.9582430540502402,0.0,0.0,1.5103582969879965,15.171810719683386
2007-12-13,44.86398889825825,4.98377854884307,37.88462872530041,0.5408285712150616,0.0,3.6846846528077606,1.9698140337084655,1.1515143535696502,0.0,0.0,4.920762216297328
2007-12-14,62.772087829596366,6.985332947527856,0.0,0.7510947551452558,0.0,5.171464814931313,2.7437110010372563,1.6370094089689553,0.0,0.0,19.93929924279299
2007-12-17,42.564432684569915,4.756823600860565,36.15661596027794,0.5109886016750991,0.0,0.0,1.861128896680796,1.1275341624827495,0.0,0.0,13.022476093452939
2007-12-18,41.197705499243185,4.636561712230953,35.09070123517859,0.5028294590907806,0.0,0.0,1.7926053425376682,1.1035441980506224,0.0,0.9279324388650834,14.74812011480311
2007-12-19,43.18356484812463,4.862015100825584,36.815615907481266,0.5170755461077541,0.0,3.5703197408060627,0.0,0.0,0.0,0.0,11.051408856654696
2007-12-20,41.8164681212684,4.737933682315933,35.74545054090452,0.49893240490509644,0.0,3.4551756041729442,1.8122223842735394,1.1231607652671396,0.0,0.9084417353120053,9.902214761580414
2007-12-21,43.91258783399296,4.984905241713615,37.534044280929365,0.5336730678107201,0.0,0.0,1.8926761208561156,0.0,0.0,0.94469813207906,10.197415322618163
2007-12-27,0.0,9.427696624894692,70.52208142671378,0.9993239047551021,0.0,6.797433656961823,3.5669640673845335,2.2066962574489755,0.0,0.0,6.4798040618410795
2007-12-28,0.0,32.13248502281756,0.0,3.4368724131920576,0.0,0.0,12.160910885743096,7.590882618285965,0.0,0.0,44.67884905996132
2008-01-02,79.55615451654282,9.053662940286436,0.0,0.9598209220165531,0.0,0.0,3.4353793652058426,0.0,0.0,0.0,6.994982255948347
2008-01-03,42.61694247914779,4.855732766721351,36.42382828441451,0.4691350338498156,0.0,3.510308847543739,1.8382396693374943,0.0,0.0,0.953035030773103,9.332777888212197
2008-01-04,45.2783059983466,5.163574556253684,38.695188475572465,0.5014003140551867,0.0,3.7197363564746295,1.9524616487039663,0.0,0.0,0.0,4.6893326505934665
2008-01-07,71.78040923981654,8.187231894880382,0.0,0.7956046839212259,0.0,0.0,3.1214354691746817,1.7674264362361662,0.0,1.6088122569848409,12.73908001898617
2008-01-08,43.053296245493605,4.891703383172384,36.74601089340758,0.48434028734574824,0.0,0.0,1.8691560096237247,1.0619514450667233,0.0,0.9634044254921681,10.930137310398068
2008-01-09,46.514586674697895,5.2779327154247015,39.67723168681229,0.5208880725953658,0.0,0.0,2.0144164542591403,1.1729043268686943,0.0,1.0308213407732474,3.7912187285686656
2008-01-10,77.75874094438684,8.80405796229207,0.0,0.8654202990738096,0.0,0.0,3.3508975154978913,2.0032131696745745,0.0,0.0,7.2176701090748026
2008-01-11,44.363252002154304,5.010277099316663,37.848259439825796,0.48458661483630433,0.0,3.632145195237462,1.9053893038933714,1.1759197783658943,0.0,0.9769871367602363,4.603183429609961
2008-01-14,72.86860998777306,8.2167690991292,0.0,0.8064081140021795,0.0,0.0,3.1230516532851893,1.9437086662544136,0.0,1.5994967529106336,11.44195572664532
2008-01-15,69.49784883676404,7.859525472710699,0.0,0.7642553356264001,0.0,5.67027300745426,2.9681947856644535,1.8641101359571417,0.0,1.4894871389970556,9.886305286825944
2008-01-16,78.0333216609426,8.824280090694588,0.0,0.8479872872440715,0.0,6.34494372462676,0.0,2.1175691573199256,0.0,1.6543783336405382,2.17751974553152
2008-01-17,43.123114433564396,4.852078058342567,36.681682965514355,0.47867680635603055,0.0,3.4873678891889868,0.0,1.1953691618118731,0.0,0.8955938757664085,9.286116809455383
2008-01-18,41.18664838683491,4.59386097104864,34.88710097845596,0.44398942810552744,0.0,3.3247934094074436,1.7234997185981686,1.1437517651762412,0.0,0.8354920911324627,11.860863251240644
2008-01-21,40.686767810211634,4.537764627400027,34.497388308375974,0.0,0.0,3.3169151071369405,1.6984178752657328,1.1450234709759632,0.0,0.8245481954567069,13.293174605177022
2008-01-22,44.41164034268963,4.921402378626583,37.56560680744262,0.0,0.0,3.606021987107016,1.848757647745338,1.2514784186808252,0.0,0.0,6.3950924177079855
2008-01-23,68.74035117580388,7.447227565771613,0.0,0.7322100291191214,0.7752879946483225,5.60086089156278,2.8078784383961315,1.9087620924937105,0.0,1.1895647784722772,10.79785703373216
2008-01-24,43.942802655143474,4.7612238213013525,36.485831185264246,0.4643685296741514,0.0,3.6560555467764653,1.7845014580352747,1.2367747841214032,0.0,0.765889859068956,6.902552160614675
2008-01-25,45.36400778422421,4.909212445427383,37.64983241584204,0.0,0.0,3.9151231651160288,1.838742209949472,1.4521962246338624,0.0,0.7264281388067934,4.14445761600021
2008-01-28,45.34578749767562,4.909801208183082,37.533599758253274,0.0,0.0,4.03656609993385,1.8366493524962435,1.461739233368425,0.0,0.0,4.875856850089505
2008-01-29,44.60658245322248,4.805610412512354,36.90709400006998,0.43678991588195415,0.0,4.069070018400325,1.7882663660691565,1.5183121119311926,0.0,0.7014538512856973,5.166820870626859
2008-01-30,43.506371569034194,4.678616435357105,36.013713760643576,0.0,0.0,3.963212345661174,1.7247047919982499,1.5268153678392264,0.0,0.6798204961253145,7.906745233341162
2008-01-31,48.88161791104827,0.0,40.456317547329874,0.0,0.0,4.429509739149255,1.9222672832561412,1.7488886439932159,0.0,0.0,2.5613988752232424
2008-02-01,87.67540394414273,0.0,0.0,0.8669905930307029,0.0,0.0,0.0,3.232192463179593,0.0,0.0,8.225412999646974
2008-02-04,74.1623969640781,8.01572252016083,0.0,0.0,0.0,6.786717475644872,2.926520783549846,2.892210253351954,0.0,1.1577471442758855,4.058684858938515
2008-02-05,70.7135272865107,7.645945112877409,0.0,0.0,0.0,6.518372684900364,0.0,2.8666998691221774,0.0,1.1123644277681093,11.14309061882124
2008-02-11,45.66902565559653,4.936427258415928,38.07738376471558,0.0,0.0,4.2109771583561235,1.8030222732330903,0.0,0.0,0.0,5.303163889682754
2008-02-12,46.73515900248949,5.030780557054705,38.978812718906845,0.0,0.0,4.3134032405074985,1.84250204625326,1.8984004685157385,0.0,0.0,1.2009419662724623
2008-02-13,81.19771206899647,8.74092661870053,0.0,0.0,0.0,7.499762199123222,0.0,0.0,0.0,0.0,2.56159911317978
2008-02-14,0.0,30.415290320167593,0.0,0.0,0.0,26.109731210709914,0.0,0.0,0.0,0.0,43.47497846912249
2008-02-15,45.40661934782445,4.86974753876597,37.92080548668141,0.0,0.0,4.197570764017547,1.7833358226173373,0.0,0.0,0.0,5.821921040093288
2008-02-18,47.12782835748241,5.054100857200721,39.37293885555449,0.41929733901608696,0.0,0.0,0.0,1.9178527867809219,0.0,0.0,6.107981803965383
2008-02-19,48.7244748595338,5.218177947560089,40.81090902515674,0.0,0.0,0.0,0.0,0.0,0.0,0.763263854650483,4.483174313098887
2008-02-20,0.0,9.060615162745826,70.77437799719571,0.759205340340222,0.0,7.7816004251704,0.0,0.0,0.0,1.3226725257779652,10.30152854876987
2008-02-21,75.47780552927935,8.075521187278675,0.0,0.0,0.0,0.0,2.965375666672898,0.0,0.0,1.1787589412162394,12.30253867555284
2008-02-22,42.30892343819125,4.49811504939341,35.31196766672236,0.37570647993946715,0.0,3.876742632806101,1.6555636334351669,0.0,0.0,0.6426684085544663,11.330312690957776
2008-02-25,78.82328903103955,8.369493421286847,0.0,0.0,0.0,7.212252553958532,0.0,0.0,0.0,0.0,5.594964993715078
2008-02-26,84.68453274099414,8.990116661351877,0.0,0.0,0.0,0.0,3.3024213104481537,0.0,0.0,0.0,3.022929287205825
2008-02-27,49.339137366542865,0.0,41.19226937116932,0.0,0.5584687921812865,4.502279564806326,0.0,0.0,0.0,0.0,4.4078449053002
2008-02-28,81.83167172720378,8.679436715883323,0.0,0.0,0.0,0.0,0.0,0.0,0.0,0.0,9.488891556912893
2008-02-29,49.57695101778377,5.256424389295481,41.456628464148444,0.0,0.0,0.0,0.0,0.0,0.0,0.7543909465365267,2.9556051822357787
2008-03-03,86.81738982147385,9.201822437905406,0.0,0.7343032221915713,0.0,0.0,0.0,0.0,0.0,0.0,3.2464845184291606
2008-03-04,87.1384670271781,9.23710272689808,0.0,0.0,0.0,0.0,0.0,3.5475154865633156,0.0,0.0,0.07691475936051342
2008-03-05,46.03035677798612,4.87806501902643,38.499716890974966,0.0,0.0,0.0,1.8264550621684612,1.8690761519286843,0.0,0.6693794713503362,6.226950626565001
2008-03-06,38.27833363133313,4.003091379586211,31.956674359540756,0.3207308665292743,0.479652707458031,3.497255778012737,1.4783326384332462,1.6583042897951557,0.0,0.5471730764781993,17.78045127283326
2008-03-07,37.32141927941672,3.7236154317415435,31.260329189850573,0.0,0.5138030323770556,3.269692701554146,1.3877994424410551,1.6015214352790175,0.0,0.43333029754805064,20.488489189791835
2008-03-10,37.74536907922843,3.7355229894140014,26.516540424227653,0.3157198881069966,6.463083455665708,3.5872375286704306,1.3917552559773845,1.410414567358931,0.0,0.4374414213284884,18.396915390021974
2008-03-11,47.90491981190948,4.051660991093788,29.037653469110925,0.3449326339731314,0.5259648197312782,3.9468563256301223,1.5189944667956115,1.540676982866903,0.0,0.4783436743584475,10.649996824530314
2008-03-12,50.53781898089055,4.260642943689266,30.691692299079953,0.0,0.0,4.13641977476556,1.6051943060009313,1.6166873236599075,0.0,0.5067153021616595,6.644829069752175
2008-03-13,50.151340465948415,4.2401565271152,30.608205088585926,0.0,0.5261789785676382,0.0,0.0,1.6309815311783267,0.0,0.5216166942152257,12.321520714389273
2008-03-14,48.91557573006949,4.129031466378065,29.90555281400385,0.0,0.49481529546278047,4.016929597607278,1.5640424361722578,1.6036118074282564,0.0,0.0,9.37044085287802
2008-03-17,48.66009785616169,4.091918582206445,29.849975722979615,0.0,0.0,3.9554302027790436,1.5569482374788752,1.6247559306994688,0.0,0.0,10.260873467694859
2008-03-18,53.393248358702984,4.4838149275849455,32.784727626511106,0.3840424608652434,0.0,0.0,1.7027271050034547,1.7996820979856325,0.0,0.5559567724015636,4.895800650945067
2008-03-19,51.86107333173111,4.3518195916548565,31.8643835760111,0.0,0.0,0.0,1.653043649943738,1.7619423402025576,0.0,0.0,8.50773751045664
2008-03-20,47.52706820073264,3.9781892191866253,29.208315705892122,0.0,0.0,3.951122782989684,1.5166352272377592,1.630990364442498,0.0,0.4936363662840891,11.694042133234582
2008-03-25,50.34851933672392,4.207593035693607,30.889877949200816,0.0,0.0,4.185511947107901,1.6056540386414222,0.0,0.0,0.0,8.76284369263233
2008-03-26,56.89686198450815,4.778085327927918,34.94470397234994,0.0,0.5725537332437527,0.0,0.0,0.0,0.0,0.0,2.8077949819702357
2008-03-27,53.34874506759949,4.484585427519023,32.77397458510288,0.0,0.0,0.0,1.720817573154668,0.0,0.0,0.0,7.6718773466239405
2008-03-28,52.27889404075896,4.392530218438235,32.11797730314986,0.0,0.5437997122106806,0.0,1.6876906566660108,1.7956633810288807,0.0,0.0,7.183444687747371
2008-03-31,50.05844669412253,4.196136941991586,30.906073778177422,0.0,0.0,4.1104551837597,1.6055532839806899,0.0,0.0,0.0,9.123334117968074
2008-04-01,51.01643917916202,4.273675379985772,31.589017288621697,0.0,0.0,4.116064497010419,1.6409096058867887,1.7533155046111752,0.0,0.0,5.610578544722129
2008-04-02,52.32095336252234,0.0,32.39529475324051,0.0,0.0,4.172536738732192,1.6894467690806405,0.0,0.0,0.0,9.421768376424305
2008-04-03,46.94771456635489,3.9129462831429382,29.0978250893195,0.0,0.0,3.6648957532223143,1.5196444985562656,1.6073330793012812,0.0,0.48447859070705307,12.76516213939576
2008-04-07,46.78737347120365,3.8908193253024437,29.0217846935454,0.3359807394024383,0.0,3.703394591434222,1.513269996238182,1.595312361371154,0.0,0.4864519436815714,12.665612877820935
2008-04-08,52.66450754815133,4.3979720005862175,32.68413404142757,0.0,0.0,4.195066536466982,1.7125139038539245,1.797685612334368,0.0,0.0,2.5481203571796036
2008-04-09,49.557524685094485,4.1487075139676355,30.762277796501124,0.0,0.5313618617822834,4.009111025073498,1.6067481756980095,1.6820983536131933,0.0,0.5182504111098171,7.183920177159958
2008-04-10,52.355462120518006,4.384243912024606,32.45741857498063,0.0,0.54794139813919,4.251942384462594,0.0,1.7724850961456158,0.0,0.6366862027322516,3.593820310997107
2008-04-11,54.64214723956492,0.0,33.87564854298348,0.3922084819040218,0.5485304322494758,4.446059104728053,1.7697795923016062,1.8506107844774407,0.0,0.0,2.4750158217910085
2008-04-14,51.56208045815902,4.332547942166623,31.915978823689077,0.37154368129094806,0.0,4.198275584259727,1.670629551970246,1.7474030194285894,0.0,0.0,4.201540939035768
2008-04-15,50.43719802600158,4.2530276170410755,31.199116000908774,0.0,0.0,4.153307593537173,1.6425941819648175,0.0,0.0,0.0,8.314756580546577
2008-04-16,52.76262590382695,4.433974053341701,32.51413471229507,0.0,0.0,0.0,1.6944164878948842,1.7748605098720869,0.0,0.6355656194407274,6.184422713328574
2008-04-17,49.32952343334915,4.141460156465074,30.382202488405397,0.3590648024658087,0.0,4.054978130573553,1.577280094406475,2.246901699810977,0.0,0.5904569828475886,7.318132211675973
2008-04-18,78.94313716592067,6.615138305720887,0.0,0.5756033424087285,0.0,6.509982529997145,0.0,0.0,0.0,0.0,7.35613865595257
2008-04-21,49.30342632713812,4.122464383516876,30.412372073898926,0.0,0.4762928613474545,4.133428331792435,1.5721318097636987,2.1612506475650983,0.0,0.5990285989022772,7.219604966075118
2008-04-22,46.029627724604524,3.801109051854743,28.1899960493529,0.32820646602297543,0.0,0.0,1.3956340412204735,1.9635497626757832,0.0,0.4990466856798552,17.792830218588747
2008-04-23,46.65726679805891,3.7776654851530007,28.63410766343058,0.3424533703827664,0.44478127300350817,3.8988171661820212,1.4023412153651975,1.9831523125303914,0.0,0.49255291954620384,12.366861796347411
2008-04-24,51.64904817319287,4.171873458449558,31.74551746063213,0.36864493447607793,0.0,4.336204498970506,1.5548243320554145,0.0,0.0,0.5429135941513002,5.630973548072153
2008-04-25,50.593069400514004,4.079867877482286,31.115254241815638,0.0,0.0,4.287223054875831,1.5146977967555275,2.1539898190886264,0.0,0.5275977883115979,5.728300021156494
2008-04-28,48.06687984637796,3.9018012130603754,29.598820077261095,0.0,0.0,0.0,1.4428103190013204,2.056108354497411,0.0,0.5232981476968543,14.410282042104985
2008-04-29,48.712988553785294,3.9759775862599414,29.9434113710163,0.349526133790515,0.4549827113375553,4.120699077106249,1.4727865152021655,2.089313052008324,0.0,0.5339863553435381,8.34632864415012
2008-04-30,51.42813253624829,4.1825805684172535,33.059713108465544,0.3689195740233188,0.0,4.434397661624235,0.0,0.0,0.0,0.5650906980651881,5.961165853156163
2008-05-02,48.9728808564427,3.9739095174720975,31.836891946357138,0.0,0.0,4.223354475287951,1.4726946107562822,2.097052286768222,0.0,0.0,7.423216306915611
2008-05-05,49.505160632754645,4.007962501487749,32.37417516478125,0.3525259509610108,0.0,4.2632508439119885,1.4918748158136088,2.1132265036907905,0.0,0.0,5.891823586598955
2008-05-06,50.94103735885436,4.107096717408535,33.42387529822126,0.0,0.0,0.0,1.5377072028061631,2.164468047970094,0.0,0.0,7.82581537473959
2008-05-07,52.70348968000735,4.246109657911424,34.632687866360904,0.3760142620747493,0.0,0.0,1.5809989608857928,2.239364135816318,0.0,0.0,4.22133543694346
2008-05-08,0.0,8.287649331637423,67.87652156504086,0.0,0.0,0.0,3.088555794046534,4.389120377536967,0.0,0.0,16.358152931738214
2008-05-09,47.62399234761481,3.8270323969384457,31.43732002369537,0.0,0.0,0.0,1.41787999675598,2.027120055821505,0.0,0.5168163490262304,13.149838830147658
2008-05-13,49.2648726913566,3.9574885680301652,32.52415231918081,0.0,0.0,0.0,1.4633059558974049,2.0936225600613585,0.0,0.5328300965774942,10.163727808896168
2008-05-14,84.17613780257105,0.0,0.0,0.0,0.0,7.264150199672234,2.4988379517458434,0.0,0.0,0.9171420323828471,5.14373201362802
2008-05-15,43.902469658195734,3.50163441710277,29.086751205821493,0.3140386489622616,0.0,3.8266353904004062,1.2818145494991793,1.8820658054349546,0.0,0.42610833401094733,15.778481990572253
2008-05-16,43.30070296506576,3.4649573739416484,28.723360211199882,0.3111109563882389,0.0,3.8881579752394133,1.2725570828241923,1.854357186591234,0.0,0.38923051984909435,16.795565728900534
2008-05-19,45.40528436278074,3.5388916233438517,29.99741956078076,0.3273945480063291,0.0,4.215807339104191,1.3379425652053252,1.8738115118423209,0.0,0.4140016538897676,12.889446835046714
2008-05-20,44.9099227266845,3.487268844904566,29.681877648877812,0.32472523913970286,0.0,4.171810473360387,1.3326844238068822,0.0,0.0,0.41594320291127107,15.675767440314878
2008-05-21,51.46953756134123,3.998740152212938,34.027517621901566,0.3694922137076327,0.0,0.0,1.5386101771105065,2.132317235695078,0.0,0.4749017788141375,5.988883259216907
2008-05-22,47.63471990590623,3.7390450275053473,31.52517975789436,0.3422357733937282,0.47175479154292027,0.0,1.4169645860400097,1.9969827081548903,0.0,0.43478893616221115,12.438328513400304
2008-05-23,50.684895600690574,4.0265676285730185,33.56561663197497,0.0,0.0,4.718197611318013,1.5039816831861004,2.134353119962238,0.0,0.46195146915347995,2.904436255141612
2008-05-26,48.63085093082981,3.9838093144084,32.18836216472326,0.0,0.0,4.533625961769047,1.4524848961311916,2.054272096893676,0.0,0.4544253223460204,6.702169312898602
2008-05-27,46.74197857659186,3.8270370749781457,30.94575822113854,0.3364774654206895,0.0,4.365741223300756,1.396993770014695,1.96669940995382,0.0,0.43777088001790376,9.98154337858358
2008-05-28,49.28290352358318,4.004521556268217,32.606386277954826,0.0,0.0,4.604707101359096,1.4705745307329825,2.080093859091607,0.0,0.46097630579330084,5.489836845216793
2008-05-29,80.50034489868229,6.561031718139492,0.0,0.0,0.0,7.529910119410248,2.4235295520305034,0.0,0.0,0.0,2.985183711737471
2008-05-30,47.012176347004285,3.836599720704871,31.086592494928933,0.0,0.4762847681805528,4.397844702808357,1.4145302651794214,1.9841951531422084,0.0,0.4387466511875325,9.353029896863838
2008-06-02,0.0,7.0383096852164275,57.215800899546466,0.0,0.0,8.088806189745746,2.59117518352059,3.666580967051781,0.0,0.0,21.39932707491899
2008-06-03,52.36117212940009,0.0,34.63747477093742,0.0,0.0,4.898526898901288,0.0,0.0,0.0,0.0,8.102826200761196
2008-06-04,49.94187750785246,4.045366770258617,33.02600176411307,0.0,0.0,4.67658857682872,1.4941573835394029,2.1329639908028586,0.0,0.47083932424664776,4.212204682358227
2008-06-05,0.0,0.0,83.5155538659675,0.9122292637420348,0.0,0.0,3.7828906154844355,5.387631085352649,0.0,0.0,6.401695169453376
2008-06-06,73.11700433683436,5.865633496312121,0.0,0.0,0.0,6.846380802174899,2.1872411437918333,3.1124144516736867,0.0,0.7141236037990092,8.157202165414095
2008-06-10,53.96564408417277,4.332861149270093,35.68189472015014,0.38954489734946945,0.0,0.0,0.0,2.2962300446109607,0.0,0.0,3.3338251044465643
2008-06-11,48.24158300939088,3.8591242614414956,31.914694770584862,0.0,0.0,4.520700677909753,1.4414681417472583,2.0969063148139213,0.0,0.45501222816594666,7.470510595945886
2008-06-12,52.06266596049808,4.187448732485578,34.41520362985725,0.0,0.5365590039110785,0.0,0.0,2.254387782305083,0.0,0.4760020834720266,6.0677328074708985
2008-06-16,52.684618948289106,0.0,34.832888326648245,0.0,0.0,4.969935070259898,0.0,2.279719502282794,0.0,0.0,5.232838152519954
2008-06-17,53.00969050560942,4.262379932891469,35.04406774615952,0.0,0.0,5.006253926882091,0.0,2.3155560892395464,0.0,0.0,0.362051799217956
2008-06-18,85.59768595484987,0.0,0.0,0.6227037555452614,0.0,8.074993940251593,0.0,0.0,0.0,0.7783268650522999,4.926289484300979
2008-06-19,53.20539766663741,4.284255388395368,35.24519779392668,0.0,0.0,5.02409584183726,0.0,0.0,0.0,0.0,2.2410533092032763
2008-06-20,81.57776904795782,6.571669259213149,0.0,0.0,0.0,7.708082941028378,0.0,0.0,0.0,0.0,4.1424787518006525
2008-06-24,63.24242070690597,5.915913047048874,0.0,0.0,10.751058021279183,6.921128664990225,0.0,0.0,0.0,0.6722266863842984,12.497252873391457
2008-06-25,49.413251396364444,0.0,32.742118678060535,0.0,0.5103035011884738,4.670542921994499,1.48294251780782,2.1668327389267468,0.0,0.0,9.01400824565748
2008-06-26,46.306480436045575,3.7744828464980973,30.727390042186954,0.3397114496020894,0.0,0.0,1.4065965944606433,2.054492224649667,0.0,0.49337886240095996,14.897467544156015
2008-06-27,0.0,7.642476299220831,62.25816204219651,0.0,0.0,0.0,2.848914930131713,4.149125118058349,0.0,0.0,23.101321610392596
2008-06-30,73.13147866916114,5.9513195055216634,0.0,0.0,0.0,6.926375655082374,0.0,3.216064356505003,0.0,0.7867285165743138,9.988033297155503
2008-07-02,83.19828715460147,6.822473741655978,0.0,0.0,0.8736857859023568,0.0,2.5239236458301124,0.0,0.0,0.9093427619532508,5.672286910056835
2008-07-03,55.96490807568654,4.636517224253669,37.13257873313852,0.0,0.0,0.0,0.0,0.0,0.0,0.6111879595963827,1.6548080073248859
2008-07-04,87.94981661636609,0.0,0.0,0.0,0.0,7.262213279302272,0.0,0.0,0.0,0.958907008292425,3.8290630960392034
2008-07-07,50.05716162201361,0.0,33.21545056702015,0.3669718976911448,0.5256289106838669,3.84471554250512,1.5162442850126985,2.1921680011229023,0.0,0.0,8.28165917395051
2008-07-08,73.86596720217706,6.179834908836876,0.0,0.0,0.0,5.702357537788541,2.2411780465444746,0.0,0.0,0.0,12.010662304653046
2008-07-09,80.37512058159714,6.725556956958026,0.0,0.0,0.0,0.0,2.4372109406355458,0.0,0.0,0.0,10.462111520809275
2008-07-10,55.18072149120964,4.619909883203056,36.770176176143146,0.0,0.0,0.0,0.0,0.0,0.0,0.0,3.429192449444162
2008-07-11,76.57624481705484,6.482077767205853,0.0,0.3934302314118607,0.0,5.901463304265651,0.0,3.359755652961511,0.0,0.0,7.287028227100285
2008-07-14,77.89330862599648,6.571935961694504,0.0,0.3971897121019045,0.0,6.000495272244733,0.0,0.0,0.0,0.8446177972068359,8.292452630755541
2008-07-15,86.03832400351354,7.252276153940052,0.0,0.0,0.0,0.0,0.0,3.7715061455867773,0.0,0.0,2.9378936969596228
2008-07-16,54.48000219728597,0.0,36.16120125834069,0.0,0.0,4.202911466117291,0.0,2.3901179473554786,0.0,0.0,2.7657671309005685
2008-07-17,0.0,8.126836718525142,63.87754810780626,0.0,0.0,7.459067918731808,2.900529191331422,4.217668014983356,0.0,0.0,13.41835004862201
2008-07-18,0.0,21.38771544967291,0.0,0.0,2.6418841705058944,19.518706934720573,7.5786158479647785,11.010548605478371,0.0,0.0,37.86252899165747
2008-07-21,81.75458308682006,6.949735213509034,0.0,0.4137817273863744,0.0,6.349284138216743,0.0,0.0,0.0,0.8830490468697296,3.6495667871980526
2008-07-22,0.0,0.0,0.0,0.0,0.0,39.569488027819446,0.0,22.265658833285656,0.0,0.0,38.1648531388949
2008-07-23,0.0,8.874089101327359,69.09876000368119,0.0,1.0871488529870958,8.099839918595588,0.0,4.52882676010242,0.0,1.130013353221415,7.181322010084931
2008-07-24,0.0,0.0,0.0,0.0,0.0,90.68887296432389,0.0,0.0,0.0,0.0,9.311127035676108
2008-07-25,85.72649533021192,7.302199187305275,0.0,0.0,0.0,6.668483829096865,0.0,0.0,0.0,0.0,0.30282165338594635
2008-07-28,85.09930346520538,7.251064475311648,0.0,0.0,0.0,0.0,0.0,3.6983310860780994,0.0,0.0,3.951300973404878
2008-07-29,0.0,0.0,0.0,0.0,0.0,79.52617494478088,0.0,0.0,0.0,0.0,20.473825055219123
2008-07-30,90.73344814231048,7.734735620364643,0.0,0.0,0.0,0.0,0.0,0.0,0.0,0.0,1.5318162373248747
2008-07-31,87.02420648754881,0.0,0.0,0.0,0.0,6.791079087608244,0.0,3.7778072104297684,0.0,0.0,2.406907214413173
2008-08-01,0.0,0.0,0.0,0.0,0.0,37.27691166142041,0.0,0.0,0.0,5.1783952556170405,57.54469308296255
2008-08-04,52.90940514562905,4.512481882724741,35.12119721623911,0.0,0.0,4.133760501607356,1.5980201660709865,0.0,0.0,0.0,1.7251350877287537
2008-08-05,75.84101440362414,6.484002877126785,0.0,0.0,0.0,5.9255997299194965,0.0,0.0,0.0,0.7984104921134337,10.950972497216148
2008-08-07,0.0,0.0,0.0,0.0,0.0,92.05617406811086,0.0,0.0,0.0,0.0,7.943825931889134
2008-08-08,81.72341273162743,6.984921367495082,0.0,0.0,0.0,6.393322441913759,2.459284479661135,0.0,0.0,0.0,2.4390589793025916
2008-08-11,79.99667654296493,6.836356676837663,0.0,0.0,0.0,6.265936164774809,2.4038201069052096,3.4710655072878556,0.0,0.0,1.0261450012295334
2008-08-12,0.0,0.0,0.0,0.0,0.0,72.92172892985958,0.0,0.0,0.0,9.722181058327735,17.356090011812682
2008-08-13,55.95524299416789,0.0,37.13802765848545,0.0,0.0,4.38358697249928,0.0,0.0,0.0,0.0,2.523142374847385
2008-08-14,76.93908373178235,6.5711594900904595,0.0,0.0,0.0,6.032229230042782,0.0,0.0,0.0,0.0,10.457527548084412
2008-08-15,52.03830067024877,4.439219089200489,34.536503715319625,0.0,0.0,4.083620330909977,0.0,0.0,0.0,0.0,4.902356194321131
2008-08-18,51.4611918437644,4.383447172950554,34.15201863064471,0.0,0.0,3.682800254474904,1.5447606079846259,0.0,0.0,0.4944749841730554,4.281306506007754
2008-08-19,51.2217391010297,4.35731197031151,33.97592997523044,0.0,0.0,1.8432034224814622,0.0,0.0,0.0,0.0,8.601815530946883
2008-08-20,0.0,0.0,0.0,0.0,0.0,27.746709394266073,23.23734161176261,0.0,0.0,0.0,49.01594899397132
2008-08-21,53.96037480058704,4.564227594774206,35.77097393201325,0.0,0.0,1.940294286056553,0.0,0.0,0.0,0.49075810900917866,3.2733712775597676
2008-08-25,0.0,0.0,0.0,0.0,0.0,54.90856987851266,0.0,0.0,0.0,0.0,45.09143012148734
2008-08-26,54.30431153712774,4.587121773846221,35.932682317015335,0.0,0.0,0.0,0.0,0.0,0.0,0.0,5.175884372010712
2008-08-27,89.18811543892187,7.510084518030058,0.0,0.0,0.0,3.2550707199391495,0.0,0.0,0.0,0.0,0.0467293231089221
2008-08-28,82.98567454810714,6.9953001815509745,0.0,0.0,0.0,3.1990303620699123,2.4785247275798175,0.0,0.0,0.0,4.341470180692144
2008-08-29,52.78861093710102,4.449165333195018,34.846553831612184,0.0,0.0,2.104767971829721,0.0,2.287989132221283,0.0,0.0,3.522912794040772
2008-09-01,53.697886658241686,4.525375744765345,35.34598386726529,0.0,0.0,2.167988290194231,0.0,0.0,0.0,0.0,4.2627654395334424
2008-09-02,53.76941341104812,4.547044332439977,35.381203749971704,0.0,0.0,2.195597165872695,0.0,0.0,0.0,0.0,4.106741340667498
2008-09-03,54.145544678579164,4.590435016117016,35.57425510858401,0.0,0.0,2.2445876886694744,0.0,2.3455263720057085,0.0,0.0,1.099651136044626
2008-09-04,0.0,0.0,86.7610009011793,0.0,0.0,5.4972961767699395,0.0,0.0,0.0,0.0,7.741702922050751
2008-09-05,87.28724383184236,7.3479945408293705,0.0,0.0,0.0,3.694135713639307,0.0,0.0,0.0,0.0,1.6706259136889718
2008-09-08,95.92234518143083,0.0,0.0,0.0,0.0,4.077654818569179,0.0,0.0,0.0,0.0,0.0
2008-09-09,83.14652866460959,6.998015739931132,0.0,0.0,0.0,3.559430435986758,0.0,0.0,0.0,0.7535692905925218,5.542455868880005
2008-09-10,79.15409895162946,6.659729680241415,0.0,0.0,0.0,3.431233130847522,0.0,3.417421209795864,0.0,0.0,7.337517027485736
2008-09-11,91.79172116935622,7.726499790277451,0.0,0.0,0.0,0.0,0.0,0.0,0.0,0.0,0.4817790403663257
2008-09-12,45.532925287606076,3.87237706281727,41.93275379145482,0.0,0.0,2.02090510826043,1.37235145866879,0.0,0.0,0.0,5.26868729119262
2008-09-16,45.187516729269774,3.8255015052884236,41.60615606229121,0.0,0.0,2.076987911232122,1.3603608740019044,1.9707977264159893,0.0,0.0,3.9726791915005797
2008-09-17,0.0,0.0,0.0,0.0,0.0,32.62492022060739,0.0,31.06321398700649,0.0,0.0,36.31186579238612
2008-09-18,46.07392629772448,3.8979698091097914,42.44454731595436,0.0,0.48480417644726187,2.1487746563707253,1.3856017271856498,2.0304360807438573,0.0,0.0,1.533939936463875
2008-09-19,47.154446054319806,3.9745110439199314,43.55335917940834,0.0,0.0,0.0,1.4180660673119492,2.1183906865029383,0.0,0.0,1.781226968537033
2008-09-22,44.55846417692886,3.7522919539387836,40.68634562294419,0.0,0.0,2.0764250933571664,1.3379556793890384,2.023524457038336,0.0,0.0,5.564993016403635
2008-09-23,44.64186711301914,3.766600611990107,40.62511852387601,0.0,0.0,2.0624615223950356,1.3457565311768476,2.030251589714033,0.0,0.40622553677399753,5.121718571054833
2008-09-24,46.27249856547097,3.902767673421989,41.97633819593278,0.0,0.0,2.1442975611575434,1.3947487892679888,0.0,0.0,0.43672195961482985,3.872627255133903
2008-09-25,82.64820323600307,6.971789997203389,0.0,0.0,0.0,3.8415052464850605,0.0,0.0,0.0,0.7984047691419222,5.740096751166561
2008-09-26,46.339082265167114,3.8996728679595805,39.540860266580715,0.0,0.0,4.630640494649714,0.0,0.0,0.0,0.0,5.5897441056428825
2008-09-29,83.86732563166571,0.0,0.0,0.0,0.0,8.38266726543613,2.5345599388485796,3.816993528144884,0.0,0.0,1.3984536359046937
2008-09-30,77.04727169642528,6.485956725550684,0.0,0.0,0.0,7.713732225773609,2.3311294600142007,3.518178092263108,0.0,0.0,2.9037317999731127
2008-10-02,80.0435432632336,6.756473178514377,0.0,0.0,0.0,8.023095847029635,0.0,3.664160680501088,0.0,0.0,1.5127270307213085
2008-10-03,76.82808544345953,6.46913948912691,0.0,0.0,0.0,7.717102690727379,2.3259387388199366,3.5202925170619404,0.0,0.6956162330979353,2.4438248877063717
2008-10-06,89.71283109551143,0.0,0.0,0.0,0.0,9.014489337556231,0.0,0.0,0.0,0.0,1.2726795669323363
2008-10-08,0.0,0.0,0.0,0.0,0.0,0.0,0.0,0.0,0.0,0.0,100.0
2008-10-09,77.96995473624952,6.565715424898211,0.0,0.0,0.0,7.8404732501257595,0.0,3.587320425624278,0.0,0.0,4.036536163102232
2008-10-10,47.11081802385967,3.958591178728895,40.2469019945086,0.0,0.4938049480569794,4.734428674822464,0.0,2.1661209672093973,0.0,0.4210554416253778,0.8682787711886093
2008-10-13,0.0,0.0,0.0,0.0,0.0,0.0,0.0,61.13975887342015,0.0,0.0,38.860241126579844
2008-10-14,45.849032653427955,3.8626595107896162,39.13028730870906,0.0,0.0,4.613347778232625,1.3877198982774281,0.0,0.0,0.0,5.156952850563321
2008-10-15,45.361763037675246,3.825522558648319,38.68582073908116,0.0,0.0,4.556838971973239,1.3722459727508982,2.0966251229316013,0.0,0.0,4.1011835969395385
2008-10-16,87.86021795063293,0.0,0.0,0.0,0.0,8.838472676825996,0.0,0.0,0.0,0.0,3.301309372541076
2008-10-17,87.10035654630363,0.0,0.0,0.0,0.0,8.769696965280296,0.0,0.0,0.0,0.0,4.129946488416079
2008-10-20,0.0,32.62599800366713,0.0,0.0,0.0,39.00025884522576,0.0,17.89332479610855,0.0,0.0,10.480418354998557
2008-10-21,90.24255861725338,0.0,0.0,0.0,0.0,9.112692057215508,0.0,0.0,0.0,0.0,0.6447493255311193
2008-10-22,82.27292023487034,6.9314744191129245,0.0,0.0,0.0,8.313222528534958,2.482382817481774,0.0,0.0,0.0,0.0
2008-10-23,82.63684383883975,6.957368890024404,0.0,0.0,0.0,8.368134778934493,0.0,0.0,0.0,0.0,2.0376524922013393
2008-10-24,46.45357072338746,4.0286436989255625,39.60144479598583,0.2071530622862287,0.0,4.7240415746186395,1.4001401888414013,2.1487682111543904,0.0,0.0,1.4362377448004913
2008-10-27,48.662221719286805,4.219778337905853,41.464284629605004,0.0,0.0,0.0,1.4678603503153043,2.2717132231290753,0.0,0.0,1.9141417397579588
2008-10-28,77.68390774271903,6.736000821583104,0.0,0.0,0.0,7.914984584675497,0.0,3.6405421616484275,0.0,0.0,4.024564689373949
2008-10-29,81.29891532478236,7.048032588019831,0.0,0.0,0.0,8.289169296932638,0.0,0.0,0.0,0.0,3.36388279026517
2008-10-30,75.18830366209207,6.528567754777427,0.0,0.0,0.0,7.742390540240376,2.2707615984734244,3.5311368610392324,0.0,0.0,4.738839583377467
2008-10-31,14.053901618291414,0.0,71.10025960056174,0.0,0.0,4.735393515467423,1.3865375825853634,2.158245423888264,0.0,0.0,6.565662259205791
2008-11-03,47.77400718440823,13.597030993902267,0.0,0.0,0.0,16.116053134459573,4.7017144118149234,7.340177622127551,0.0,0.0,10.47101665328745
2008-11-04,48.52330630744625,13.853767083494159,0.0,0.0,0.0,16.406810128561318,4.788487208080454,7.476851114443283,0.0,0.0,8.950778157974538
2008-11-05,13.450409217016091,3.8555950606988465,62.29589810045027,0.0,0.0,4.561539833759076,1.3451755487579447,8.18914886751339,0.0,0.3972926707523301,5.904940701052042
2008-11-06,38.73230988350943,11.117020764896203,0.0,0.5580042893536086,0.0,13.15129574911519,3.8895127670733496,23.60253861051139,0.0,0.0,8.94931793554082
2008-11-07,47.79979810770276,13.76479285006699,0.0,0.7185892828776155,0.0,0.0,0.0,29.270301715294707,0.0,1.4047312192815145,7.041786824776414
2008-11-10,42.57982713730764,12.296200071402664,0.0,0.0,0.0,14.534294692929391,0.0,26.107961596039253,0.0,0.0,4.481716502321048
2008-11-11,37.20481974246139,10.81331914202887,0.0,0.6478971478312728,0.0,12.760542108251736,3.780709637140181,22.918368830769293,0.0,0.0,11.874343391517261
2008-11-12,16.715456724037452,0.0,78.20792246213803,0.0,0.0,0.0,1.7060903251649429,0.0,0.0,0.0,3.3705304886595746
2008-11-13,13.635185786731107,3.9698758668055825,63.794322759934644,0.0,0.0,4.671126898767403,0.0,8.404378745067532,0.0,0.0,5.525109942693731
2008-11-14,64.4265439419723,18.76617180342991,0.0,0.0,0.0,0.0,0.0,0.0,0.0,0.0,16.807284254597796
2008-11-17,71.74205292186343,20.945421883501638,0.0,0.0,0.0,0.0,0.0,0.0,0.0,0.0,7.312525194634933
2008-11-18,16.30446285187944,0.0,76.30122989408123,0.0,0.0,5.5899645561466125,0.0,0.0,0.0,0.0,1.8043426978927135
2008-11-19,49.90280445097279,14.608135437718323,0.0,0.0,0.0,0.0,0.0,30.862155681370222,0.0,0.0,4.626904429938667
2008-11-20,13.624869318022373,4.009692344689556,63.9568330134307,0.0,0.0,4.686204158432608,0.0,8.466502567229183,0.0,0.0,5.2558985981955795
2008-11-21,14.135019580800249,4.159638811465218,66.34871768514991,0.0,0.0,0.0,0.0,8.761481071438325,0.0,0.0,6.595142851146301
2008-11-24,39.553899847138005,11.6370635721583,0.0,0.0,0.0,13.621233093725957,0.0,24.459988942808746,0.0,1.364374600123627,9.363439944045359
2008-11-25,67.98657245917386,0.0,0.0,0.0,0.0,23.419240439266062,0.0,0.0,0.0,0.0,8.594187101560077
2008-11-26,0.0,44.466081233876196,0.0,0.0,0.0,52.12900764741498,0.0,0.0,0.0,0.0,3.4049111187088217
2008-11-27,0.0,0.0,0.0,0.0,0.0,98.93125757799922,0.0,0.0,0.0,0.0,1.0687424220007764
2008-11-28,0.0,0.0,0.0,0.0,0.0,0.0,0.0,0.0,0.0,0.0,99.99999999999999
2008-12-01,40.49483778500617,11.908412988248548,0.0,0.0,0.0,13.962139314425906,0.0,25.018694050749502,0.0,0.0,8.615915861569878
2008-12-02,0.0,0.0,0.0,0.0,0.0,91.77958078028364,0.0,0.0,0.0,0.0,8.220419219716359
2008-12-03,0.0,18.967181381769564,0.0,0.0,0.0,22.21040486234223,6.599561142832432,39.833800073077455,0.0,2.2305524396995313,10.158500100278793
2008-12-04,0.0,0.0,0.0,0.0,0.0,97.24551063774301,0.0,0.0,0.0,0.0,2.754489362256982
2008-12-05,59.30058138358092,17.46513968105589,0.0,0.0,0.0,0.0,0.0,0.0,0.0,0.0,23.23427893536319
2008-12-08,0.0,0.0,0.0,0.0,0.0,88.60012648151888,0.0,0.0,0.0,0.0,11.399873518481115
2008-12-09,59.069132243426026,17.39277692854564,0.0,0.0,0.0,20.35980110120003,0.0,0.0,0.0,0.0,3.178289726828298
2008-12-10,60.833444369080546,0.0,0.0,0.0,0.0,20.96985377278145,6.2173781912508375,0.0,0.0,0.0,11.979323666887165
2008-12-11,75.97008098635911,0.0,0.0,0.0,0.0,0.0,0.0,0.0,0.0,0.0,24.029919013640892
2008-12-12,74.98130826333062,0.0,0.0,0.0,0.0,0.0,0.0,0.0,0.0,0.0,25.018691736669382
2008-12-15,36.85516337852019,10.87315562147583,0.0,0.0,1.2876493216632756,12.693021456658931,3.770136777503741,22.77306475793918,0.0,1.2658046155998675,10.482004070638986
2008-12-16,38.06217300033533,11.243962229194132,0.0,0.0,0.0,13.091827969549044,3.898614929000921,23.534000309295557,0.0,0.0,10.169421562625022
2008-12-17,0.0,34.94334464204753,0.0,0.0,0.0,40.62849789463676,0.0,0.0,0.0,3.884713247183274,20.54344421613244
2008-12-18,70.80466195002312,0.0,0.0,0.0,0.0,24.386752776295666,0.0,0.0,0.0,0.0,4.808585273681217
2008-12-19,0.0,0.0,0.0,0.0,0.0,0.0,0.0,95.80680163890489,0.0,0.0,4.193198361095109
2008-12-22,13.261451056590062,3.9575785125246696,62.55482289665678,0.0,0.0,4.512418702087224,1.3658232430648383,8.216001352439305,0.0,0.0,6.131904236637123
2008-12-23,12.732904958190232,3.8332361465042335,59.9669867764992,0.0,0.4469549780755029,4.312859687917976,0.0,7.884979935808582,0.0,0.0,10.822077517004278
2008-12-29,13.304579187211512,4.073803715538333,62.70455314919682,0.0,0.0,4.505684429689182,1.389165141715802,8.208408008657191,0.0,0.0,5.813806367991159
2008-12-30,35.12207024971211,10.767079226570873,0.0,0.0,0.0,11.86489832070638,3.7092423061308804,21.618205827807873,0.0,0.0,16.918504069071886
2009-01-02,16.283382581418078,0.0,76.67416802845034,0.0,0.0,5.493944800224297,0.0,0.0,0.0,0.0,1.5485045899072891
2009-01-05,38.18102615886179,11.78267953750872,0.0,0.0,0.0,12.877458202152624,4.200736404942045,23.72518283062954,0.0,0.0,9.232916865905278
2009-01-06,0.0,22.276123724874015,0.0,0.0,0.0,24.293050190529534,0.0,44.76192878561086,0.0,0.0,8.668897298985582
2009-01-07,40.99847603692277,12.65576530755724,0.0,0.0,0.0,13.756276504069834,4.488962344439738,25.580091424669305,0.0,0.0,2.520428382341116
2009-01-08,50.13782953933009,15.46995709359012,0.0,0.0,0.0,16.739519297274374,5.555824067717221,0.0,0.0,1.6544550511977802,10.442414950890418
2009-01-09,37.6846606138387,11.60146028055857,0.0,0.0,0.0,12.583722894655914,4.19647213371329,23.636356990626485,0.0,0.0,10.297327086607035
2009-01-12,36.64718984183794,11.26242127828165,0.0,0.0,0.0,7.9517877767444105,4.1537547293625865,27.17122570319852,0.0,0.0,12.813620670574892
2009-01-13,44.8270020442681,13.799204357267492,0.0,0.7932137413688546,0.0,0.0,0.0,33.21284678157164,0.0,0.0,7.367733075523911
2009-01-14,43.159401670440865,13.290478035818792,0.0,0.0,0.0,9.36460922011207,0.0,31.927684111493537,0.0,0.0,2.2578269621347378
2009-01-15,0.0,0.0,0.0,0.0,0.0,0.0,0.0,0.0,0.0,0.0,100.0
2009-01-16,0.0,26.512551749207443,0.0,0.0,0.0,0.0,0.0,64.08710586244214,0.0,0.0,9.400342388350417
2009-01-19,44.261648476729874,13.526841439266073,0.0,0.8045693400531495,0.0,0.0,0.0,32.835022897874936,0.0,0.0,8.571917846075962
2009-01-20,0.0,0.0,0.0,0.0,0.0,20.094730419104557,0.0,68.67539713063162,0.0,0.0,11.229872450263825
2009-01-22,0.0,19.34818300894349,0.0,0.0,0.0,13.80579841084171,7.139141658009502,47.0877376919837,0.0,0.0,12.619139230221597
2009-01-23,0.0,5.054319686234279,66.70487593520973,11.815337881593278,0.0,3.612651403718043,0.0,12.307304307605804,0.0,0.0,0.5055107856388654
2009-01-29,0.0,51.47366761512797,0.0,0.0,0.0,36.912615165235586,0.0,0.0,0.0,0.0,11.613717219636449
2009-01-30,0.0,6.58315203479201,87.0545583943784,0.0,0.0,4.731637363288819,0.0,0.0,0.0,0.0,1.630652207540765
2009-02-02,0.0,0.0,0.0,0.0,0.0,22.68281094453903,0.0,76.80949240574145,0.0,0.0,0.5076966497195198
2009-02-03,0.0,0.0,0.0,0.0,0.0,0.0,0.0,0.0,0.0,0.0,100.0
2009-02-04,0.0,24.811858852837823,0.0,58.16924013871964,0.0,0.0,9.163844223054566,0.0,0.0,0.0,7.855056785387974
2009-02-05,0.0,0.0,0.0,0.0,0.0,0.0,0.0,99.06529822637567,0.0,0.0,0.9347017736243272
2009-02-06,0.0,0.0,0.0,0.0,0.0,0.0,0.0,0.0,0.0,0.0,100.0
2009-02-09,0.0,47.374833156117354,0.0,0.0,0.0,34.20230557164714,0.0,0.0,0.0,0.0,18.4228612722355
2009-02-10,74.9097491675152,0.0,0.0,0.0,0.0,0.0,0.0,0.0,0.0,0.0,25.090250832484795
2009-02-11,44.579625141604204,0.0,0.0,0.0,0.0,0.0,5.026717295104758,33.32371086761138,0.0,0.0,17.069946695679654
2009-02-12,39.71062100227806,12.110272962700227,0.0,0.0,1.4019653002917902,8.749277015693602,0.0,29.63938839976751,0.0,0.0,8.388475319268816
2009-02-13,50.42753307645446,15.375069504044998,0.0,0.0,0.0,0.0,0.0,0.0,0.0,1.6693802833246913,32.528017136175855
2009-02-16,37.53285686186322,11.523096706088005,0.0,0.0,1.327660345633901,8.288075729623493,4.281263570765388,28.056193388133067,0.0,0.0,8.990853397892927
2009-02-17,61.22664941605468,18.89544372153106,0.0,0.0,0.0,0.0,6.982538576375427,0.0,0.0,2.008335668144006,10.887032617894828
2009-02-18,39.74477578284209,12.260764581460752,0.0,0.0,0.0,8.777055335504281,0.0,29.73278493506849,0.0,0.0,9.484619365124388
2009-02-19,50.52790327019668,15.617516931212649,0.0,0.0,0.0,0.0,5.771637246392443,0.0,0.0,1.672371733122709,26.410570819075517
2009-02-20,38.873469786995294,12.243493293191793,0.0,0.0,0.0,8.614514422920312,4.426616296958493,29.344129880357666,0.0,0.0,6.497776319576444
2009-02-23,43.723352693368355,13.788330321374776,0.0,0.0,0.0,0.0,0.0,33.41033903189928,0.0,0.0,9.07797795335759
2009-02-24,17.390205481488323,5.465547892964998,70.93725780448933,0.0,0.0,0.0,0.0,0.0,0.0,0.5942697092165456,5.612719111840789
2009-02-25,80.0855015361629,0.0,0.0,0.0,0.0,17.832884769042785,0.0,0.0,0.0,0.0,2.0816136947943256
2009-02-26,46.88455970624454,14.726001379920433,0.0,0.0,0.0,0.0,0.0,35.902083665849,0.0,0.0,2.487355247986032
2009-02-27,0.0,54.729079250124556,0.0,0.0,0.0,38.5623508228459,0.0,0.0,0.0,0.0,6.708569927029544
2009-03-02,31.530043322324453,9.9194348148345,0.0,22.815476151447562,0.0,6.993738647297549,3.613599134584158,24.15111001065186,0.0,0.0,0.9765979188599117
2009-03-03,0.0,0.0,83.26965041903662,0.0,0.0,0.0,0.0,15.633871804636984,0.0,0.0,1.0964777763263942
2009-03-04,45.37056273956943,14.255425574427626,0.0,0.0,0.0,0.0,5.229551327113141,34.88761370053137,0.0,0.0,0.25684665835843234
2009-03-05,46.2982512004577,0.0,0.0,0.0,0.0,10.284544376391137,5.337660960749495,35.63645780901673,0.0,0.0,2.4430856533849363
2009-03-06,84.83379576489335,0.0,0.0,0.0,0.0,0.0,9.734510837462413,0.0,0.0,0.0,5.431693397644239
2009-03-09,0.0,92.11394252732681,0.0,0.0,0.0,0.0,0.0,0.0,0.0,0.0,7.886057472673181
2009-03-10,0.0,0.0,0.0,0.0,0.0,72.11013809238133,0.0,0.0,0.0,11.13014761851976,16.759714289098902
2009-03-11,39.04411730009026,12.32936198138648,0.0,28.256361524950822,1.3962983102920448,8.678234517005272,4.4690158148098105,0.0,0.0,0.0,5.8266105514653095
2009-03-12,0.0,0.0,0.0,35.825903894397115,0.0,10.986928565084073,5.656256370072457,38.15491327160683,0.0,0.0,9.375997898839522
2009-03-16,16.816967369510774,0.0,68.70474693104345,0.0,0.0,0.0,0.0,12.998478288254606,0.0,0.0,1.479807411191175
2009-03-18,43.43492474139652,13.746202076971056,0.0,0.0,1.5538715664321516,0.0,0.0,33.62132066202271,0.0,1.4575216431164788,6.186159310061089
2009-03-19,42.838042176574234,13.503941586613744,0.0,0.0,0.0,9.516347416425514,0.0,33.20562905060698,0.0,0.0,0.9360397697795352
2009-03-20,37.33236269913964,11.914074235110863,0.0,0.0,1.3449249560246042,8.351609411772127,4.289724400883419,29.33773837907409,0.0,0.0,7.429565917995256
2009-03-23,0.0,0.0,0.0,0.0,0.0,0.0,0.0,79.16941878596269,0.0,3.3406937827971794,17.48988743124013
2009-03-24,44.25859000644653,14.112315118189978,0.0,0.0,0.0,0.0,5.229212132387303,34.77136701500112,0.0,0.0,1.6285157279750642
2009-03-25,19.01832407583669,0.0,78.32169300171478,0.0,0.0,0.0,2.246011315434526,0.0,0.0,0.0,0.41397160701400393
2009-03-26,15.416185737955962,4.953024286600628,63.56577667888735,0.0,0.5561520646641535,0.0,1.850782449492,12.170477609688787,0.0,0.5119447614745144,0.9756564112365995
2009-03-27,15.40783367594809,4.981438794311057,63.57673876637799,0.0,0.0,0.0,1.868415312365147,12.200735531341751,0.0,0.4846044040461409,1.4802335156098225
2009-03-30,15.225984135651785,4.945280710867235,62.545521456311285,0.0,0.0,0.0,2.030694107253077,12.147732901033875,0.0,0.0,3.1047866888827507
2009-03-31,17.40974391561645,5.64707913705209,71.2714396329631,0.0,0.0,0.0,2.319808430994819,0.0,0.0,0.0,3.3519288833735423
2009-04-01,0.0,27.354792565537966,0.0,0.0,0.0,0.0,0.0,66.9996077017865,0.0,0.0,5.645599732675535
2009-04-02,47.03322194202566,15.408834384331783,0.0,0.0,0.0,0.0,0.0,37.53008763186803,0.0,0.0,0.02785604177453436
2009-04-03,15.129603018831581,4.984905577358418,61.953815906900445,0.0,0.0,0.0,2.025975520803562,12.069444247076449,0.0,0.0,3.8362557290295474
2009-04-06,48.53583467320946,16.080113883444074,0.0,0.0,0.0,10.902299037121509,6.44284596685283,0.0,0.0,1.5294719762011488,16.50943446317098
2009-04-07,55.93596235916063,18.539821878549624,0.0,0.0,0.0,0.0,0.0,0.0,0.0,1.7781098204930594,23.746105941796692
2009-04-08,36.01792412550245,11.970153004074422,0.0,0.0,0.0,0.0,4.7439438191302425,28.69888939689894,0.0,1.1269641967113047,17.44212545768264
2009-04-09,42.43729631417536,14.135837440690679,0.0,30.84289960280428,0.0,0.0,5.570041929571792,0.0,0.0,1.3013724135277926,5.7125522992300946
2009-04-14,60.512096432857135,20.078892068677664,0.0,0.0,0.0,0.0,7.890273785818125,0.0,0.0,0.0,11.518737712647075
2009-04-15,62.830007415113556,20.81749819623553,0.0,0.0,0.0,0.0,0.0,0.0,0.0,0.0,16.352494388650914
2009-04-16,41.62537545116507,13.581513674046553,0.0,0.0,1.4808345469609752,0.0,5.394770960187472,32.80214398867335,0.0,0.0,5.115361378966581
2009-04-17,32.850937098475704,0.0,0.0,23.6228327827568,0.0,7.27074658506,0.0,25.805205261244463,0.0,1.0016746152990519,9.44860365716398
2009-04-20,29.804133589925303,9.69889839443805,0.0,21.36338988129869,0.0,0.0,0.0,23.32891165530755,0.0,0.9170151136576833,14.887651365372722
2009-04-21,35.83421170373865,11.523487098359752,0.0,0.0,0.0,7.725728817857437,4.635108016576021,27.863168258207093,0.0,0.0,12.418296105261046
2009-04-22,16.13357271710896,5.2019289606162795,64.91773392732945,0.0,0.0,0.0,1.9544691778016325,0.0,0.0,0.4864785698329576,11.305816647310724
2009-04-23,59.36117109704344,19.131907680783623,0.0,0.0,0.0,12.811577793278264,0.0,0.0,0.0,0.0,8.69534342889467
2009-04-24,13.479811913345346,4.354066831731339,54.37800538838356,9.677538386676162,0.0,2.920248467859458,0.0,10.540836066279853,0.0,0.40266407158274864,4.246828874141527
2009-04-27,0.0,0.0,80.89365361261572,14.366764201886873,0.0,0.0,2.3838362559838133,0.0,0.0,0.0,2.3557459295135836
2009-04-28,14.273619990739233,4.556832746520756,57.716860674074375,0.0,0.0,3.079720631753742,1.6934053052774931,11.149976703096304,0.0,0.0,7.5295839485381
2009-04-29,0.0,0.0,100.0,0.0,0.0,0.0,0.0,0.0,0.0,0.0,0.0
2009-04-30,12.64839240817308,3.9614148306002748,51.23199127576659,9.060295165197257,0.0,2.7692379259081252,1.4920456080585818,9.879718812811337,0.0,0.43786678980326277,8.519037183681492
2009-05-04,0.0,5.461173497537285,70.5990024817319,0.0,0.0,0.0,2.048362825776437,13.598378677438511,0.0,0.4991382015954273,7.793944315920445
2009-05-05,13.154389912186051,4.135396256326359,53.619420130345176,9.462412280905594,0.0,2.875583479961139,1.5776321592003046,10.333240211332956,0.0,0.0,4.841925569742424
2009-05-06,13.98308005247869,4.419268137184098,57.324886197248816,0.0,0.0,3.07772336136088,1.6845580540777678,11.037213575487316,0.0,0.335521737780198,8.137748884382237
2009-05-07,13.746004079320825,4.35374485099012,56.36283363067619,9.952353622135695,0.0,0.0,0.0,10.896628685580215,0.0,0.0,4.688435131296952
2009-05-08,12.745116107792251,4.034819206890305,52.33260001948835,9.217208849162029,0.0,2.805954163264147,0.0,10.180051717865942,0.0,0.30558206188498027,8.37866787365199
2009-05-11,12.410819068714895,3.9151136435799545,50.73935158548268,8.943526007835846,0.0,2.73257425576774,1.4907324442522416,9.86707129279203,0.0,0.29343220003942133,9.607379501535192
2009-05-12,13.135554072890582,4.146804380946907,54.199780310048816,9.548006183008885,0.0,0.0,1.583285487645731,10.584836599832416,0.0,0.3172740059446147,6.48445895968205
2009-05-13,12.633095975887596,4.010384579104501,52.2142051996487,9.20472700447216,0.0,0.0,1.5292564475535904,10.15697344837797,0.0,0.30955894314050997,9.941798401814967
2009-05-14,13.281292914044391,4.205010376079439,54.84349184680455,9.669714988287291,0.0,0.0,1.6083424563224302,10.676360770114925,0.0,0.0,5.7157866483469775
2009-05-15,16.14970192884797,0.0,66.18956896087523,0.0,0.0,0.0,1.9231243459281646,12.995751976929421,0.0,0.3978867503157611,2.3439660371034488
2009-05-18,16.206925230316845,0.0,66.33258883991118,0.0,0.5792682554231985,3.578878595658324,0.0,13.03008466560055,0.0,0.0,0.2722544130898949
2009-05-19,17.134286584781414,5.544248731226701,70.19204029803254,0.0,0.0,0.0,1.9912684226970032,0.0,0.0,0.0,5.138155963262352
2009-05-20,14.03305808400716,4.4408260819226015,56.948636232829344,0.0,0.0,3.0756416627739545,1.6500559500428815,11.182926836416513,0.0,0.0,8.668855152007547
2009-05-21,17.164135769710217,5.404167178333733,69.62045462074643,0.0,0.0,0.0,1.997353855156983,0.0,0.0,0.41403833289706077,5.399850243155571
2009-05-22,16.830334288137312,5.299591239207409,68.18178612735039,0.0,0.0,3.684289503343824,0.0,0.0,0.0,0.0,6.003998841961072
2009-05-25,39.7106361587605,12.591057444903994,0.0,0.0,0.0,0.0,4.681794634283523,31.543124212200013,0.0,0.0,11.473387549851974
2009-05-26,13.545326136995413,4.272888945502715,54.75698130115592,9.682987670178353,0.4785591496002376,0.0,1.5886056523674978,10.722992516459392,0.0,0.0,4.951658627740471
2009-05-27,14.400010999927115,4.520202886063596,77.47453990831478,0.0,0.0,0.0,0.0,0.0,0.0,0.0,3.605246205694515
2009-05-29,10.733671282779566,3.413997116865983,57.83936325708188,7.686247116971893,0.0,2.1881780942946856,1.2785412926425541,8.541100165853505,0.0,0.2691015351698952,8.049800138340034
2009-06-01,10.855549159995238,3.4695389419107547,58.462517322997975,7.765101526044103,0.0,2.198624043021548,1.304245615832077,8.619890159016649,0.0,0.2770384386072537,7.047494792574396
2009-06-02,40.10817563949033,12.804646477185793,0.0,0.0,0.0,0.0,4.819365432443166,31.779794000748357,0.0,0.0,10.488018450132355
2009-06-03,11.096345084663549,3.5119311942584037,59.80773273282644,7.938738508877457,0.0,2.2813698856470808,1.3485115602174833,8.84795727217883,0.0,0.2821026293811027,4.885311131949655
2009-06-04,10.78018704243849,3.413491127075437,58.4268875703534,7.756336310369669,0.0,2.196856932529356,1.3013042478928811,8.643816814700664,0.0,0.27239853881774007,7.20872141582236
2009-06-05,10.912193087564107,3.449186661721587,59.17479163892985,7.857370321015013,0.0,0.0,1.284572481716192,8.700206840018495,0.0,0.27651856429493044,8.345160404739831
2009-06-08,11.780599407518036,3.732863785984953,63.83735121266354,0.0,0.0,0.0,1.392802683273593,9.36901963989442,0.0,0.0,9.88736327066546
2009-06-09,11.134869524414428,3.482037763671597,60.04720822625863,7.970382474371567,0.0,0.0,1.3171981867005127,8.809216058214302,0.0,0.2773670708355297,6.961720695533433
2009-06-10,11.266936564686814,3.5126741957994136,60.6985653775047,8.059746869709176,0.0,0.0,1.330661206540812,8.905605063490224,0.0,0.0,6.2258107222688555
2009-06-11,13.854775763498742,4.3340459278821495,74.57295396905853,0.0,0.0,2.803043589980931,0.0,0.0,0.0,0.0,4.435180749579645
2009-06-12,14.64231184371817,4.582103632700973,78.79463674235151,0.0,0.0,0.0,0.0,0.0,0.0,0.0,1.9809477812293403
2009-06-15,12.756565009238452,0.0,68.22942246576474,0.0,0.0,0.0,1.5018388411768648,10.018113199598385,0.0,0.0,7.494060484221555
2009-06-16,14.627037782009115,4.5599689515807516,78.18788705709669,0.0,0.0,0.0,0.0,0.0,0.0,0.3652261663481646,2.2598800429652823
2009-06-17,38.50622116489989,11.999864292854774,0.0,0.0,0.0,0.0,0.0,30.231424842131265,0.0,0.0,19.262489700114067
2009-06-18,55.28950080586146,17.229265562568237,0.0,0.0,0.0,0.0,6.49754736977287,0.0,0.0,0.0,20.983686261797438
2009-06-19,60.22095256432887,18.773364711128824,0.0,0.0,0.0,0.0,7.181452858627941,0.0,0.0,0.0,13.824229865914369
2009-06-22,46.46578626408166,14.520317619228184,0.0,0.0,0.0,0.0,0.0,36.56478142169563,0.0,0.0,2.4491146949945324
2009-06-23,0.0,5.441685008740907,93.3377137268016,0.0,0.0,0.0,0.0,0.0,0.0,0.0,1.220601264457494
2009-06-24,45.12184467447955,14.060628709572157,0.0,0.0,0.0,0.0,0.0,35.43603773747056,0.0,0.0,5.38148887847773
2009-06-25,33.886815675641024,10.547883015688091,0.0,23.987876701405014,0.0,0.0,0.0,26.567286515600813,0.0,0.0,5.0101380916650555
2009-06-26,98.94179746972331,0.0,0.0,0.0,0.0,0.0,0.0,0.0,0.0,0.0,1.058202530276686
2009-06-29,88.56250050605472,0.0,0.0,0.0,0.0,0.0,10.4861390567189,0.0,0.0,0.0,0.9513604372263825
2009-06-30,43.53987713501819,13.489870404048329,0.0,0.0,0.0,0.0,0.0,34.11108158992895,0.0,0.0,8.859170871004537
2009-07-02,66.56092965859375,20.66267396430531,0.0,0.0,0.0,0.0,0.0,0.0,0.0,0.0,12.776396377100946
2009-07-03,0.0,51.883830893062424,0.0,0.0,0.0,0.0,0.0,0.0,0.0,0.0,48.11616910693757
2009-07-06,70.04788321059858,21.582461239857857,0.0,0.0,0.0,0.0,0.0,0.0,0.0,0.0,8.369655549543559
2009-07-07,15.760727975852756,0.0,83.28996692534638,0.0,0.0,0.0,0.0,0.0,0.0,0.0,0.9493050988008627
2009-07-08,0.0,5.298736074462738,91.14208524026638,0.0,0.0,0.0,2.0242574766684727,0.0,0.0,0.0,1.534921208602408
2009-07-09,47.3025972610048,14.534535537071907,0.0,33.19834464226333,0.0,0.0,0.0,0.0,0.0,1.18971561475055,3.7748069449094124
2009-07-10,0.0,39.065649912071656,0.0,0.0,0.0,0.0,14.92104560996546,0.0,0.0,0.0,46.01330447796288
2009-07-13,14.6390435430658,4.481260658409102,76.80255160316801,0.0,0.0,0.0,1.732790998484383,0.0,0.0,0.3585164506587128,1.985836746213991
2009-07-14,16.065427229529924,0.0,83.79840977203418,0.0,0.0,0.0,0.0,0.0,0.0,0.0,0.13616299843589705
2009-07-15,13.500728752481375,0.0,70.36735755713747,0.0,0.0,0.0,1.61295601037426,10.381172643479344,0.0,0.0,4.137785036527555
2009-07-16,73.69752382958849,22.356207017341575,0.0,0.0,0.0,0.0,0.0,0.0,0.0,0.0,3.9462691530699376
2009-07-17,69.94352396609365,21.185433032723278,0.0,0.0,0.0,0.0,0.0,0.0,0.0,0.0,8.87104300118308
2009-07-20,0.0,5.294692735829321,90.66460825475585,0.0,0.0,0.0,2.0824161700025012,0.0,0.0,0.0,1.958282839412336
2009-07-21,0.0,89.54764837409999,0.0,0.0,0.0,0.0,0.0,0.0,0.0,0.0,10.452351625900008
2009-07-22,38.22473321106034,11.579703248070757,0.0,0.0,0.0,0.0,4.566288654565548,29.28881752529677,0.0,0.0,16.34045736100658
2009-07-23,55.15767826366884,19.47989353435252,0.0,0.0,0.0,0.0,6.7774524138854115,0.0,0.0,1.3855310528805553,17.19944473521267
2009-07-24,0.0,64.11755147965613,0.0,0.0,0.0,0.0,22.399616364205666,0.0,0.0,0.0,13.482832156138208
2009-07-27,63.89837938360364,23.257221961659262,0.0,0.0,0.0,0.0,7.870327977338505,0.0,0.0,0.0,4.974070677398586
2009-07-28,51.45100542758557,18.736482426481366,0.0,0.0,0.0,0.0,6.359572005897481,0.0,0.0,1.299352088816206,22.153588051219376
2009-07-29,38.13809179408496,13.901243300120342,0.0,0.0,0.0,0.0,0.0,30.365463110396846,0.0,0.9587796330888255,16.636422162309024
2009-07-30,12.285715297849405,4.37310209967401,65.40670880323518,0.0,0.0,0.0,1.4933779633993272,9.639631812783515,0.0,0.3124168444078299,6.489047178650736
2009-07-31,10.709004611556209,3.7160673478840214,56.274590706056884,7.494800205071868,0.0,0.0,1.2293074367452461,8.281816754805682,0.0,0.2653913725617878,12.02902156531831
2009-08-03,12.638694081049492,4.210814614176233,65.04186427915448,0.0,0.0,2.50111270708503,1.4194943005644536,9.488309657834622,0.0,0.2977337850667008,4.4019765750689865
2009-08-04,12.207502178018183,4.052789142103731,62.18695013171121,0.0,0.0,2.3851495649183145,1.3720342959577037,9.072853325076341,0.0,0.2888974350645795,8.433823927149946
2009-08-05,12.204168529270712,3.991682954053165,60.70366926194089,8.157752558472191,0.0,0.0,1.3470275780639627,8.90154020933333,0.0,0.0,4.694158908865753
2009-08-06,14.646646208586414,4.710102893183774,71.27692199814626,0.0,0.0,0.0,1.561861730313259,0.0,0.0,0.3379456395659527,7.466521530204329
2009-08-07,12.51784267005954,4.010010908082411,60.300946226285646,8.15239754245425,0.0,0.0,1.3098383185718927,8.895528395254974,0.0,0.0,4.813435939291292
2009-08-10,0.0,5.831762582362572,87.12077073329296,0.0,0.0,0.0,0.0,0.0,0.0,0.4224511294634122,6.625015554881056
2009-08-11,14.104932114708316,4.51956263011017,67.40651104069205,9.134676224151,0.4367590328387467,0.0,1.4712564196880324,0.0,0.0,0.32227573805894877,2.6040267997527367
2009-08-12,14.419921310739284,4.595413139578703,68.60910216206551,0.0,0.0,0.0,0.0,10.15193472343247,0.0,0.3205816536099443,1.9030470105740842
2009-08-13,16.440120079556845,5.213797948619315,77.82517784597479,0.0,0.0,0.0,0.0,0.0,0.0,0.0,0.5209041258490468
2009-08-14,16.111897023381093,5.074658761851422,75.75345871797045,0.0,0.0,0.0,1.6517307602765363,0.0,0.0,0.0,1.4082547365205005
2009-08-17,0.0,6.216911503546204,92.89369196166267,0.0,0.0,0.0,0.0,0.0,0.0,0.43172836907869344,0.4576681657124284
2009-08-18,43.139764216535006,13.590051616740286,0.0,0.0,0.0,0.0,4.407762983362011,30.01355071468713,0.0,0.0,8.84887046867556
2009-08-19,40.796856201705516,12.815967992924923,0.0,0.0,0.0,0.0,4.170734851299252,28.32640529543472,0.0,0.0,13.890035658635593
2009-08-20,57.18617980638796,0.0,0.0,0.0,0.0,0.0,0.0,39.73425991152698,0.0,0.0,3.0795602820850565
2009-08-21,58.69449386443869,18.444774826596525,0.0,0.0,1.7826333274633843,0.0,6.088296683076825,0.0,0.0,0.0,14.989801298424572
2009-08-24,0.0,0.0,76.96352846209884,10.45166246232264,0.0,0.0,0.0,11.413642420065745,0.0,0.0,1.1711666555127853
2009-08-25,0.0,86.415632928345,0.0,0.0,0.0,0.0,0.0,0.0,0.0,5.977864358332481,7.60650271332252
2009-08-26,40.716836157442835,0.0,0.0,25.859094621324374,0.0,0.0,0.0,28.25016588934817,0.0,0.9001196286556783,4.2737837032289425
2009-08-27,0.0,28.391551068726006,0.0,0.0,0.0,0.0,0.0,62.6453075275536,0.0,0.0,8.963141403720394
2009-08-28,66.86666442092573,21.023941559854638,0.0,0.0,2.031873214381557,0.0,6.894084551482798,0.0,0.0,0.0,3.1834362533552785
2009-08-31,63.30292138714218,19.85773820845291,0.0,0.0,0.0,0.0,6.511466000257379,0.0,0.0,0.0,10.327874404147535
2009-09-01,91.03803047384007,0.0,0.0,0.0,0.0,0.0,0.0,0.0,0.0,0.0,8.961969526159933
2009-09-02,75.5905323831296,0.0,0.0,0.0,0.0,0.0,0.0,0.0,0.0,1.6707510694882437,22.738716547382165
2009-09-04,0.0,0.0,0.0,0.0,0.0,0.0,0.0,0.0,0.0,0.0,100.00000000000001
2009-09-07,45.00970354077259,14.098780853519365,0.0,0.0,0.0,8.150319770742435,0.0,31.22540889574026,0.0,0.0,1.5157869392253487
2009-09-08,14.478687988090226,4.537705163783421,67.76043318709782,0.0,0.0,0.0,1.4977295375846058,10.05118727241327,0.0,0.0,1.6742568510306683
2009-09-09,0.0,0.0,0.0,0.0,0.0,0.0,0.0,0.0,0.0,0.0,100.0
2009-09-10,11.929597900119226,3.7648144160550077,56.29947893264519,7.664852877515692,0.0,2.181486391643888,1.2599024192434833,8.1548591994392,0.0,0.26946289916968613,8.475544964168634
2009-09-11,13.75280915733763,4.326112124060785,64.9335211436731,8.84067918355214,0.0,0.0,1.4528883398016839,0.0,0.0,0.3115485455728132,6.3824415060018485
2009-09-14,13.299463507423145,4.140241344561695,62.920512933048876,8.5658236856004,0.0,0.0,1.3967401129731984,0.0,0.0,0.2970238851407372,9.38019453125195
2009-09-15,41.29868517729996,12.822826126969142,0.0,26.618611627296062,0.0,7.578171046628765,4.336727243783718,0.0,0.0,0.0,7.3449787780223526
2009-09-16,15.72784226277777,4.888993374372476,74.50122951997949,0.0,0.0,0.0,1.6562030079025594,0.0,0.0,0.0,3.225731834967715
2009-09-17,62.82736627629761,19.491781181495675,0.0,0.0,0.0,0.0,6.615793097343735,0.0,0.0,0.0,11.06505944486298
2009-09-18,57.67789560129756,17.828623142903744,0.0,0.0,0.0,0.0,6.046517415780268,0.0,0.0,0.0,18.446963840018434
2009-09-21,14.280691374983089,4.40430708904558,67.73025581976448,0.0,0.0,2.6258349145825424,0.0,9.803394066412038,0.0,0.0,1.1555167352122662
2009-09-22,14.820903155610749,4.565896485772811,70.17125431224981,0.0,0.0,0.0,1.5528413580059874,0.0,0.0,0.0,8.889104688360646
2009-09-23,43.96689969586122,13.563611677347648,0.0,28.3257506507203,0.0,0.0,4.631047658748075,0.0,0.0,0.0,9.512690317322757
2009-09-24,48.24142714186666,14.889983481140037,0.0,0.0,1.5108561491314862,8.373756281011643,5.078971535377534,0.0,0.0,0.0,21.90500541147264
2009-09-25,0.0,4.960402233920401,72.3699340767788,13.64889683028158,0.0,2.7756808452367236,1.6824699982300886,0.0,0.0,0.34884389769785673,4.213772117854539
2009-09-28,27.687643728734983,8.581191634614623,0.0,23.529394282157508,0.0,0.0,2.9085484298736213,18.908585375420607,0.0,0.0,18.384636549198657
2009-09-29,0.0,26.39070527653261,0.0,0.0,0.0,0.0,0.0,58.081546157953134,0.0,1.866560278714785,13.661188286799465
2009-09-30,36.89640832027174,11.464336212905557,0.0,0.0,0.0,0.0,3.871508020936502,25.15101916772748,0.0,0.8217939604145216,21.794934317744204
2009-10-02,50.50435962872043,15.830926600160064,0.0,0.0,0.0,8.682500750875647,5.314564989745049,0.0,0.0,1.134015731073606,18.533632299425204
2009-10-05,0.0,5.267466130032885,74.79490028364003,0.0,0.0,2.8686217745737816,1.754207311820675,11.404937785662852,0.0,0.3812906161608872,3.5285760981088927
2009-10-06,58.10172653549137,18.339156868460133,0.0,0.0,0.0,0.0,0.0,0.0,0.0,1.3547941323773962,22.204322463671097
2009-10-07,45.53542743112286,14.359152721895976,0.0,0.0,0.0,0.0,4.7682046001776754,31.08265135545133,0.0,0.0,4.254563891352157
2009-10-08,43.313530268685625,13.66909369110974,0.0,36.46756920240082,0.0,0.0,0.0,0.0,0.0,0.0,6.549806837803819
2009-10-09,14.330059209932125,4.538161515322784,63.915622813292394,12.059718034437827,0.0,0.0,1.5050337980164166,0.0,0.0,0.3351780119611239,3.3162266170373242
2009-10-12,16.671958286959825,5.250686482132466,74.13985312719906,0.0,0.0,0.0,0.0,0.0,0.0,0.0,3.9375021037086464
2009-10-13,61.75115781559028,19.45278586462863,0.0,0.0,0.0,0.0,6.434555256821388,0.0,0.0,0.0,12.361501062959697
2009-10-14,12.212133035698583,3.8319341208722664,54.184710833708536,10.225163683639641,0.0,2.0894658420810437,0.0,8.286939250800799,0.0,0.0,9.169653233199131
2009-10-15,13.022909652146538,4.076289375025103,57.53920683627759,10.85811343422454,0.0,0.0,1.3511321648641739,8.806979004004342,0.0,0.0,4.34536953345771
2009-10-16,0.0,0.0,71.30378201073171,13.45437374358217,0.0,0.0,0.0,2.6662482360668585,0.0,0.0,12.575596009619266
2009-10-19,13.833795598337757,4.315383441449117,61.03772979472053,11.521984106957017,0.4223461433827,0.0,1.424318286104209,2.2805178115355935,0.0,0.0,5.163924817513078
2009-10-20,14.469470415750568,4.521940031747564,63.8205375633921,12.054753542910516,0.0,0.0,1.481702159424843,0.0,0.0,0.33765184281139493,3.313944443963009
2009-10-21,0.0,43.30927445931149,0.0,0.0,0.0,0.0,14.146549964784045,0.0,0.0,0.0,42.544175575904475
2009-10-22,37.21569954524357,0.0,0.0,31.09866698801367,0.0,0.0,3.8030134872746335,6.17924555641536,0.0,0.813936078923287,20.889438344129477
2009-10-23,51.08368522169241,15.97064165798934,0.0,0.0,0.0,0.0,5.259710882639124,0.0,0.0,1.106637996082098,26.579324241597032
2009-10-27,67.36475828917744,20.988121127820712,0.0,0.0,0.0,0.0,0.0,0.0,0.0,0.0,11.647120583001845
2009-10-28,13.977593810407873,4.347272406780216,61.97458781271633,11.694706279462928,0.0,0.0,1.4496435787321529,2.3197378957523616,0.0,0.3038818496274937,3.9325763665206397
2009-10-29,57.3450064663773,17.855018066991576,0.0,0.0,1.7560200979594116,9.744296065143846,0.0,9.490922788585703,0.0,0.0,3.8087365149421637
2009-10-30,0.0,56.402571918783195,0.0,0.0,0.0,0.0,18.822232602672397,0.0,0.0,0.0,24.77519547854441
2009-11-02,13.898182515287871,4.317534402961306,61.64505055585394,11.63728444266038,0.0,0.0,1.4522149879740922,2.3076697353061513,0.0,0.31227151123957764,4.429791848716677
2009-11-03,37.636445430256686,11.632182907166422,0.0,31.54417695207415,0.0,0.0,3.917868159102661,0.0,0.0,0.0,15.269326551400088
2009-11-04,30.067095125242844,9.335859388736417,0.0,25.182685321669695,0.0,5.087113279033286,3.1395405498308278,4.78899818134075,0.0,0.7834137825276385,21.61529437161854
2009-11-05,43.434318006191155,13.41709692319894,0.0,0.0,0.0,7.458843057821405,4.567254073977007,6.960933005584248,0.0,0.0,24.161554933227244
2009-11-06,0.0,17.863620840901937,0.0,48.635634075688564,0.0,9.687936195916242,6.085749435889898,9.309261744035242,0.0,0.0,8.417797707568115
2009-11-09,29.973166056615668,9.301269504911529,0.0,25.297352485252304,0.0,5.0257929751094474,3.1563551671927446,4.866652934541807,0.0,0.755517690602544,21.623893185773955
2009-11-10,12.149709704776736,3.798295207686026,54.76154799649964,10.3463447491655,0.0,2.073965508827235,1.2880699234357202,1.9994084205887268,0.0,0.2956420333989269,13.287016455621496
2009-11-11,12.348693364881754,3.914957195093701,55.06358744514532,10.451174539552762,0.0,0.0,1.3507770517691462,1.9750686786747171,0.0,0.30248900882587465,14.593252716056721
2009-11-12,12.98273775871179,4.120307283559406,57.54141505841832,10.924156454173222,0.0,0.0,1.3693409122018445,2.0633845225534473,0.0,0.3232120887515077,10.675445921630455
2009-11-13,12.836339858102857,4.073071137765113,56.84630776484596,10.803275435125895,0.0,0.0,1.3736020203498753,2.0424395142176794,0.0,0.29772728827703926,11.727236981315581
2009-11-16,11.360082336597536,3.641519722886546,49.961967890987225,9.530781440665258,0.0,1.9692845215166102,1.2136891611392777,1.8267264661975438,0.0,0.3285502830776803,20.167398176932327
2009-11-17,12.102992233910653,3.947703666327085,52.710657290259824,10.099276319023605,0.37249053573866847,2.078008393207853,1.3164827561620727,1.9452731014729434,0.0,0.3492851774628199,15.077830526434475
2009-11-18,15.330231710247327,5.020808987789797,66.57977993725437,0.0,0.0,0.0,1.6761083186747978,2.453109995654711,0.0,0.0,8.939961050379004
2009-11-19,14.262207585248039,4.735749016110397,61.87182820794822,11.863019167008993,0.0,0.0,1.5574943048871586,0.0,0.0,0.0,5.709701718797187
2009-11-20,13.71308057090058,4.577724078849683,59.442575871170874,11.399662000887394,0.0,0.0,1.4945293289376982,0.0,0.0,0.4010625891233543,8.971365560130412
2009-11-23,0.0,6.445528322154385,83.82346961867525,0.0,0.0,0.0,2.104587918448141,0.0,0.0,0.5936831086136926,7.032731032108534
2009-11-24,49.49232531375339,16.68202528939802,0.0,0.0,0.0,8.419927572702901,5.392559120204219,0.0,0.0,0.0,20.013162703941465
2009-11-25,16.6792060392454,5.641903246035097,72.60914909775359,0.0,0.0,0.0,1.842867573150657,0.0,0.0,0.0,3.226874043815261
2009-11-26,35.26235005122361,11.954781322691078,0.0,29.45909362708907,0.0,0.0,3.8954522838305925,5.6400405931456445,0.0,1.0952547912197286,12.693027330800271
2009-11-27,13.671605926186903,4.654270754121123,59.82303583542193,11.47952589459002,0.0,2.3010317359739716,1.5156791934891252,2.200629742995604,0.0,0.4265246325582285,3.927696284663087
2009-11-30,0.0,6.3761000735446665,81.78850346463751,0.0,0.0,0.0,2.0769450991792313,0.0,0.0,0.593671850734416,9.164779511904172
2009-12-01,43.519861490062745,14.921688668403865,0.0,0.0,0.0,0.0,4.821237936484654,7.048427008384849,0.0,1.3998637146271438,28.288921182036745
2009-12-02,36.090563605412854,12.438944822980705,0.0,30.54893960958142,0.0,0.0,4.060789936780253,5.900048556931199,0.0,0.0,10.960713468313568
2009-12-03,34.66665034320101,11.925554909224614,0.0,29.265779487500833,0.0,0.0,3.8813276654421176,5.641564112690255,0.0,0.0,14.61912348194117
2009-12-04,13.731019355209495,4.754491668826525,60.640724057147054,11.64088178518428,0.0,0.0,1.5470324330368492,2.247020504802024,0.0,0.4899563582112226,4.948873837582549
2009-12-07,14.031866732801982,4.8811657694066,62.19852499373524,11.941412917868956,0.44004703761755437,2.367701353581021,1.6129422126829538,0.0,0.0,0.519291299697097,2.0070476826085986
2009-12-08,12.929777833594416,4.453292810752229,56.80575304290836,10.900094193641719,0.0,2.108865117146623,1.4542676495216762,2.107872557524103,0.0,0.4787404833533276,8.761336311557555
2009-12-09,11.968449546971101,4.25516936155011,53.65906106544308,10.303860601241203,0.0,2.0550245692360507,1.3982868017987555,1.9899021276782836,0.0,0.4553791655554168,13.914866760526003
2009-12-10,11.570235052355278,4.157022766884871,52.50655419684139,10.215402424173199,0.372093322451305,0.0,1.3650569681592954,1.935644749528774,0.0,0.4407137481729262,17.437276771432963
2009-12-11,33.31143963318822,12.133167793675364,0.0,29.57389180590622,1.1487398975660912,0.0,0.0,5.605475572123113,0.0,0.0,18.227285297540988
2009-12-14,11.99829669855669,4.5448987321817365,56.987313184528574,11.082829335253066,0.0,2.114619696248563,1.4858247184427373,2.1082787039698667,0.0,0.0,9.677938930818765
2009-12-15,10.156146002495731,3.888392336617487,48.92672674588464,9.513042433404772,0.0,1.143046433487246,1.3522793304443237,1.8117133274326198,0.0,0.3962288706839897,22.81242451954919
2009-12-16,10.85637961738279,4.369501522312099,53.64152499543775,10.391308625989407,0.40872165767453594,1.0688977481129358,1.4194931886858617,1.850322243892509,0.0,0.4311412095499903,15.562709190962115
2009-12-17,11.350612469157397,4.630844952554295,56.170701989346924,10.868865176453886,0.0,1.111601944329225,1.4961488449524274,1.9676061726633645,0.0,0.4572586795621788,11.946359770980296
2009-12-18,11.201767347105742,4.601026969468262,55.89826685770526,10.806167367833535,0.4188353027645873,0.9672316633740488,1.4950927980162576,1.941449890856203,0.0,0.4628045303046592,12.207357272571445
2009-12-21,10.288861664313071,4.331354818475243,52.29491453859535,10.120861768800857,0.39176135464143863,0.7788292167237546,1.3971267495478774,1.8201231496144412,0.0,0.43680817400190713,18.13935856528606
2009-12-22,10.984028901678233,4.6125461459729085,55.869293584153624,10.813239161636776,0.0,0.0,1.4769139586632343,1.9479836487889295,0.0,0.5994707282331311,13.696523870873161
2009-12-23,11.046224618578862,4.830938796795453,56.053137167649524,10.86801829785273,0.0,0.8639318462910612,1.5322174740818375,1.9603920739645078,0.0,0.46843526008299113,12.376704464703032
2009-12-28,11.511831432591183,5.029642592558439,58.13972087665461,11.275268152345728,0.4355207106527618,0.7572513528058564,1.6049148201702472,2.06732945766829,0.0,0.0,9.17852060455289
2009-12-29,10.753228591427796,4.759711389778156,54.863085344962904,10.64623870119944,0.41457371232718676,0.7171658264655569,1.526678952825237,0.0,0.0,0.46428894675141524,15.855028534262306
2009-12-30,11.334096078368772,5.085310308502985,57.420097482342605,11.202398633853576,0.0,0.7465566980310356,1.6370724033662645,0.0,0.0,0.484305296575609,12.090163098959156
2010-01-04,11.794273961535183,5.2890168894546,59.77260367217371,11.659982268152982,0.0,0.0,1.7522299579742093,2.0980327776436782,0.0,0.0,7.633860473065639
2010-01-05,11.206246054457084,4.807352441740739,56.68732288587278,11.064894336530953,0.0,0.7435833201742247,1.6769593398979061,0.0,0.0,0.48549761041553186,13.328144010910776
2010-01-06,11.656076870382421,5.034584213049853,58.879832271182444,11.481789102023113,0.4629927926989805,0.7728233028832736,1.739425998750573,0.0,0.0,0.4931364937641776,9.479338955265163
2010-01-07,11.027754890395762,4.702989200257131,55.86534606893825,10.915577403073765,0.0,0.7547449916487291,1.6914337852757124,1.9831790036812385,0.0,0.45690737426700173,12.602067282462404
2010-01-08,10.811561789969746,4.644080964395745,54.52275191133943,10.65078899899065,0.0,0.6983562147720194,1.661937736526976,1.9323917676915487,0.0,0.4837116872415223,14.594418929072358
2010-01-11,26.94093533647317,11.512855259745136,0.0,26.425132642037575,1.090489645379563,1.7499502967124658,4.209178026210677,4.79046267247664,0.0,1.0601432881868993,22.220852832777876
2010-01-12,11.520878928759526,4.931472913840841,57.80895956749019,11.283596667959094,0.0,0.0,1.8060356274459712,0.0,0.0,0.42560843126277764,12.223447863241596
2010-01-13,11.752775589765402,5.083416729257957,59.29202787355394,11.570196911042682,0.4809712991138424,0.0,1.851298144406786,2.0699022367607416,0.0,0.4608859319475563,7.438525284151087
2010-01-14,10.92720901167072,4.705396906376893,55.43633551437227,10.822756547814782,0.45061365761629396,0.7425578268141182,1.7646227836523654,1.8621517820375675,0.0,0.4325862147630751,12.85576975488191
2010-01-15,10.885814971002212,4.711882021628188,54.50970827439776,10.647198725267232,0.0,0.0,1.7103418605460183,1.8439271223754463,0.0,0.0,15.691127024783146
2010-01-18,11.135916743303772,4.780886179403861,55.799617703677626,10.891328723032426,0.0,0.7558987504896046,1.7544527749854815,1.884037752116071,0.0,0.4425215770088514,12.555339795982304
2010-01-19,9.497560162585778,4.025330619276891,48.796225723411595,9.48674285361395,0.40640772070617515,0.6505376189372772,1.474357534155836,1.6105801133232542,0.0,0.36039347636418445,23.69186417762506
2010-01-20,9.670041604275607,4.389449511823855,49.32769954866443,9.587287253748084,0.0,0.6935933359270079,1.5464632488370276,1.6254888331839956,0.0,0.3934737901254151,22.76650287341458
2010-01-21,10.14191911566917,4.427272700631776,49.52700373840303,9.647185811000208,0.41627070382843306,0.6888700768101581,1.5765420880334513,1.6434144821414896,0.0,0.3812607407744543,21.550260542707832
2010-01-22,10.748998470638305,4.5107331127213754,52.198934547972456,10.147569666163365,0.43951496432070153,0.6871627745488029,1.6840488882161708,1.7546010991882688,0.0,0.40252047011985576,17.425916006110697
2010-01-25,11.594452105153145,4.82195799226319,55.56282262036319,10.946580701038325,0.47065148542338964,0.0,1.8435060826247691,1.8874116734553938,0.0,0.5774366244640954,12.295180715214496
2010-01-26,10.901289262265564,4.5458543975865835,51.76280627061025,10.286548916610318,0.0,0.6524276531974668,1.7414691317562532,1.7682368280469793,0.0,0.623805683297996,17.717561856628585
2010-01-27,12.892490226614928,5.360581211899749,60.96436252588352,12.111374828168229,0.5198733955117831,0.7631386051610434,0.0,0.0,0.0,0.737412416549212,6.650766790211534
2010-01-28,11.937517600483286,5.0614718267496945,56.50141988381754,11.233128533958785,0.48163502192359536,0.7135252703496986,1.931407147222558,1.9348575156420558,0.0,0.6876834331523287,9.517353766700461
2010-01-29,11.766107451151733,5.0216984264974975,55.08115231866601,10.977483332658721,0.0,0.692492278108956,1.8986751282967445,0.0,0.0,0.6828505029863827,13.87954056163396
2010-02-01,14.65777991444472,6.242472682890505,68.56187231172967,0.0,0.0,0.0,2.376442648139781,0.0,0.0,0.869842241115776,7.291590201679555
2010-02-02,13.96046737024037,5.880255053000017,65.02649985355905,0.0,0.5589245208480861,0.831959143663981,2.2513892144199863,0.0,0.0,0.0,11.490504844268507
2010-02-03,41.444260175165184,17.383284742871194,0.0,0.0,0.0,0.0,6.633194640777012,0.0,0.0,2.4251182301252423,32.11414221106137
2010-02-04,33.13688974446982,13.874669682258123,0.0,30.61963008494285,0.0,0.0,5.308355584536168,0.0,0.0,1.9584014499037077,15.102053453889337
2010-02-05,11.928779394712382,4.931007090457345,55.3898776059257,11.039639566514934,0.5112934637825666,0.7055468926673634,1.8957111660956574,0.0,0.0,0.0,13.598144819844062
2010-02-08,11.024892604442126,4.561559154417291,51.097088249415044,10.18683180912726,0.0,0.6541801646316908,1.7578729319388815,1.7872225375881634,0.0,0.0,18.930352548439544
2010-02-09,12.178066610923164,5.043773809243659,56.580537876960044,11.329039094974352,0.0,0.0,1.9431886364185926,2.112066889113166,0.0,0.7258296267663568,10.08749745560066
2010-02-10,31.733757462205535,13.17196743112659,0.0,29.46409796403732,0.0,1.9321478085053418,5.095904640683051,0.0,0.0,0.0,18.602124693442157
2010-02-11,15.043417108526777,6.279082526122077,69.86921468490586,0.0,0.0,0.0,2.421826409730398,2.5432498717946275,0.0,0.0,3.8432093989202656
2010-02-12,13.011980234157514,5.419800451347369,60.44043178667165,12.083492719980697,0.0,0.7886509229675671,2.099629085589574,0.0,0.0,0.7829627776399753,5.373052021645645
2010-02-17,13.87231309312095,5.758369075953082,64.56521100542032,0.0,0.0,0.0,2.2449967052894566,2.3348475550469088,0.0,0.0,11.22426256516928
2010-02-18,11.946977949076379,4.97265960013855,55.70436593139328,11.134245713534693,0.4703119237733224,0.0,1.9895411620516716,2.0171639664551098,0.0,0.7093400005888953,11.055393752988092
2010-02-19,14.591902513324554,6.074159040572132,68.0425265398991,0.0,0.5978056014529873,0.0,2.4453533893747363,0.0,0.0,0.8645640214981644,7.38368889387832
2010-02-22,12.988594696133617,5.403749135153659,60.5030052925663,12.089938884119693,0.5630965725563329,0.0,2.161729112890217,0.0,0.0,0.0,6.289886306580177
2010-02-23,12.880714319733933,5.373012222927978,60.01833670710997,11.995810863056612,0.0,0.0,2.1742210099588855,2.1660094405737644,0.0,0.7898493361856591,4.602046100453203
2010-02-24,12.902527822466572,5.3777102520760875,60.13981658482284,12.01219595735927,0.0,0.7629976177814995,2.1870013331145866,0.0,0.0,0.7052267373402535,5.912523695038894
2010-02-25,11.05703280039663,4.5662313866929445,50.979461129636725,10.179970186367076,0.0,0.6434029095819002,1.8650455972180353,1.8287415487891898,0.0,0.5638826476919336,18.316231793625562
2010-02-26,10.738687382236952,4.450077029621851,49.59484358500418,9.90028872775557,0.4690617628303252,0.6201561073450728,1.8339044775500146,1.7193007265325029,0.0,0.5264885615394219,20.147191639584115
2010-03-01,12.595022949771725,5.263005208056485,58.1301467340783,11.609934733233993,0.5583338034325367,0.0,2.1728909449527745,0.0,0.0,0.6879179220814485,8.982747704392738
2010-03-02,11.41550788737901,4.799357477013498,51.18515964742616,10.507020088113446,0.5104616863152022,0.0,1.9716352622968516,1.8623599902570156,0.0,0.6557201863620024,17.092777774836815
2010-03-03,11.14368270121761,4.89213323126088,51.31373796796904,10.551525595989386,0.5226200071406932,0.6632525872120744,1.9816777122814568,1.8884794842994859,0.0,0.6822587520622875,16.360631960567076
2010-03-04,11.546232111993968,5.110846500509209,53.098741264555215,10.959941495763779,0.0,0.0,2.061036988892264,1.96655539492176,0.0,0.7140289799160169,14.542617263447784
2010-03-05,10.924776116128697,4.904518780252656,50.2134321094484,10.428718311838416,0.5177950226103809,0.6592743208206898,1.9818576862214765,1.8771002360159728,0.0,0.7040848251836589,17.78844259147966
2010-03-08,11.812211856632777,5.339020900291964,54.29042351006073,11.291838154624097,0.0,0.7322935206854032,2.1384771286945976,0.0,0.0,0.7684513865433691,13.627283542467067
2010-03-09,12.032167070673939,5.460647369221408,54.946359491603594,11.503502378072826,0.0,0.0,2.1865217030462354,2.079676967321566,0.0,0.7929584030997139,10.998166616960724
2010-03-10,12.505174233851488,5.677262132768247,57.111673061929544,11.954198562534584,0.0,0.0,2.278019428196992,2.1542226831596425,0.0,0.814161465116444,7.505288432443054
2010-03-11,11.11289644724505,5.114560501367313,50.071869711296735,10.561104538224267,0.0,0.6793883658239188,2.074171262498728,1.6837152886949611,0.0,0.7254151576302015,17.976878727218825
2010-03-12,0.0,6.704449454334959,65.02739785518162,13.71464207224834,0.0,0.8732996903479925,2.6837291875102203,0.0,0.0,0.9355083507673395,10.060973389609533
2010-03-15,41.11749708264932,18.965909500186566,0.0,0.0,1.9746754280054735,2.47057795772176,0.0,6.072165610292279,0.0,2.676313010724364,26.722861410420236
2010-03-16,12.047455072136444,5.57850501803381,54.202475106836125,11.430459254668026,0.5872292788888354,0.0,2.24267827385185,1.7718707694696918,0.0,0.7988515053928604,11.340475720722356
2010-03-17,12.469322745296523,5.848065972500587,56.7609688026883,11.963318935470015,0.6333854416351431,0.0,2.350608793914576,0.0,0.0,0.0,9.974329308494852
2010-03-18,10.858811890663326,5.098638436571514,49.77356810369506,10.480488740940425,0.0,0.6685891588506475,2.0012333823598727,1.6344164157729362,0.0,0.7133273049982065,18.770926566148006
2010-03-19,0.0,6.414088142659695,62.46522039056585,13.085660295140608,0.0,0.0,2.5112173570560232,0.0,0.0,0.8921949524219609,14.631618862155868
2010-03-22,11.629593222880674,5.518752236841756,53.25847593171472,11.199168221973496,0.6205019768271128,0.7107297398243766,2.143598222567542,1.7537757483465661,0.0,0.8301557603289463,12.335248938694814
2010-03-23,30.951284664986193,14.716355573885812,0.0,29.786643167513088,1.685392978311087,0.0,0.0,4.685018205614106,0.0,2.2465326312595146,15.928772778430197
2010-03-24,45.15176198879433,21.68540692693186,0.0,0.0,0.0,2.5303643080188953,0.0,6.885832951670036,0.0,3.353015649899745,20.393618174685137
2010-03-25,11.483406423671267,5.560380883803776,52.9019226094966,11.182308678891467,0.6753617634276039,0.6412321946996772,2.166588221464296,1.7807548281526693,0.0,0.8724126807431155,12.735631715649529
2010-03-26,11.157566868339766,5.40496359315543,51.012787716482485,10.846371452444442,0.6866247076487103,0.0,2.0900065497676557,1.7357591024675771,0.0,0.8491690596567139,16.216750950037213
2010-03-29,10.71978822100013,5.250379002289245,48.87858750139751,10.41447865972282,0.0,0.5925928905858671,2.021101855502069,1.6672504471023635,0.0,0.812299012641119,19.643522409758873
2010-03-30,27.894098059049817,13.5742780806351,0.0,26.86825982004164,1.7523302344269327,0.0,5.368140627162374,0.0,0.0,2.1064875936607703,22.436405585023373
2010-03-31,12.73509051062546,6.198828119513006,57.31537324601375,12.21382989967393,0.0,0.0,2.44797933997159,0.0,0.0,0.9387305409461967,8.150168343256073
2010-04-01,12.649730743237257,6.189992246171442,56.99326914358841,12.144361846924031,0.0,0.0,2.4329021553553387,1.9239948156988433,0.0,0.9407181489441936,6.725030900080487
2010-04-07,28.991054715441418,14.176564606402797,0.0,27.857250839548648,0.0,0.0,5.541658974551583,4.37303420830523,0.0,0.0,19.060436655750323
2010-04-08,12.265789674450774,6.021540890334069,55.134714927739815,11.79081889493442,0.7883872670053776,0.0,2.349016269976163,0.0,0.0,0.9029754403257954,10.746756635233583
2010-04-09,11.849343106576773,5.7991614131215234,53.19034904279339,11.379636542218178,0.0,0.6433166384709756,2.263624313728658,0.0,0.0,0.8644471609193837,14.010121782171117
2010-04-12,30.755156987600174,15.018661480481224,0.0,29.530357496552647,1.9213197871848973,0.0,0.0,0.0,0.0,2.2826992249739986,20.491805023207064
2010-04-13,12.058361568124303,5.859463812794367,54.17670990510444,11.56075925294668,0.0,0.6757329740509421,2.303584629614435,1.8123561467131393,0.0,0.8915127329344543,10.661518977717247
2010-04-14,12.241118942443011,6.027262908047118,55.23660451154848,11.812696217820001,0.0,0.0,2.3648269983107824,1.8453713797216837,0.0,1.0998482101614138,9.372270831947514
2010-04-15,12.360538024088337,6.032960193269239,56.02774318337579,11.969131602526566,0.0,0.6943798238720476,2.4034843582291807,0.0,0.0,1.1175143336064661,9.394248481032374
2010-04-16,12.017101546904442,5.869610572132118,54.41880835946328,11.628776368919834,0.0,0.0,2.3341206732754425,1.81732890208838,0.0,1.0686834323128134,10.84557014490369
2010-04-19,11.720801553929164,5.705472284903118,53.2070440621069,11.353504446700432,0.0,0.0,2.231266984956009,1.774695904792335,0.0,1.04000185320321,12.967212909408826
2010-04-20,9.916751570501924,4.92230705990887,45.91907390165402,9.819264523979756,0.6428065384423823,0.0,1.9028702257950632,1.4818391677460436,0.0,1.0186804980377382,24.3764065139342
2010-04-21,10.778330980655285,5.2878533927327735,49.52699385498729,10.600347841910796,0.7060320502560118,0.0,2.128074730294615,1.6291854512051716,0.0,1.0978802354345543,18.2453014625235
2010-04-22,11.16187731177734,5.456407510590154,50.75590803340744,10.882651742777018,0.7300801031156897,0.0,2.2011307734551826,1.6774149172543582,0.0,1.1440201533383458,15.990509454284478
2010-04-23,11.787308463660194,5.74382860924343,52.94891553616655,11.39980423304635,0.7772507100183415,0.6590910895676001,2.3183122704645185,1.7486510902453702,0.0,1.2167795264774688,11.400058471110173
2010-04-26,11.571242843406203,5.5759733507160885,51.53916436779241,11.119712155168902,0.0,0.7432698473674137,2.2592407409087767,1.701272173596824,0.0,1.1913505909359083,14.298773930107476
2010-04-27,11.564950125350421,5.64324124703643,51.70108522666842,11.148848098515339,0.0,0.7319312533476177,2.2728110088812388,1.7152943789855946,0.0,1.2158433464800682,14.005995314734868
2010-04-28,12.07241275778827,5.875895114709557,53.68555801524272,11.594514904114533,0.7862307916515938,0.7848067570257699,2.349006468884888,1.7701574623370808,0.0,1.2592449957827645,9.822172732462828
2010-04-29,14.661499083118878,7.0615081982719445,65.00530010650073,0.0,0.0,0.0,2.847198850256834,2.13763760132869,0.0,0.0,8.286856160522918
2010-04-30,12.273239448274422,5.944905128807198,54.49279916932921,11.76150759919895,0.7284468350012112,0.0,2.3729395899539965,1.7921703686244093,0.0,1.2803643260414028,9.353627534769199
2010-05-03,12.09066240099633,5.919924473996523,53.94524503955379,11.645613677444095,0.0,0.0,2.3545254238008715,1.77144282759097,0.0,1.2643739991000396,11.008212157517379
2010-05-04,14.80524260532354,7.311331138632118,66.07354162810265,0.0,0.8898447275999868,0.0,2.880067670995752,0.0,0.0,0.0,8.039972229345956
2010-05-05,12.297282818211233,6.137244011765874,54.7380838122671,11.831873838871282,0.6670572146702396,0.7723474134596529,0.0,1.7933049740865903,0.0,0.0,11.762805916668022
2010-05-06,11.92238507318674,6.076375679258315,53.03989163989329,11.495945343378619,0.0,0.0,2.33008329228407,1.7482376935445003,0.0,0.0,13.38708127845447
2010-05-07,11.259962848061773,5.705419837182765,50.17304970891332,10.847246788009649,0.6079872962755773,0.6756188117996472,2.2083039885298694,1.5886404900342286,0.0,1.1779070700510323,15.755863161142141
2010-05-10,12.029543902921587,6.001562963612388,53.46859563828643,11.529790019542025,0.6383419549683153,0.0,2.3629682214471424,1.5281880050644292,0.0,1.279819298836784,11.161189995320898
2010-05-11,12.582091953993032,6.245292678289757,55.86808871654071,12.036014747628156,0.6660703949628264,0.0,2.4947851366540057,1.5842822749688932,0.0,1.327311729203947,7.196062367758679
2010-05-12,12.199579981281165,6.064149113777635,54.094907876677375,11.718194334876946,0.5926424867794388,0.0,2.412028225259337,1.5040728108763983,0.0,1.2944245123183764,10.120000658153323
2010-05-13,13.259372692974788,6.571979886913931,58.6621756656751,12.714397341243222,0.0,0.0,2.646792538382566,0.0,0.0,1.4058785810121879,4.739403293798209
2010-05-14,34.83804606450317,17.176928042895913,0.0,33.347547885013476,0.0,0.0,6.955783526745263,0.0,0.0,0.0,7.681694480842169
2010-05-17,26.297593680828875,12.985568125949543,0.0,25.308470901058072,0.0,0.0,5.392759997544456,3.240718672605998,0.0,2.7784121719627954,23.996476450050263
2010-05-18,16.06714054645633,7.954445677633158,70.99334450285781,0.0,0.7680564288346052,0.0,0.0,0.0,0.0,0.0,4.217012844218094
2010-05-19,30.104819655049326,14.95875828206182,0.0,28.90838253472539,0.0,0.0,6.1705409106447275,3.717350862133676,0.0,0.0,16.140147755385062
2010-05-20,12.638900565405836,6.271635880037368,55.77576652814169,12.137507021492567,0.0,0.0,2.5999211578213406,0.0,0.0,1.3276455097776372,9.248623337323563
2010-05-24,30.360357424303686,15.184970674651316,0.0,29.265777078645677,1.4540230439970039,0.0,6.318586751048606,3.770222101386618,0.0,3.173091027245626,10.472971898721466
2010-05-25,11.659875722328753,5.830072990098949,51.665269573607176,11.244777669999765,0.0,0.6921142700426832,2.4221570672026838,1.4913991964452484,0.0,1.2165738971718427,13.777759613102901
2010-05-26,11.985099805864916,5.974709652224904,55.915121600152936,11.504404905313145,0.569970382391124,0.0,2.485726974302362,1.5243770210172878,0.0,1.2445939491063502,8.795995709626977
2010-05-27,14.50873894519929,7.221543021643489,67.56779509313279,0.0,0.0,0.0,3.016270852508078,0.0,0.0,1.5122531672734834,6.17339892024287
2010-05-28,12.547618128452578,6.226529577436162,37.48889069965468,12.029210174512977,0.0,0.0,2.6060785479852564,0.0,0.0,0.0,29.101672871958343
2010-05-31,16.194693963724347,8.045667008038656,48.412401472438276,15.517480510742837,0.0,0.0,3.2995429248360297,2.047816547073143,0.0,0.0,6.482397573146711
2010-06-01,15.751461948709725,7.91759922235914,47.36265798042604,15.189845920655745,0.0,0.0,3.2311444173353445,2.0044140128645647,0.0,1.6439642336891147,6.898912263960324
2010-06-02,16.30563812461551,8.230736884153062,49.125170842611375,15.749553660887406,0.0,0.0,3.353074197919337,2.0669648892623456,0.0,0.0,5.168861400550961
2010-06-03,16.747149312995933,8.419810418676152,50.21644280594757,16.091715335134893,0.0,0.0,3.434906765125916,0.0,0.0,0.0,5.089975362119536
2010-06-04,0.0,10.603178120347923,63.381741821495105,20.31083125740844,0.0,0.0,0.0,0.0,0.0,0.0,5.704248800748525
2010-06-07,15.579725204200548,7.755909263026985,46.65134855436233,14.921313005325732,0.0,0.0,3.2020370754812113,0.0,0.0,0.0,11.889666897603188
2010-06-08,15.594054452563011,7.672907831343329,46.23992362019713,14.768489518278354,0.7409881490546102,0.0,3.1610417031002562,1.94198563648633,0.0,0.0,9.880609088976978
2010-06-09,18.61605954109043,0.0,55.10536094177868,17.601524181945642,0.0,0.0,3.749914962539903,0.0,0.0,0.0,4.92714037264534
2010-06-10,62.59355250696389,30.62462270386967,0.0,0.0,0.0,0.0,0.0,0.0,0.0,6.423429262762703,0.35839552640373645
2010-06-11,36.12802725804121,17.658142830411837,0.0,34.03316737326582,0.0,0.0,0.0,0.0,0.0,3.7198256237683607,8.460836914512777
2010-06-14,0.0,76.85537616827358,0.0,0.0,0.0,0.0,0.0,0.0,0.0,0.0,23.144623831726417
2010-06-15,0.0,26.105876393373308,0.0,50.245264496524634,0.0,0.0,10.676124980878438,6.634246781632831,0.0,0.0,6.33848734759079
2010-06-17,17.502052525068127,8.568893779982902,54.94928649922033,13.1128867385739,0.0,0.0,0.0,0.0,0.0,0.0,5.866880457154749
2010-06-18,0.0,10.06357908073355,64.53036073382533,15.30494609186282,1.0567729490760225,0.0,0.0,0.0,0.0,2.121002740512371,6.923338403989903
2010-06-21,38.29482336895537,18.709801661339423,0.0,28.542957940322523,0.0,2.2331049377037573,7.6902658631370775,0.0,0.0,0.0,4.5290462285418505
2010-06-22,0.0,31.179044891909175,0.0,47.601398478531785,0.0,3.759645585777735,12.828566760906323,0.0,0.0,0.0,4.631344282874984
2010-06-23,33.31630626023511,16.290182267946378,0.0,24.8742712071283,0.0,1.9707012648657878,6.666680456049062,0.0,0.0,3.4802844200704612,13.401574123704906
2010-06-24,0.0,11.174951535851482,71.42706050699852,0.0,0.0,0.0,4.569401901354967,3.335801831680396,0.0,0.0,9.492784224114638
2010-06-25,17.478461023969917,8.543882740518226,54.433145010990046,13.049395331130691,0.9027651707525515,1.053083456833746,0.0,2.662686946435521,0.0,0.0,1.8765803193692971
2010-06-28,38.18415095416379,18.66012376971262,0.0,28.50436622874825,0.0,0.0,7.636626195945786,0.0,0.0,0.0,7.014732851429552
2010-06-29,19.307326876608716,0.0,59.87662540610567,14.36665876933846,0.0,0.0,3.8306381008910617,0.0,0.0,0.0,2.6187508470560967
2010-06-30,20.371491319137107,9.909904043857965,63.13985841868197,0.0,0.0,0.0,4.050727696113444,0.0,0.0,2.1130281599930987,0.4149903622164119
2010-07-02,51.46433769140669,24.625688383544922,0.0,0.0,0.0,0.0,10.048896145280063,0.0,0.0,4.6474567232335255,9.213621056534798
2010-07-05,0.0,52.37353359570609,0.0,0.0,0.0,0.0,21.38848777369635,16.38117085157134,0.0,9.856807779026221,0.0
2010-07-06,54.28977692858062,0.0,0.0,39.73896624081155,0.0,0.0,0.0,0.0,0.0,0.0,5.971256830607819
2010-07-07,42.77569037265002,20.441429193328695,0.0,31.293544691827936,0.0,0.0,0.0,0.0,0.0,0.0,5.489335742193348
2010-07-08,40.025654780021384,19.093696987468398,0.0,29.247542446394114,0.0,0.0,7.813111728688077,0.0,0.0,0.0,3.8199940574280307
2010-07-09,47.68961343299765,0.0,0.0,34.874300097417674,0.0,0.0,9.315851995323051,0.0,0.0,4.280244935250358,3.8399895390112673
2010-07-12,0.0,0.0,0.0,70.7584934205646,0.0,0.0,0.0,14.010204622581135,0.0,0.0,15.231301956854262
2010-07-13,17.287846162359536,8.24212964193718,52.63980334915711,12.611945589055898,0.0,0.0,3.324045334897964,0.0,0.0,1.547894733414457,4.346335189177857
2010-07-14,42.09827184048198,20.08822575194229,0.0,30.71118974165332,0.0,0.0,0.0,6.07880601123054,0.0,0.0,1.0235066546918732
2010-07-15,24.61624472616442,11.703841905180639,0.0,17.896430168059265,0.0,0.0,0.0,0.0,0.0,0.0,45.78348320059567
2010-07-16,42.612367589319945,20.215300445534695,0.0,30.980126331322854,0.0,0.0,0.0,0.0,0.0,0.0,6.192205633822505
2010-07-19,72.92769950222927,0.0,0.0,0.0,0.0,0.0,13.765129154329841,0.0,0.0,0.0,13.307171343440887
2010-07-20,0.0,62.50124303080183,0.0,0.0,6.573754803690946,0.0,0.0,0.0,0.0,11.757994633270116,19.167007532237108
2010-07-21,0.0,47.76738406301298,0.0,0.0,5.0155565932577675,0.0,0.0,14.519068465274874,0.0,0.0,32.69799087845438
2010-07-22,0.0,19.573231943873857,0.0,0.0,2.0404852337627952,2.4057972943622117,0.0,0.0,0.0,0.0,75.98048552800113
2010-07-23,18.6712309966897,8.847435361146935,56.532502834174636,13.543189520854487,0.922898636275973,0.0,0.0,0.0,0.0,0.0,1.4827426508582655
2010-07-26,19.788464633950674,9.425051524995222,59.8832204889576,0.0,0.0,0.0,3.7295980244290865,0.0,0.0,0.0,7.173665327667413
2010-07-27,0.0,58.24454241410485,0.0,0.0,0.0,0.0,0.0,0.0,0.0,0.0,41.75545758589515
2010-07-28,0.0,0.0,0.0,0.0,0.0,0.0,0.0,0.0,0.0,0.0,99.99999999999999
2010-07-29,59.9163573512576,0.0,0.0,0.0,0.0,3.5081965518947857,11.235173594151808,0.0,0.0,0.0,25.340272502695807
2010-07-30,68.79801420044114,0.0,0.0,0.0,0.0,0.0,12.878060338953803,0.0,0.0,6.167924583131825,12.156000877473236
2010-08-02,18.974713161820237,9.043665015006715,57.523753806687516,0.0,0.8986718253627259,1.1063349511558591,3.5477797892292573,0.0,0.0,1.7073983880756864,7.197683062662008
2010-08-03,0.0,32.13049693551207,0.0,49.025897018431785,0.0,0.0,12.665611618628494,0.0,0.0,0.0,6.177994427427651
2010-08-04,17.715986184943763,8.433431386856087,53.78415911083957,12.867709780034966,0.0,0.0,3.3232475323696957,0.0,0.0,1.5967250621047115,2.278740942851205
2010-08-05,49.742292379079714,23.68174632932435,0.0,0.0,0.0,0.0,9.244066005627761,0.0,0.0,4.515857424080554,12.816037861887617
2010-08-06,59.98261993936704,28.574353955100783,0.0,0.0,0.0,0.0,0.0,0.0,0.0,0.0,11.44302610553217
2010-08-09,59.414065305423755,28.41459749169565,0.0,0.0,2.8179210499513956,0.0,0.0,0.0,0.0,0.0,9.353416152929201
2010-08-10,49.465337032896166,0.0,0.0,35.97045120964311,0.0,0.0,0.0,0.0,0.0,0.0,14.564211757460724
2010-08-11,49.5391540341873,23.706313683119202,0.0,0.0,0.0,0.0,9.2138876116405,7.159124142186254,0.0,0.0,10.381520528866746
2010-08-12,35.58610811673927,0.0,0.0,25.903670886178993,0.0,2.0900445387723328,6.6044672502958255,0.0,0.0,0.0,29.81570920801358
2010-08-13,0.0,32.754187824376594,0.0,0.0,0.0,0.0,0.0,0.0,0.0,6.20961043375469,61.03620174186871
2010-08-16,0.0,31.23157133951678,0.0,47.21197212400535,0.0,0.0,12.00682804116466,0.0,0.0,0.0,9.549628495313213
2010-08-17,60.65017265408363,29.199772801949496,0.0,0.0,2.877952992212598,0.0,0.0,0.0,0.0,0.0,7.272101551754272
2010-08-18,0.0,80.99303891467324,0.0,0.0,0.0,0.0,0.0,0.0,0.0,0.0,19.006961085326772
2010-08-19,33.176172090538735,0.0,0.0,0.0,0.0,0.0,6.129630720013138,0.0,0.0,0.0,60.69419718944812
2010-08-20,23.97020137294846,11.528142189374424,0.0,17.4326192111633,0.0,0.0,0.0,0.0,0.0,0.0,47.069037226513814
2010-08-23,30.84127148195809,14.830074928249418,0.0,0.0,0.0,0.0,0.0,0.0,0.0,0.0,54.32865358979249
2010-08-24,36.36940311579006,17.506562131948858,0.0,26.43278625765648,0.0,0.0,6.677664520115506,5.246852746516489,0.0,0.0,7.766731227972606
2010-08-25,40.48064098868817,19.488222743162513,0.0,29.43821955074286,0.0,0.0,0.0,5.8425495761137025,0.0,0.0,4.750367141292749
2010-08-26,35.38438354014017,0.0,0.0,0.0,0.0,0.0,0.0,0.0,0.0,0.0,64.61561645985984
2010-08-27,57.09473238397721,27.468765669037086,0.0,0.0,0.0,0.0,10.482272177674224,0.0,0.0,0.0,4.954229769311477
2010-08-30,0.0,14.927239119042724,0.0,22.55579061734497,0.0,0.0,0.0,4.4939129187774105,0.0,0.0,58.023057344834896
2010-08-31,37.74548587952713,18.13798216552579,0.0,27.413117733180727,0.0,0.0,0.0,5.572539935990145,0.0,0.0,11.130874285776212
2010-09-01,37.084591267810616,17.830606926172297,0.0,26.9325242241927,0.0,0.0,6.832263354196234,0.0,0.0,3.40033614356718,7.919678084060976
2010-09-02,0.0,32.38140593116595,0.0,48.959958748529175,0.0,0.0,0.0,0.0,0.0,6.214767647892694,12.443867672412177
2010-09-03,38.8074746880744,18.596019403818627,0.0,28.208730304777824,0.0,0.0,0.0,5.746186117725652,0.0,3.591137262563303,5.0504522230401925
2010-09-06,23.24919747403885,0.0,70.72178201452023,0.0,0.0,0.0,4.322000017851405,0.0,0.0,0.0,1.707020493589515
2010-09-07,58.936918484458864,28.264027384333772,0.0,0.0,0.0,0.0,0.0,0.0,0.0,0.0,12.79905413120736
2010-09-08,17.983651505234473,0.0,54.86024716205641,13.138090728203785,0.0,0.0,3.3481947183113134,2.6330778653491107,0.0,0.0,8.036738020844908
2010-09-09,45.17844912487932,21.67422076254971,0.0,0.0,0.0,0.0,8.421543589005317,6.585169629290013,0.0,4.1953495493917705,13.945267344883867
2010-09-10,0.0,30.521174943424995,0.0,46.45733689851817,0.0,0.0,0.0,0.0,0.0,0.0,23.02148815805684
2010-09-13,40.83246074145212,19.61383657222063,0.0,29.872698278179122,0.0,0.0,0.0,0.0,0.0,0.0,9.681004408148134
2010-09-14,0.0,65.53123795534187,0.0,0.0,0.0,0.0,0.0,0.0,0.0,12.84381489315246,21.624947151505687
2010-09-15,20.379142855208364,9.784378453780747,62.29404629201616,0.0,0.0,0.0,3.807049786146425,0.0,0.0,0.0,3.7353826128483085
2010-09-16,16.379401920593146,7.85951051178667,50.00867624933626,11.991741785320732,0.0,0.0,3.03351491988357,0.0,0.0,0.0,10.72715461307962
2010-09-17,55.51015240080629,0.0,0.0,40.651838084135775,0.0,0.0,0.0,0.0,0.0,0.0,3.838009515057937
2010-09-20,62.146860145402464,29.83038603363729,0.0,0.0,0.0,0.0,0.0,0.0,0.0,0.0,8.02275382096024
2010-09-21,17.40994357720116,8.36501415641006,53.19887738554752,12.763684748802854,0.0,1.0186372943510063,0.0,0.0,0.0,1.6227317355398778,5.621111102147528
2010-09-22,18.059085685826176,8.673619262483713,55.20546236435829,13.253383731982021,0.0,0.0,0.0,0.0,0.0,0.0,4.808448955349798
2010-09-24,52.99034988299627,25.526390098872003,0.0,0.0,0.0,0.0,9.801200581457769,0.0,0.0,0.0,11.682059436673967
2010-09-27,0.0,20.434438939052402,0.0,0.0,0.0,0.0,0.0,0.0,0.0,0.0,79.5655610609476
2010-09-28,0.0,45.21378187979141,0.0,0.0,0.0,0.0,17.43862898676809,0.0,0.0,0.0,37.34758913344049
2010-09-29,13.336457955432143,6.401427802494279,40.908162545812644,9.811239462773228,0.0,0.0,0.0,1.9101350340758372,0.0,0.0,27.63257719941187
2010-09-30,27.913293548648564,13.409062591567542,0.0,0.0,0.0,0.0,0.0,0.0,0.0,0.0,58.6776438597839
2010-10-04,57.50475609850276,27.58638977987337,0.0,0.0,0.0,0.0,0.0,0.0,0.0,5.396114849540444,9.512739272083428
2010-10-05,51.58465338697168,24.764975327989344,0.0,0.0,0.0,0.0,9.43399162262922,0.0,0.0,0.0,14.216379662409757
2010-10-06,37.78893180467149,18.149332597323788,0.0,27.87981416535227,0.0,0.0,6.908707700965806,0.0,0.0,0.0,9.273213731686651
2010-10-07,49.02563780220513,23.568675361599638,0.0,0.0,0.0,0.0,8.952520823328754,0.0,0.0,0.0,18.453166012866483
2010-10-08,32.20108121720107,15.54715025878887,0.0,23.73749300916695,0.0,0.0,5.833896141907567,4.5556093548126455,0.0,0.0,18.124770018122895
2010-10-11,16.072749075867993,7.756416348968783,49.35163696796968,11.815617952905717,0.0,0.0,2.910400327597442,0.0,0.0,0.0,12.093179326690382
2010-10-12,18.71108474421595,9.03170378327271,57.438841677125474,0.0,0.0,1.0990358198453563,3.3809651539201764,0.0,0.0,0.0,10.338368821620334
2010-10-13,0.0,30.881394472761652,0.0,47.10607093960294,0.0,3.750721881309027,0.0,0.0,0.0,0.0,18.26181270632639
2010-10-14,46.844770899111104,22.608210132006683,0.0,0.0,2.2416070656813605,0.0,0.0,6.636506274291326,0.0,4.345917381175958,17.32298824773357
2010-10-15,55.69705799719637,26.944380339250973,0.0,0.0,0.0,3.2455173523261167,0.0,7.92982919112091,0.0,0.0,6.183215120105634
2010-10-18,17.135366783836318,8.29591483026317,52.719345986886566,12.643372969258845,0.0,0.0,0.0,2.475322030997037,0.0,1.5907742178901254,5.139903180867932
2010-10-19,15.595038460196548,7.517802307798455,56.42114817444674,3.0261562041230228,0.0,0.8047135558729749,2.8270729075011802,2.215160441299982,0.0,0.0,11.592907948761093
2010-10-20,54.91427412959082,0.0,0.0,10.621607453489677,0.0,0.0,9.8772070735949,0.0,0.0,5.079855496716804,19.507055846607795
2010-10-21,37.85553595023588,17.96852774568687,0.0,7.310894781193072,0.0,0.0,6.777477584899244,5.364563003093838,0.0,3.482626533360591,21.2403744015305
2010-10-22,43.05671139063209,20.494593118634548,0.0,8.41674666678914,0.0,0.0,7.7020606365089295,0.0,0.0,3.9487329464856504,16.381155240949646
2010-10-25,16.65799039827259,7.9209625766519105,60.04561908213134,0.0,0.0,0.8645704476716125,2.977590810654679,0.0,0.0,1.5324589554864736,10.000807729131392
2010-10-26,11.871529617890047,5.68740019854462,42.70235471971615,2.309954223530804,0.0,0.6819904665089622,2.1069736295000494,1.6765394893003664,0.0,0.0,32.963257655009
2010-10-27,12.081058403559727,5.756932191472277,43.24184127274339,2.296778922421625,0.0,0.0,2.135352215864553,1.6563136156925733,0.0,1.0895509225117095,31.74217245573415
2010-10-28,54.53683193178664,0.0,0.0,10.114684129960489,0.0,0.0,9.522624460111748,7.502235103323216,0.0,0.0,18.323624374817907
2010-10-29,16.842553397105657,8.022097373268497,60.109910669054265,3.126934820750196,0.0,0.0,2.9360101280956683,0.0,0.0,0.0,8.962493611725716
2010-11-01,17.411392480707548,8.25338842720907,61.81704314945371,0.0,0.0,0.0,0.0,0.0,0.0,1.558423715464527,10.95975222716515
2010-11-02,18.097827735641157,8.582220731851846,64.24099813537295,0.0,0.0,0.0,3.1371932708653016,2.4687344265752533,0.0,0.0,3.473025699693488
2010-11-03,50.453486089432594,24.208048041266903,0.0,0.0,0.0,0.0,0.0,7.000245372412675,0.0,0.0,18.33822049688783
2010-11-04,50.321455419281506,24.119788848148755,0.0,0.0,0.0,0.0,8.837340811796421,0.0,0.0,0.0,16.72141492077332
2010-11-05,17.442707178105113,8.394854697843972,62.604857204585294,3.2576711558628415,0.0,0.0,3.05439400527217,0.0,0.0,0.0,5.245515758330608
2010-11-08,42.51517285306502,20.56648474435285,0.0,7.933748289703078,0.0,0.0,0.0,0.0,0.0,3.833976471708475,25.150617641170577
2010-11-09,16.597651421461297,8.013551945405501,59.31730515611993,3.087741568433932,0.0,0.0,2.9031302294145567,0.0,0.0,1.4948469657101728,8.585772713454617
2010-11-10,46.18895103306045,22.38147403157329,0.0,0.0,0.0,2.6075712805575106,8.127550313585125,0.0,0.0,0.0,20.69445334122363
2010-11-11,50.925753838763065,24.633096160241998,0.0,0.0,0.0,2.58966456349681,0.0,0.0,0.0,0.0,21.851485437498134
2010-11-12,44.08292632426345,21.2806648257405,0.0,8.1736195582871,0.0,0.0,7.662470766055082,5.995822812214572,0.0,0.0,12.804495713439298
2010-11-15,49.49681256936999,23.85923230140182,0.0,9.15630264322171,2.359618341523693,0.0,0.0,0.0,0.0,4.441971634105557,10.686062510377223
2010-11-16,16.950907744718656,8.188100119587336,60.356322052996944,3.1297762179590407,0.8179341504149402,0.8602600254089314,2.952007561076665,0.0,0.0,1.5317743803568151,5.212917747480665
2010-11-17,51.29170430478275,24.908132629088136,0.0,9.465876899572397,0.0,0.0,8.941386092738677,0.0,0.0,0.0,5.392900073818037
2010-11-18,27.079691932723776,13.15381514231761,0.0,0.0,0.0,0.0,4.731124610111314,0.0,0.0,2.5042734087489094,52.53109490609838
2010-11-19,0.0,0.0,0.0,0.0,2.2267416845259436,0.0,8.031125763498476,0.0,0.0,0.0,89.74213255197559
2010-11-22,0.0,42.66698731910649,0.0,16.226340882549646,0.0,0.0,15.419134462688461,0.0,0.0,0.0,25.687537335655406
2010-11-23,0.0,66.05964776349042,0.0,0.0,0.0,0.0,23.913185190308823,0.0,0.0,0.0,10.027167046200763
2010-11-24,48.0447082331066,23.341692186119133,0.0,8.883655128779226,2.3441102395362936,0.0,8.449964582421842,0.0,0.0,4.468773634152755,4.4670959958841525
2010-11-25,0.0,33.80306415668205,0.0,12.880822868213858,3.5212796744315615,0.0,12.235689075485267,0.0,0.0,6.515956612737607,31.043187612449664
2010-11-26,42.26282580892941,20.47510346067402,0.0,7.783232764941587,0.0,0.0,7.390052779164839,0.0,0.0,0.0,22.088785186290135
2010-11-29,45.9612590743977,22.256848196167255,0.0,8.456415167462596,2.3408222682309088,0.0,0.0,6.244835703894267,0.0,0.0,14.739819589847272
2010-11-30,0.0,0.0,0.0,0.0,0.0,0.0,29.33817244738155,22.751807271121795,0.0,0.0,47.91002028149665
2010-12-01,26.26853815906893,12.711242862591355,0.0,4.813401093107592,0.0,0.0,0.0,0.0,0.0,2.4532596302769867,53.75355825495514
2010-12-02,0.0,0.0,0.0,5.997386397941815,0.0,0.0,5.7152090004428855,0.0,0.0,3.0575613895406346,85.22984321207467
2010-12-03,49.56154800989723,24.01166662449302,0.0,9.077248280694898,0.0,0.0,8.668315855937724,0.0,0.0,0.0,8.681221228977122
2010-12-06,40.60711911437399,19.49799478234424,0.0,7.44156348930299,2.105730371409784,0.0,7.110243869300692,0.0,0.0,3.802129453536666,19.435218919731646
2010-12-07,89.14386901797458,0.0,0.0,0.0,0.0,0.0,0.0,0.0,0.0,0.0,10.856130982025421
2010-12-08,54.67266378077821,26.295275374953125,0.0,0.0,0.0,0.0,9.560782943925677,0.0,0.0,0.0,9.471277900342994
2010-12-09,31.52343720487109,0.0,0.0,0.0,0.0,0.0,5.505493960164346,0.0,0.0,0.0,62.97106883496456
2010-12-10,0.0,40.96746945657329,0.0,15.660167933262931,0.0,0.0,14.962973267958244,0.0,0.0,0.0,28.409389342205536
2010-12-13,50.22974836263035,0.0,0.0,9.113817825781958,0.0,0.0,8.763970572906429,0.0,0.0,4.736746516941107,27.15571672174016
2010-12-14,0.0,18.785407546747905,0.0,7.152645958371048,0.0,0.0,0.0,0.0,0.0,0.0,74.06194649488106
2010-12-15,27.464189827459407,13.083500146504484,0.0,4.987692855000102,0.0,0.0,0.0,0.0,0.0,2.5807561429883172,51.88386102804769
2010-12-16,18.574942982464155,0.0,65.99610262296942,3.3772761821795325,0.0,0.0,3.2291819405361557,0.0,0.0,1.7301791252725567,7.09231714657818
2010-12-17,18.890535761303067,8.966816350366438,67.1277180144437,0.0,0.0,0.0,0.0,0.0,0.0,0.0,5.014929873886798
2010-12-20,0.0,65.18696975812091,0.0,24.97593174908608,7.101995159164304,0.0,0.0,0.0,0.0,0.0,2.7351033336286963
2010-12-21,47.82475014956938,22.59594490104727,0.0,8.700912998467894,0.0,0.0,8.333094853554028,0.0,0.0,0.0,12.54529709736142
2010-12-22,53.6252621068035,25.30876552348006,0.0,0.0,0.0,0.0,0.0,7.267145151877711,0.0,0.0,13.798827217838731
2010-12-23,32.38684255317794,0.0,0.0,0.0,0.0,0.0,0.0,4.394620747366343,0.0,0.0,63.218536699455704
2010-12-28,53.17765658528442,25.045308917612967,0.0,0.0,0.0,0.0,0.0,7.302971458923883,0.0,0.0,14.474063038178736
2010-12-29,54.58053130096644,25.220685684927453,0.0,0.0,0.0,0.0,9.516020873009028,0.0,0.0,0.0,10.682762141097083
2010-12-30,80.49329943246617,0.0,0.0,0.0,0.0,0.0,14.051299942189118,0.0,0.0,0.0,5.455400625344712
2011-01-03,55.30825528358023,25.368145416281866,0.0,0.0,0.0,0.0,0.0,7.662600188113899,0.0,5.2028007580550835,6.4581983539689185
2011-01-04,44.90142434351298,20.391035879347676,0.0,8.192594680211748,0.0,0.0,0.0,6.265552067348936,0.0,4.233789264338961,16.0156037652397
2011-01-05,0.0,43.50708684550227,0.0,0.0,0.0,0.0,16.712018944574794,0.0,0.0,0.0,39.780894209922934
2011-01-06,21.384491373340914,9.71696884207794,0.0,3.9008618155802672,1.109517474500084,0.0,3.73117655660747,2.9789144328163055,0.0,2.021728504045002,55.15634100103202
2011-01-07,0.0,17.06386812390029,0.0,0.0,0.0,0.0,6.5430165824166595,0.0,0.0,0.0,76.39311529368305
2011-01-10,17.393090865142486,7.905584792555887,61.979544443245,3.1729320025948295,0.0,0.0,3.0312764623386936,0.0,0.0,0.0,6.517571434123104
2011-01-11,0.0,34.87000647027508,0.0,0.0,0.0,0.0,13.416385478333584,10.627185281656086,0.0,7.251203447747964,33.83521932198729
2011-01-12,52.633934125708315,23.86785213305927,0.0,0.0,0.0,0.0,9.088546084272947,0.0,0.0,0.0,14.40966765695947
2011-01-13,27.337579828387433,12.377204196126451,0.0,0.0,0.0,0.0,4.632649863163735,0.0,0.0,2.3963594343402725,53.256206677982114
2011-01-14,50.83006071361108,0.0,0.0,9.217581523096825,0.0,0.0,8.591295833716368,0.0,0.0,4.4557788369738605,26.905283092601863
2011-01-17,31.084181624560163,0.0,0.0,32.744065544835024,0.0,0.0,9.103521908456518,0.0,0.0,4.787943896172461,22.280287025975827
2011-01-18,38.74197823903983,0.0,0.0,40.75101323446175,0.0,0.0,0.0,0.0,0.0,5.962037706341546,14.544970820156875
2011-01-19,0.0,61.822521796208896,0.0,0.0,0.0,0.0,22.92574299334735,0.0,0.0,0.0,15.251735210443753
2011-01-20,35.38968824756238,27.931520885905986,0.0,0.0,0.0,0.0,10.309642154811012,0.0,0.0,5.443944172967416,20.925204538753203
2011-01-21,0.0,71.57136714025621,0.0,0.0,0.0,0.0,0.0,0.0,0.0,0.0,28.42863285974378
2011-01-24,28.466265154972064,22.46279900735175,0.0,29.982222065818508,0.0,0.0,8.305714832263106,6.823297364910225,0.0,0.0,3.9597015746843405
2011-01-25,0.0,55.14602347811379,0.0,0.0,0.0,0.0,20.290464221454773,0.0,0.0,10.90718995241908,13.656322348012349
2011-01-26,9.95330268370437,7.689564318729763,60.01880432044234,10.27295552912309,0.8733625636664528,0.0,0.0,0.0,0.0,0.0,11.192010584333975
2011-01-27,24.878964925989962,19.039392162145145,0.0,25.47091678549261,0.0,0.0,0.0,0.0,0.0,3.7593124355074616,26.851413690864828
2011-01-28,23.95979440373197,18.33829078455346,0.0,24.563349433355498,0.0,0.0,6.77790538204995,5.597224012646835,0.0,0.0,20.763435983662283
2011-01-31,64.41959517116432,0.0,0.0,0.0,0.0,0.0,0.0,0.0,0.0,9.876001899383862,25.70440292945181
2011-02-01,49.2506750024798,37.8182920873082,0.0,0.0,0.0,0.0,0.0,0.0,0.0,0.0,12.931032910211988
2011-02-07,31.063509628092017,23.84489176058059,0.0,31.95101006329765,0.0,0.0,8.810672843022923,0.0,0.0,0.0,4.329915705006819
2011-02-08,46.954869194623406,35.99194288480207,0.0,0.0,0.0,0.0,0.0,0.0,0.0,0.0,17.053187920574523
2011-02-09,38.86819427982173,0.0,0.0,39.89317159230994,0.0,0.0,0.0,9.048638560760844,0.0,0.0,12.189995567107491
2011-02-10,51.0980550694876,39.14406529255319,0.0,0.0,0.0,0.0,0.0,0.0,0.0,0.0,9.757879637959212
2011-02-11,41.21454436858713,31.47314240229394,0.0,0.0,0.0,0.0,11.581762519810693,0.0,0.0,0.0,15.730550709308236
2011-02-14,41.5197087759969,31.56469702979145,0.0,0.0,0.0,0.0,11.5743671693729,0.0,0.0,0.0,15.341227024838755
2011-02-15,12.353564476287941,9.388376034503601,73.44923752566123,0.0,0.0,0.0,3.4279923830899497,0.0,0.0,0.0,1.3808295804572823
2011-02-16,0.0,41.70076382948491,0.0,0.0,4.741434355944203,0.0,15.173269564927338,12.636007167523514,0.0,8.277412296525823,17.471112785594215
2011-02-17,0.0,38.068685672922406,0.0,50.95867400787271,0.0,0.0,0.0,0.0,0.0,0.0,10.972640319204887
2011-02-18,0.0,0.0,0.0,0.0,0.0,0.0,0.0,0.0,0.0,0.0,99.99999999999999
2011-02-21,42.48402380633141,32.257239254767356,0.0,0.0,0.0,0.0,11.642464373275082,0.0,0.0,6.4139352891151855,7.202337276510966
2011-02-22,11.718568672697652,0.0,69.43459983901943,11.885985290915242,0.0,0.0,0.0,2.6946973706095303,0.0,0.0,4.266148826758148
2011-02-23,21.550326029854364,0.0,0.0,0.0,0.0,0.0,5.986870691457425,0.0,0.0,3.2512834570953304,69.21151982159289
2011-02-24,48.31947603784826,36.58683031623595,0.0,0.0,0.0,0.0,0.0,0.0,0.0,0.0,15.093693645915792
2011-02-25,12.240195475571959,9.190609214144484,71.81243438919405,0.0,0.0,0.0,3.348407023290798,0.0,0.0,0.0,3.4083538977986985
2011-02-28,8.564385321298168,6.409980754554789,49.94677648557052,0.0,0.0,0.0,0.0,0.0,0.0,1.2620507725252497,33.81680666605128
2011-03-01,45.46827367048207,33.843317949703106,0.0,0.0,0.0,0.0,12.210510049694335,0.0,0.0,0.0,8.477898330120494
2011-03-02,0.0,0.0,0.0,0.0,0.0,0.0,0.0,34.822155352347316,0.0,23.060945845057333,42.11689880259535
2011-03-03,92.67159465374311,0.0,0.0,0.0,0.0,0.0,0.0,0.0,0.0,0.0,7.328405346256883
2011-03-04,0.0,28.033077073172265,0.0,37.42275515398995,0.0,0.0,10.102469178037612,0.0,0.0,5.653166767390217,18.78853182740996
2011-03-07,11.004811775751202,8.128868535922905,63.44825469981094,10.909193143468194,0.0,0.0,2.9345633670274296,0.0,0.0,0.0,3.5743084780193346
2011-03-08,33.46692926273124,24.784483497854115,0.0,33.197171727842026,0.0,0.0,0.0,0.0,0.0,0.0,8.551415511572618
2011-03-09,68.95603669983765,0.0,0.0,0.0,0.0,0.0,0.0,0.0,0.0,10.316002946851462,20.727960353310877
2011-03-10,58.909010432635476,0.0,0.0,0.0,0.0,0.0,15.693506334085624,13.942409498487562,0.0,0.0,11.455073734791336
2011-03-11,85.23848911341841,0.0,0.0,0.0,0.0,0.0,0.0,0.0,0.0,0.0,14.761510886581592
2011-03-14,50.65870456073453,37.367846951276746,0.0,0.0,0.0,0.0,0.0,0.0,0.0,0.0,11.973448487988728
2011-03-15,31.38021796364309,23.134457110737806,0.0,30.928288872419646,0.0,0.0,0.0,0.0,0.0,0.0,14.557036053199454
2011-03-16,43.85300421452617,32.298867598837255,0.0,0.0,0.0,0.0,0.0,0.0,0.0,6.535737694915826,17.312390491720745
2011-03-17,35.6621373992251,26.33543176900679,0.0,0.0,0.0,0.0,9.417630826593575,9.07800114150058,0.0,0.0,19.50679886367395
2011-03-18,65.20667778142976,0.0,0.0,0.0,0.0,0.0,0.0,17.0151803672727,0.0,0.0,17.778141851297555
2011-03-21,43.56768050606738,32.1416247525733,0.0,0.0,0.0,0.0,0.0,11.563657092401018,0.0,0.0,12.727037648958301
2011-03-22,0.0,71.19912330527539,0.0,0.0,0.0,0.0,25.45215385188562,0.0,0.0,0.0,3.3487228428389906
2011-03-23,21.486619347319667,0.0,0.0,0.0,0.0,0.0,0.0,5.763350011130815,0.0,3.094192715451559,69.65583792609796
2011-03-24,0.0,67.73125267858249,0.0,0.0,0.0,0.0,0.0,0.0,0.0,13.163171117748842,19.10557620366866
2011-03-25,12.971232191902699,9.535846202500386,74.34751511378953,0.0,0.0,0.0,0.0,0.0,0.0,1.8420256176005778,1.3033808742068036
2011-03-28,43.39088228367058,31.894776529623947,0.0,0.0,0.0,0.0,11.401983987363304,0.0,0.0,6.141346988728659,7.171010210613513
2011-03-29,49.62674896198002,36.4879639960766,0.0,0.0,0.0,0.0,0.0,0.0,0.0,6.939853067764931,6.945433974178448
2011-03-30,0.0,28.874998163766413,0.0,0.0,0.0,0.0,10.250049134029538,9.154292028940745,0.0,0.0,51.7206606732633
2011-03-31,0.0,0.0,0.0,0.0,0.0,0.0,73.39012915551922,0.0,0.0,0.0,26.60987084448078
2011-04-01,28.23086291865802,20.718386016928395,0.0,27.77511522676373,0.0,2.30679806816838,7.307500757617914,6.581349724886826,0.0,0.0,7.079987286976737
2011-04-04,52.024040219802345,38.21676732078523,0.0,0.0,0.0,0.0,0.0,0.0,0.0,7.184131182762418,2.575061276649996
2011-04-06,0.0,51.86810146305834,0.0,0.0,0.0,5.825324570434128,0.0,16.552402544108137,0.0,9.714169867628977,16.04000155477042
2011-04-07,9.88823096793686,7.262627707165395,37.056951207293686,9.722255544339696,0.8236636920544426,0.0,0.0,0.0,0.0,1.3554072042777456,33.89086367693218
2011-04-08,49.44756008315099,36.21004745737536,0.0,0.0,0.0,0.0,0.0,0.0,0.0,6.688853892745134,7.653538566728516
2011-04-11,15.369122249430589,11.226622884356454,57.59848652744807,0.0,0.0,1.2535047925509073,3.9785135548659394,0.0,0.0,2.0835611274688928,8.490188863879155
2011-04-12,0.0,0.0,0.0,84.19824038157343,7.175078457864964,0.0,0.0,0.0,0.0,0.0,8.626681160561608
2011-04-13,9.217432167605393,7.055112629726796,34.52491016674627,9.001446610745301,0.8062463874954598,0.0,2.377259527788301,0.0,0.0,1.2470628190215927,35.77052969087089
2011-04-14,24.537295048372044,18.11575342505716,0.0,23.88408642191411,0.0,0.0,6.306942709623561,0.0,0.0,3.3163824177890793,23.839539977244048
2011-04-15,38.879459862922374,28.745597492549535,0.0,0.0,0.0,3.2194359846905747,9.986888884871492,0.0,0.0,5.24641151801777,13.922206256948247
2011-04-18,16.82960278162031,12.436297726195757,63.12459255471382,0.0,0.0,1.40731639775055,0.0,0.0,0.0,2.2660673258519766,3.9361232138675852
2011-04-19,34.033424011826064,25.058742921845102,0.0,33.12529950801714,0.0,0.0,0.0,0.0,0.0,0.0,7.782533558311696
2011-04-20,0.0,61.19379821382156,0.0,0.0,0.0,0.0,0.0,0.0,0.0,11.049760209761248,27.7564415764172
2011-04-21,47.65670560751514,35.07486021304401,0.0,0.0,4.183159315564257,0.0,0.0,11.176900056274553,0.0,0.0,1.9083748076020366
2011-04-26,31.20968520866218,22.982303412044537,0.0,30.380922674252563,0.0,0.0,0.0,0.0,0.0,4.12157149756703,11.305517207473688
2011-04-27,0.0,30.09293311037765,0.0,39.99960543499224,0.0,0.0,10.529990504937356,0.0,0.0,5.394247920136063,13.98322302955669
2011-04-28,43.17752766960032,31.597663589352038,0.0,0.0,3.931937199543901,0.0,11.023358771295166,0.0,0.0,0.0,10.269512770208568
2011-04-29,49.51594263018296,36.18139360581109,0.0,0.0,0.0,0.0,0.0,0.0,0.0,0.0,14.302663764005949
2011-05-03,45.20251579365404,32.98950183741321,0.0,0.0,0.0,0.0,11.38526584614079,0.0,0.0,0.0,10.422716522791966
2011-05-04,40.977401442349354,0.0,0.0,39.71544980865775,3.6539100839591847,0.0,10.308993316827799,0.0,0.0,0.0,5.344245348205912
2011-05-05,53.57807703532309,39.00653647746207,0.0,0.0,0.0,0.0,0.0,0.0,0.0,0.0,7.415386487214833
2011-05-06,50.26465806855537,36.52879261117357,0.0,0.0,0.0,0.0,0.0,0.0,0.0,0.0,13.206549320271058
2011-05-09,0.0,0.0,0.0,0.0,0.0,0.0,0.0,0.0,0.0,0.0,100.0
2011-05-11,50.04330361027011,36.343906524732255,0.0,0.0,0.0,0.0,12.549061644959858,0.0,0.0,0.0,1.0637282200377793
2011-05-12,55.65685731822089,40.3664338775226,0.0,0.0,0.0,0.0,0.0,0.0,0.0,0.0,3.9767088042565137
2011-05-13,0.0,81.11377691677222,0.0,0.0,0.0,0.0,0.0,0.0,0.0,0.0,18.886223083227776
2011-05-16,59.39609934610891,0.0,0.0,0.0,0.0,0.0,14.8170731818072,0.0,0.0,7.665533810044534,18.121293662039356
2011-05-17,89.40987311997067,0.0,0.0,0.0,0.0,0.0,0.0,0.0,0.0,0.0,10.590126880029326
2011-05-18,33.67000808596968,24.30526132945185,0.0,32.37358799577814,0.0,0.0,0.0,0.0,0.0,0.0,9.651142588800335
2011-05-19,85.12073158020227,0.0,0.0,0.0,0.0,0.0,0.0,0.0,0.0,10.995584201991385,3.8836842178063433
2011-05-20,32.760572542650856,23.580702822679257,0.0,31.487552335750646,0.0,0.0,0.0,0.0,0.0,4.28892670755216,7.882245591367077
2011-05-23,50.55230851133514,36.3440378841579,0.0,0.0,0.0,4.07049259116536,0.0,0.0,0.0,6.768235231080433,2.2649257822611624
2011-05-24,0.0,0.0,0.0,0.0,0.0,29.064834979975974,0.0,0.0,0.0,0.0,70.93516502002403
2011-05-25,0.0,0.0,0.0,0.0,0.0,0.0,0.0,0.0,0.0,37.68973560277105,62.31026439722895
2011-05-26,31.57141403460309,22.632819650597668,0.0,30.393512467128875,0.0,0.0,7.772342981825385,0.0,0.0,4.67008497208764,2.959825893757345
2011-05-27,0.0,56.163449251403144,0.0,0.0,0.0,0.0,19.249890822294255,0.0,0.0,11.767595257912058,12.819064668390546
2011-05-30,41.82534746153083,29.749246398019952,0.0,0.0,3.6634374494363393,0.0,0.0,9.792763581337283,0.0,0.0,14.96920510967559
2011-05-31,45.25973104341342,32.0966936517159,0.0,0.0,0.0,0.0,0.0,0.0,0.0,6.841887253686775,15.80168805118391
2011-06-01,20.204628483237414,0.0,73.98271545879265,0.0,0.0,0.0,0.0,0.0,0.0,0.0,5.812656057969935
2011-06-02,0.0,84.7195517178023,0.0,0.0,0.0,0.0,0.0,0.0,0.0,0.0,15.280448282197687
2011-06-03,50.84286407825861,35.92964307074521,0.0,0.0,0.0,0.0,0.0,0.0,0.0,7.5288720733657515,5.698620777630441
2011-06-07,49.58072766847479,35.05256995623018,0.0,0.0,0.0,0.0,0.0,0.0,0.0,7.3075439179410004,8.059158457354025
2011-06-08,42.00502777818417,29.45399199311312,0.0,0.0,0.0,0.0,0.0,9.892211250949504,0.0,0.0,18.6487689777532
2011-06-09,41.9090430726709,29.446356012021063,0.0,0.0,0.0,3.3937884033531525,0.0,9.96440184646416,0.0,0.0,15.286410665490726
2011-06-10,0.0,53.31533072838299,0.0,0.0,0.0,0.0,0.0,18.07188246840874,0.0,11.054374452851329,17.55841235035694
2011-06-13,0.0,45.62904862113236,0.0,0.0,0.0,5.463888135726118,0.0,15.652427459798506,0.0,9.440867688620637,23.813768094722377
2011-06-14,0.0,53.30066440079766,0.0,0.0,0.0,6.651725838350912,0.0,18.60086875006263,0.0,10.812465210387773,10.63427580040102
2011-06-15,31.08562056148022,21.921426584940832,0.0,29.607286801994874,0.0,2.7534988776964475,0.0,7.671917553565177,0.0,0.0,6.960249620322451
2011-06-16,33.044438884937584,23.30603552734799,0.0,31.495179562665506,0.0,2.9629890466157285,0.0,8.222919890064947,0.0,0.0,0.9684370883682499
2011-06-17,16.729164526522002,11.699630165643812,60.66455243807768,0.0,0.0,1.498603153109632,4.030325104913233,0.0,0.0,2.3347456234034407,3.0429789883301988
2011-06-20,39.725186807798075,27.697937057611604,0.0,0.0,0.0,0.0,9.533979622431618,9.878905178477485,0.0,0.0,13.163991333681217
2011-06-21,31.520039440858177,21.93964263390641,0.0,29.71179932918135,2.4523363181206634,0.0,0.0,8.18482419046042,0.0,0.0,6.191358087472983
2011-06-22,18.832041754445246,13.049115743494285,0.0,0.0,0.0,1.754717578136411,4.498436682196445,0.0,0.0,2.6085228948247385,59.25716534690287
2011-06-23,45.49917677234806,31.65027857451708,0.0,0.0,0.0,0.0,0.0,11.91389604499614,0.0,0.0,10.936648608138725
2011-06-24,0.0,61.85512122073333,0.0,0.0,0.0,0.0,0.0,23.45896506446378,0.0,12.072492845843573,2.6134208689593135
2011-06-27,20.435993555398575,14.234734219569065,0.0,0.0,0.0,0.0,0.0,5.42874544514505,0.0,0.0,59.90052677988731
2011-06-28,16.639243872672022,11.560995662018854,0.0,15.730345479393456,0.0,1.7111483090022357,0.0,4.432367735852536,0.0,0.0,49.92589894106089
2011-06-29,13.364300748865723,9.054427210488,0.0,12.3677081129588,1.0217632402753967,1.357474630941447,3.1337412214416207,3.7340278867907952,0.0,1.7312494271934402,54.235307521044774
2011-06-30,13.97555037698547,9.27634394912727,0.0,12.795981706348552,0.0,1.6786406387464643,0.0,3.669300836561947,0.0,1.779699837310279,56.82448265492002
2011-07-04,10.244519101334376,6.726096445839412,35.75670219861553,9.320552314074144,0.0,0.0,2.2993557636174504,2.76191033516518,0.0,1.2945994105867924,31.596264430767114
2011-07-05,39.98886307131636,26.193879077102185,0.0,0.0,0.0,4.929467218975281,8.719254381776022,10.842867150371378,0.0,0.0,9.32566910045878
2011-07-06,14.053444429680406,9.381636822451313,50.0291995758267,13.036719456387132,0.0,1.8159388365069709,3.2111757181346006,3.9050057680755574,0.0,0.0,4.566879392937327
2011-07-07,15.810778033824139,10.639978467921464,0.0,14.744605796149365,0.0,0.0,0.0,4.465449287672167,0.0,2.0421887932165856,52.29699962121628
2011-07-08,32.68679974416139,22.081962779942206,0.0,0.0,0.0,4.222560149768788,7.533393853796285,9.353024437092898,0.0,0.0,24.12225903523843
2011-07-11,0.0,37.049726694260876,0.0,0.0,0.0,7.126496220324979,0.0,15.723784261792023,0.0,7.1098501693608,32.99014265426132
2011-07-12,15.697324492906459,10.579594845570387,0.0,14.666275860809922,0.0,2.057622426372797,0.0,0.0,0.0,2.0285258547224982,54.97065651961793
2011-07-13,0.0,0.0,0.0,0.0,0.0,4.03777835441666,6.943010966841879,0.0,0.0,0.0,89.01921067874147
2011-07-14,34.41826447859228,23.10888778668392,0.0,0.0,0.0,4.55414269812195,0.0,9.83214521537,0.0,4.418408817567365,23.668151003664487
2011-07-15,66.93511342476073,0.0,0.0,0.0,0.0,0.0,0.0,0.0,0.0,8.588650646894965,24.47623592834431
2011-07-18,0.0,26.24882256696831,0.0,36.42617294423473,0.0,0.0,8.901778073077182,0.0,0.0,0.0,28.42322641571978
2011-07-19,0.0,42.60123026558793,0.0,0.0,0.0,0.0,14.454121486715598,18.204162322356375,0.0,0.0,24.740485925340096
2011-07-20,20.229719222443183,13.738052936852341,0.0,0.0,0.0,0.0,0.0,0.0,0.0,0.0,66.03222784070446
2011-07-21,20.227211803698996,0.0,0.0,0.0,0.0,0.0,0.0,0.0,0.0,2.6311710637672885,77.14161713253371
2011-07-22,14.656935891923903,9.956510628132381,0.0,13.84715799302874,0.0,0.0,0.0,4.2656872438008895,0.0,0.0,57.273708243114086
2011-07-25,0.0,58.193005769942296,0.0,0.0,0.0,0.0,0.0,0.0,0.0,0.0,41.806994230057704
2011-07-26,0.0,65.72586858684708,0.0,0.0,0.0,0.0,0.0,0.0,0.0,0.0,34.274131413152915
2011-07-27,44.35957673785018,30.12165263283834,0.0,0.0,0.0,0.0,0.0,0.0,0.0,5.774426175999167,19.744344453312316
2011-07-28,0.0,0.0,0.0,0.0,0.0,0.0,0.0,0.0,0.0,0.0,100.0
2011-07-29,18.309259448260036,12.427493580770479,0.0,0.0,0.0,0.0,0.0,0.0,0.0,0.0,69.26324697096949
2011-08-01,40.20413800939397,27.269586790514637,0.0,0.0,0.0,0.0,9.297921044746124,11.751963256448121,0.0,0.0,11.476390898897145
2011-08-02,0.0,0.0,0.0,0.0,0.0,0.0,0.0,0.0,0.0,0.0,100.0
2011-08-03,7.82963684454558,5.200066131656639,27.94660369735465,0.0,0.0,1.047302463018454,1.7775544552104203,0.0,0.0,0.0,56.19883640821426
2011-08-04,0.0,0.0,0.0,0.0,0.0,32.08861402278536,53.61177550624022,0.0,0.0,0.0,14.29961047097442
2011-08-05,73.23097388105889,0.0,0.0,0.0,0.0,0.0,0.0,0.0,0.0,0.0,26.76902611894111
2011-08-08,0.0,69.92629750076304,0.0,0.0,0.0,14.443791821838015,0.0,0.0,0.0,13.480676252931461,2.1492344244674886
2011-08-09,16.335543811644804,10.763397613049193,0.0,0.0,0.0,0.0,3.6769237658645406,0.0,0.0,2.044381966484751,67.17975284295672
2011-08-10,12.611669936382194,8.296406942112581,0.0,11.590611841790757,0.96642297331448,1.7177476953945892,2.8629982911739,3.612049275127334,0.0,1.5684748754248772,56.773618169279295
2011-08-11,15.23108062660366,9.956729296918402,0.0,0.0,1.164303707665444,2.0774100030470777,0.0,4.32516995941372,0.0,1.8964744700236513,65.34883193632805
2011-08-12,37.43192089707236,24.48404804503254,0.0,0.0,0.0,0.0,8.449601654747891,10.699815311238648,0.0,4.7284153374738125,14.206198754434752
2011-08-15,25.79346577964174,16.925194144175904,0.0,23.390801824643333,1.9828558039585602,3.5993568050042883,0.0,7.461428817195433,0.0,3.2951232792716314,17.55177354610911
2011-08-16,10.696541111210367,6.95500514717774,0.0,9.566499256806054,0.0,0.0,0.0,12.866496529053942,0.0,0.0,59.915457955751904
2011-08-17,17.88350332765146,11.60660419859864,0.0,0.0,0.0,2.478542428246399,3.9907548613179293,0.0,0.0,0.0,64.04059518418558
2011-08-18,18.643637460635944,12.079214239766348,0.0,0.0,0.0,0.0,0.0,0.0,0.0,0.0,69.2771482995977
2011-08-19,0.0,14.726735604937643,0.0,0.0,0.0,0.0,0.0,0.0,0.0,2.8175376926197466,82.4557267024426
2011-08-22,0.0,0.0,0.0,0.0,0.0,0.0,0.0,0.0,0.0,0.0,100.0
2011-08-23,80.70662114919142,0.0,0.0,0.0,0.0,0.0,17.863613210301573,0.0,0.0,0.0,1.4297656405070054
2011-08-24,21.537054407985753,0.0,0.0,0.0,0.0,0.0,0.0,0.0,0.0,0.0,78.46294559201425
2011-08-25,0.0,0.0,0.0,0.0,0.0,0.0,0.0,0.0,0.0,46.69671935667583,53.303280643324165
2011-08-26,18.73229722869193,12.105415401547445,0.0,0.0,0.0,0.0,4.1300494568893535,22.95810514018833,0.0,0.0,42.074132772682944
2011-08-29,19.06121241172704,12.294637309150957,0.0,0.0,0.0,0.0,0.0,0.0,0.0,0.0,68.64415027912202
2011-08-30,99.07444337761939,0.0,0.0,0.0,0.0,0.0,0.0,0.0,0.0,0.0,0.9255566223806069
2011-08-31,0.0,0.0,86.93899020481511,0.0,1.8827327872789754,0.0,5.494479212830106,0.0,0.0,0.0,5.683797795075801
2011-09-01,17.04934009354441,0.0,59.14895105233748,15.071255596280322,0.0,0.0,3.7348744125903672,0.0,0.0,2.1096512058040573,2.885927639443361
2011-09-02,0.0,86.17628047629732,0.0,0.0,0.0,0.0,0.0,0.0,0.0,0.0,13.82371952370268
2011-09-05,0.0,0.0,0.0,0.0,0.0,0.0,0.0,0.0,0.0,0.0,100.0
2011-09-06,0.0,12.895115617342459,0.0,17.721456413655947,0.0,0.0,0.0,0.0,0.0,0.0,69.38342796900159
2011-09-07,88.78906629830513,0.0,0.0,0.0,0.0,0.0,0.0,0.0,0.0,10.993438000724336,0.21749570097052842
2011-09-09,0.0,0.0,0.0,0.0,0.0,0.0,78.86876969726005,0.0,0.0,0.0,21.131230302739947
2011-09-12,48.9607255922164,31.593003833882122,0.0,0.0,3.686377550915973,0.0,0.0,0.0,0.0,0.0,15.759893022985509
2011-09-14,0.0,14.779309455435943,0.0,0.0,0.0,0.0,5.046999370808237,0.0,0.0,0.0,80.17369117375581
2011-09-15,15.245620088578606,9.863477887267518,52.976080422160074,13.572155601891314,0.0,0.0,3.3633481402739487,0.0,0.0,0.0,4.979317859828532
2011-09-16,0.0,49.640090546865,0.0,0.0,0.0,0.0,16.89266873264891,0.0,0.0,9.519106965633576,23.94813375485252
2011-09-19,45.00550054871238,29.182751856925616,0.0,0.0,0.0,0.0,9.870200662035801,0.0,0.0,0.0,15.941546932326212
2011-09-20,0.0,0.0,48.05110322621758,0.0,0.0,0.0,0.0,0.0,0.0,0.0,51.948896773782415
2011-09-21,24.109724259988514,15.658124608943613,0.0,21.504709867282315,0.0,0.0,5.277589194690943,29.5808242172577,0.0,3.0344891609495943,0.834538690887318
2011-09-23,0.0,98.5785978014739,0.0,0.0,0.0,0.0,0.0,0.0,0.0,0.0,1.4214021985260978
2011-09-26,42.83092876624522,27.832204405741773,0.0,0.0,0.0,0.0,9.356943495076754,0.0,0.0,0.0,19.979923332936252
2011-09-27,0.0,0.0,0.0,0.0,0.0,0.0,0.0,0.0,0.0,0.0,100.0
2011-09-28,47.389097977098416,30.808366286168177,0.0,0.0,3.506784442152542,0.0,0.0,0.0,0.0,0.0,18.295751294580864
2011-09-30,0.0,35.777728947724064,0.0,49.175216163988786,0.0,0.0,0.0,0.0,0.0,0.0,15.047054888287146
2011-10-03,22.3812787208884,14.507116689319394,0.0,20.055798848505564,0.0,0.0,0.0,27.443170537867996,0.0,0.0,15.612635203418648
2011-10-04,13.222602936335717,8.509758911965639,0.0,11.875170530251625,0.0,0.0,2.8697007633698433,16.16071445006544,0.0,1.6550351937772039,45.70701721423453
2011-10-06,51.873101442775834,32.59836390074335,0.0,0.0,3.6244320361244453,0.0,0.0,0.0,0.0,0.0,11.90410262035637
2011-10-07,9.733740963311293,5.830499466496213,31.8167436396436,8.224963935239678,0.0,1.237150003228748,1.979781144329276,0.0,0.0,1.1465343658176153,40.03058648193357
2011-10-10,0.0,0.0,0.0,88.22022198003474,0.0,0.0,0.0,0.0,0.0,0.0,11.779778019965258
2011-10-11,53.03287000446137,0.0,0.0,44.93852560242747,0.0,0.0,0.0,0.0,0.0,0.0,2.0286043931111593
2011-10-13,32.629669195887026,19.805944707741308,0.0,27.77529019426962,0.0,0.0,0.0,0.0,0.0,0.0,19.78909590210205
2011-10-14,18.68478221871487,0.0,0.0,16.026255964065346,0.0,0.0,0.0,0.0,0.0,0.0,65.2889618172198
2011-10-17,46.541939718982775,28.37428783945468,0.0,0.0,3.110969965756864,0.0,0.0,0.0,0.0,5.374265778123294,16.598536697682388
2011-10-18,46.38876593133536,0.0,0.0,39.994092585346614,0.0,0.0,9.517826171089428,0.0,0.0,0.0,4.099315312228605
2011-10-19,0.0,0.0,0.0,0.0,0.0,0.0,0.0,0.0,0.0,0.0,100.0
2011-10-20,0.0,0.0,0.0,97.53674924684091,0.0,0.0,0.0,0.0,0.0,0.0,2.4632507531590875
2011-10-21,0.0,0.0,78.93272558435174,20.74650047797864,0.0,0.0,0.0,0.0,0.0,0.0,0.3207739376696162
2011-10-24,33.566376086150754,20.049770489124114,0.0,28.90420483929981,0.0,0.0,6.802648931562745,0.0,0.0,0.0,10.67699965386258
2011-10-25,96.09126677583447,0.0,0.0,0.0,0.0,0.0,0.0,0.0,0.0,0.0,3.908733224165526
2011-10-26,18.454761209616013,10.88811125008821,0.0,0.0,1.1568105288309527,0.0,0.0,0.0,0.0,0.0,69.50031701146483
2011-10-27,18.719826686858504,0.0,0.0,15.885444877122582,1.128662289693726,0.0,0.0,0.0,0.0,0.0,64.26606614632519
2011-10-28,36.54236353976476,21.32267529900024,0.0,30.87182550679246,0.0,0.0,0.0,0.0,0.0,4.2574119489962765,7.0057237054462576
2011-10-31,0.0,0.0,0.0,0.0,0.0,0.0,0.0,0.0,0.0,0.0,100.0
2011-11-01,71.72978246720312,0.0,0.0,0.0,0.0,0.0,0.0,0.0,0.0,8.038501394262003,20.231716138534864
2011-11-02,52.493161601730044,30.500002090096217,0.0,0.0,0.0,0.0,0.0,0.0,0.0,0.0,17.00683630817373
2011-11-03,19.664841723767175,11.400507789366797,62.47834330433481,0.0,1.1703466024775127,0.0,0.0,0.0,0.0,0.0,5.285960580053704
2011-11-04,43.242843241303255,24.74728743389113,0.0,0.0,0.0,0.0,0.0,0.0,0.0,0.0,32.00986932480561
2011-11-07,89.43420726230138,0.0,0.0,0.0,0.0,0.0,0.0,0.0,0.0,0.0,10.565792737698619
2011-11-08,0.0,99.07933907090306,0.0,0.0,0.0,0.0,0.0,0.0,0.0,0.0,0.9206609290969411
2011-11-09,89.27942669778186,0.0,0.0,0.0,0.0,0.0,0.0,0.0,0.0,0.0,10.720573302218138
2011-11-10,63.068758428870744,36.005261732794835,0.0,0.0,0.0,0.0,0.0,0.0,0.0,0.0,0.9259798383344249
2011-11-11,44.99785654429117,0.0,0.0,0.0,0.0,0.0,0.0,49.542017214182636,0.0,4.629276689063548,0.8308495524626397
2011-11-14,0.0,59.72590372930288,0.0,0.0,0.0,0.0,0.0,0.0,0.0,9.848549328592181,30.425546942104944
2011-11-15,0.0,95.73317060609405,0.0,0.0,0.0,0.0,0.0,0.0,0.0,0.0,4.266829393905951
2011-11-17,0.0,94.76066604661213,0.0,0.0,0.0,0.0,0.0,0.0,0.0,0.0,5.239333953387874
2011-11-18,20.382476665220832,11.64639615582885,0.0,0.0,0.0,0.0,0.0,0.0,0.0,0.0,67.97112717895033
2011-11-21,99.76111492653227,0.0,0.0,0.0,0.0,0.0,0.0,0.0,0.0,0.0,0.23888507346772914
2011-11-22,0.0,0.0,99.5335186506955,0.0,0.0,0.0,0.0,0.0,0.0,0.0,0.46648134930450885
2011-11-24,0.0,14.983879116824763,0.0,0.0,0.0,0.0,0.0,0.0,0.0,0.0,85.01612088317525
2011-11-25,0.0,11.782621473890927,0.0,0.0,0.0,0.0,0.0,22.54988633117589,0.0,0.0,65.66749219493317
2011-11-28,0.0,0.0,0.0,0.0,0.0,0.0,0.0,0.0,0.0,0.0,100.0
2011-11-29,0.0,96.03030346141604,0.0,0.0,0.0,0.0,0.0,0.0,0.0,0.0,3.9696965385839578
2011-11-30,0.0,97.40730297912008,0.0,0.0,0.0,0.0,0.0,0.0,0.0,0.0,2.592697020879929
2011-12-01,0.0,20.528330220321486,0.0,29.91895411834141,0.0,0.0,7.0292851861204095,39.675779461953894,0.0,0.0,2.8476510132627957
2011-12-02,0.0,0.0,0.0,0.0,0.0,0.0,0.0,0.0,0.0,0.0,100.0
2011-12-05,0.0,57.39037090491846,0.0,0.0,0.0,0.0,19.636337611347184,0.0,0.0,0.0,22.97329148373436
2011-12-06,0.0,99.74515062948407,0.0,0.0,0.0,0.0,0.0,0.0,0.0,0.0,0.25484937051593576
2011-12-07,55.87102619414459,31.644258180952846,0.0,0.0,3.258163590440007,0.0,0.0,0.0,0.0,0.0,9.226552034462555
2011-12-08,0.0,0.0,0.0,0.0,0.0,0.0,13.74162280341239,77.50860580610401,0.0,6.680670264386265,2.069101126097332
2011-12-09,0.0,0.0,0.0,0.0,0.0,0.0,0.0,0.0,0.0,0.0,100.0
2011-12-12,0.0,0.0,0.0,0.0,25.95138343343082,0.0,0.0,0.0,0.0,0.0,74.04861656656917
2011-12-13,99.29421163675565,0.0,0.0,0.0,0.0,0.0,0.0,0.0,0.0,0.0,0.7057883632443537
2011-12-14,0.0,0.0,99.2653274584447,0.0,0.0,0.0,0.0,0.0,0.0,0.0,0.7346725415552883
2011-12-15,35.54975076786994,20.196185806530462,0.0,0.0,2.0896870038712625,0.0,0.0,39.06750179347033,0.0,0.0,3.09687462825801
2011-12-16,47.56901862580737,0.0,0.0,0.0,0.0,0.0,0.0,52.281104276663,0.0,0.0,0.1498770975296378
2011-12-19,0.0,0.0,0.0,0.0,0.0,0.0,0.0,0.0,0.0,0.0,100.0
2011-12-20,0.0,0.0,0.0,0.0,0.0,0.0,0.0,0.0,0.0,0.0,100.0
2011-12-21,0.0,0.0,0.0,0.0,0.0,0.0,0.0,0.0,0.0,0.0,100.0
2011-12-23,0.0,0.0,0.0,0.0,0.0,0.0,0.0,0.0,0.0,0.0,100.0
2011-12-28,0.0,0.0,0.0,0.0,0.0,0.0,0.0,0.0,0.0,0.0,100.0
2011-12-29,0.0,39.18009963431272,0.0,57.11808251633327,0.0,0.0,0.0,0.0,0.0,0.0,3.7018178493540095
2012-01-04,0.0,0.0,0.0,0.0,0.0,0.0,0.0,0.0,0.0,0.0,100.0
2012-01-05,0.0,0.0,0.0,0.0,4.259172761344925,0.0,14.154701816787643,79.83787825842195,0.0,0.0,1.7482471634454817
2012-01-06,72.42976856665888,0.0,0.0,0.0,0.0,8.899149557409915,0.0,0.0,0.0,0.0,18.6710818759312
2012-01-09,0.0,0.0,0.0,0.0,0.0,0.0,0.0,0.0,0.0,0.0,100.0
2012-01-10,92.41610330549949,0.0,0.0,0.0,0.0,0.0,0.0,0.0,0.0,0.0,7.583896694500518
2012-01-11,35.98965107199699,20.45992565281809,0.0,0.0,0.0,0.0,0.0,39.55158693912953,0.0,0.0,3.998836336055395
2012-01-12,0.0,73.50361900334468,0.0,0.0,0.0,0.0,25.189010422258573,0.0,0.0,0.0,1.3073705743967492
2012-01-13,0.0,33.25096680011898,0.0,48.44932918733766,0.0,0.0,11.391385662220157,0.0,0.0,0.0,6.908318350323199
2012-01-16,0.0,73.09705193795446,0.0,0.0,0.0,0.0,0.0,0.0,0.0,12.356786111682853,14.546161950362684
2012-01-17,57.627579091203415,32.67861623057588,0.0,0.0,3.370892484940736,0.0,0.0,0.0,0.0,0.0,6.322912193279967
2012-01-18,0.0,0.0,0.0,0.0,0.0,0.0,0.0,0.0,0.0,0.0,100.0
2012-01-19,0.0,0.0,0.0,0.0,0.0,0.0,0.0,0.0,0.0,0.0,100.0
2012-01-20,0.0,0.0,0.0,0.0,0.0,0.0,0.0,86.98446631208981,0.0,0.0,13.01553368791019
2012-01-26,0.0,0.0,0.0,0.0,0.0,0.0,0.0,98.21709148251561,0.0,0.0,1.7829085174843802
2012-01-27,0.0,15.013816069614915,0.0,0.0,1.5564885793509962,0.0,0.0,0.0,0.0,0.0,83.4296953510341
2012-01-30,62.365823523187245,35.348172743608544,0.0,0.0,0.0,0.0,0.0,0.0,0.0,0.0,2.286003733204213
2012-01-31,0.0,0.0,0.0,0.0,0.0,0.0,0.0,0.0,0.0,0.0,100.0
2012-02-01,0.0,0.0,99.57901540212886,0.0,0.0,0.0,0.0,0.0,0.0,0.0,0.4209845978711437
2012-02-02,89.11015443777943,0.0,0.0,0.0,0.0,0.0,0.0,0.0,0.0,0.0,10.88984556222057
2012-02-03,0.0,13.819686357045299,0.0,0.0,0.0,0.0,4.745902513634969,0.0,0.0,0.0,81.43441112931973
2012-02-06,55.837946391143475,31.723633032929026,0.0,0.0,0.0,0.0,0.0,0.0,0.0,0.0,12.438420575927493
2012-02-07,0.0,0.0,0.0,0.0,0.0,0.0,0.0,0.0,0.0,0.0,100.0
2012-02-08,24.246207360423426,0.0,0.0,0.0,0.0,0.0,0.0,0.0,0.0,0.0,75.75379263957657
2012-02-09,90.46596927845141,0.0,0.0,0.0,0.0,0.0,0.0,0.0,0.0,8.684472549705001,0.8495581718435956
2012-02-10,19.384947049979065,11.010746009377977,0.0,0.0,0.0,0.0,3.756446275472267,0.0,0.0,0.0,65.8478606651707
2012-02-13,0.0,28.663770231726517,0.0,41.86442552397335,3.0434605995088977,0.0,0.0,0.0,0.0,4.858689817577791,21.569653827213447
2012-02-14,0.0,82.0366430625833,0.0,0.0,0.0,0.0,0.0,0.0,0.0,13.934858286602825,4.028498650813878
2012-02-15,50.73409983029564,0.0,0.0,42.20118439032698,0.0,0.0,0.0,0.0,0.0,0.0,7.064715779377375
2012-02-16,59.88865302788597,34.18789240061073,0.0,0.0,0.0,0.0,0.0,0.0,0.0,5.764847159066051,0.15860741243725454
2012-02-17,28.85145859611163,16.473960852058102,0.0,0.0,0.0,0.0,5.552804934997167,31.67993873630437,0.0,0.0,17.441836880528733
2012-02-20,27.20995429790002,15.350158673498408,0.0,0.0,0.0,3.3690451541515003,5.203113189866547,29.640578461881283,0.0,2.5882263860378036,16.63892383666444
2012-02-21,25.51124488623343,14.450099346521927,0.0,21.09202080674653,1.6717576781941987,0.0,0.0,27.912952753077303,0.0,0.0,9.36192452922661
2012-02-22,19.220456174609733,10.829513144402409,0.0,0.0,0.0,0.0,3.6589559415484465,0.0,0.0,0.0,66.29107473943941
2012-02-23,31.85061486860741,17.923790943791843,0.0,0.0,2.0666002899099256,0.0,0.0,34.68052483543608,0.0,3.073364827572598,10.405104234682142
2012-02-24,0.0,62.1986937661047,0.0,0.0,0.0,0.0,0.0,0.0,0.0,10.750780324374006,27.050525909521298
2012-02-27,16.605202177708314,9.351078165485124,0.0,13.65750223987581,1.0649401223220607,2.133183056066105,0.0,0.0,0.0,1.6278058119136387,55.56028842662895
2012-02-28,47.9348473521616,0.0,0.0,39.52850929030402,0.0,0.0,9.129027480247322,0.0,0.0,0.0,3.4076158772870593
2012-02-29,0.0,43.86694993271326,0.0,0.0,5.190379172176362,10.088627554491223,14.790705523732495,0.0,0.0,7.614032715634411,18.449305101252246
2012-03-01,0.0,55.031251780314264,0.0,0.0,6.725374952066411,12.699246789812893,0.0,0.0,0.0,0.0,25.544126477806444
2012-03-02,19.099194939534037,10.738690932760646,59.14598938827533,0.0,1.3392345630380549,2.4917915850912893,0.0,0.0,0.0,0.0,7.185098591300642
2012-03-05,35.01518798900278,19.693923684941577,0.0,28.876815458845556,2.5598433365095388,0.0,0.0,0.0,0.0,3.415388334779792,10.438841195920755
2012-03-06,79.84858800885567,0.0,0.0,0.0,0.0,0.0,15.166227363514114,0.0,0.0,0.0,4.98518462763021
2012-03-07,0.0,80.58959067118558,0.0,0.0,0.0,18.64513050710041,0.0,0.0,0.0,0.0,0.7652788217140192
2012-03-08,32.94174745757608,18.50905832682385,0.0,0.0,0.0,0.0,0.0,36.00145437198569,0.0,3.2004886220081117,9.347251221606275
2012-03-09,53.20369708595619,29.83726014307726,0.0,0.0,0.0,0.0,0.0,0.0,0.0,0.0,16.959042770966555
2012-03-12,83.10031915821922,0.0,0.0,0.0,0.0,0.0,0.0,0.0,0.0,0.0,16.899680841780786
2012-03-14,36.647447200520105,20.54128048771672,0.0,0.0,0.0,0.0,0.0,40.03728216167191,0.0,0.0,2.7739901500912634
2012-03-15,0.0,63.16960810296259,0.0,0.0,0.0,0.0,21.298089324822488,0.0,0.0,0.0,15.53230257221492
2012-03-16,28.601439020608723,16.0912747272967,0.0,23.54055734411336,0.0,0.0,0.0,31.234298003741095,0.0,0.0,0.5324309042401167
2012-03-19,0.0,0.0,0.0,0.0,0.0,0.0,0.0,0.0,0.0,0.0,100.00000000000001
2012-03-20,0.0,87.55722082258175,0.0,0.0,0.0,0.0,0.0,0.0,0.0,0.0,12.442779177418254
2012-03-21,0.0,82.63412774624402,0.0,0.0,0.0,0.0,0.0,0.0,0.0,0.0,17.36587225375597
2012-03-22,46.671837417552865,0.0,0.0,38.33127145921933,0.0,0.0,0.0,0.0,0.0,0.0,14.996891123227805
2012-03-23,0.0,9.660955177020924,52.746745313172305,14.034866610024213,0.0,0.0,0.0,18.63103650552812,0.0,1.6512793248815338,3.27511706937291
2012-03-29,0.0,0.0,0.0,0.0,48.228391786553225,0.0,0.0,0.0,0.0,0.0,51.77160821344677
2012-03-30,0.0,0.0,0.0,0.0,0.0,0.0,0.0,99.51772232855825,0.0,0.0,0.4822776714417466
2012-04-02,0.0,0.0,0.0,0.0,0.0,0.0,0.0,0.0,0.0,0.0,100.00000000000001
2012-04-03,0.0,28.654127580601347,0.0,0.0,0.0,0.0,9.52914427640701,54.98649602922412,0.0,0.0,6.830232113767524
2012-04-05,0.0,98.95653086977403,0.0,0.0,0.0,0.0,0.0,0.0,0.0,0.0,1.0434691302259664
2012-04-10,53.99145318647314,30.587728543876384,0.0,0.0,0.0,0.0,10.170854008061822,0.0,0.0,0.0,5.249964261588657
2012-04-12,0.0,99.06514801330336,0.0,0.0,0.0,0.0,0.0,0.0,0.0,0.0,0.9348519866966365
2012-04-13,37.60507710693522,21.384751609933257,0.0,0.0,0.0,0.0,0.0,41.01017128313153,0.0,0.0,0.0
2012-04-16,0.0,0.0,0.0,0.0,0.0,0.0,47.36201251115839,0.0,0.0,0.0,52.63798748884161
2012-04-17,0.0,0.0,0.0,0.0,0.0,0.0,0.0,0.0,0.0,0.0,100.00000000000001
2012-04-18,0.0,0.0,0.0,0.0,0.0,0.0,0.0,0.0,0.0,0.0,100.0
2012-04-19,99.26377093549281,0.0,0.0,0.0,0.0,0.0,0.0,0.0,0.0,0.0,0.7362290645071908
2012-04-20,79.72294107549483,0.0,0.0,0.0,0.0,0.0,0.0,0.0,0.0,0.0,20.277058924505162
2012-04-23,0.0,0.0,0.0,0.0,0.0,0.0,0.0,0.0,0.0,0.0,100.0
2012-04-24,0.0,73.31643162076011,0.0,0.0,0.0,0.0,0.0,0.0,0.0,0.0,26.68356837923989
2012-04-25,55.29589569442751,31.439917602766233,0.0,0.0,0.0,0.0,0.0,0.0,0.0,0.0,13.26418670280626
2012-04-26,73.94083757296505,0.0,0.0,0.0,0.0,0.0,0.0,0.0,0.0,0.0,26.059162427034945
2012-04-27,0.0,0.0,0.0,0.0,0.0,0.0,0.0,0.0,0.0,0.0,100.0
2012-04-30,0.0,0.0,0.0,0.0,0.0,0.0,0.0,0.0,0.0,0.0,100.0
2012-05-02,0.0,72.47166011413911,0.0,0.0,0.0,0.0,0.0,0.0,0.0,0.0,27.528339885860884
2012-05-03,0.0,0.0,0.0,0.0,0.0,0.0,0.0,0.0,0.0,0.0,100.0
2012-05-04,0.0,0.0,0.0,0.0,0.0,0.0,0.0,0.0,0.0,0.0,100.0
2012-05-07,99.99852317308378,0.0,0.0,0.0,0.0,0.0,0.0,0.0,0.0,0.0,0.0014768269162278706
2012-05-08,24.527876336241164,0.0,0.0,0.0,0.0,0.0,0.0,0.0,0.0,0.0,75.47212366375884
2012-05-09,0.0,98.70961154821228,0.0,0.0,0.0,0.0,0.0,0.0,0.0,0.0,1.2903884517877222
2012-05-10,0.0,0.0,0.0,0.0,0.0,0.0,0.0,99.3631038034147,0.0,0.0,0.6368961965853016
2012-05-11,0.0,97.18180074488313,0.0,0.0,0.0,0.0,0.0,0.0,0.0,0.0,2.8181992551168618
2012-05-14,54.70564932746592,0.0,0.0,44.87893859417718,0.0,0.0,0.0,0.0,0.0,0.0,0.41541207835690613
2012-05-15,20.902610759148484,11.90708180918825,64.39483294386484,0.0,0.0,0.0,0.0,0.0,0.0,0.0,2.79547448779842
2012-05-16,50.12577919592144,0.0,0.0,41.01865681309141,0.0,0.0,0.0,0.0,0.0,0.0,8.85556399098715
2012-05-17,93.03469653705775,0.0,0.0,0.0,0.0,0.0,0.0,0.0,0.0,0.0,6.965303462942241
2012-05-18,0.0,0.0,0.0,0.0,0.0,0.0,0.0,0.0,0.0,0.0,99.99999999999999
2012-05-21,60.51396842990775,35.3263706865839,0.0,0.0,0.0,0.0,0.0,0.0,0.0,0.0,4.159660883508355
2012-05-22,61.34193783972521,35.79475686859543,0.0,0.0,0.0,0.0,0.0,0.0,0.0,0.0,2.8633052916793598
2012-05-23,0.0,32.58744401846364,0.0,0.0,0.0,0.0,0.0,60.601496022968945,0.0,5.374405427421623,1.4366545311457795
2012-05-24,90.49446902729252,0.0,0.0,0.0,0.0,0.0,0.0,0.0,0.0,0.0,9.505530972707472
2012-05-25,54.227709893421626,31.54217442325819,0.0,0.0,0.0,0.0,10.079765628807294,0.0,0.0,0.0,4.15035005451289
2012-05-28,99.49978873519095,0.0,0.0,0.0,0.0,0.0,0.0,0.0,0.0,0.0,0.5002112648090468
2012-05-29,98.8929386804466,0.0,0.0,0.0,0.0,0.0,0.0,0.0,0.0,0.0,1.1070613195533876
2012-05-30,45.97154938313587,0.0,0.0,0.0,0.0,0.0,0.0,49.71465636251293,0.0,0.0,4.313794254351198
2012-05-31,0.0,0.0,0.0,0.0,0.0,0.0,0.0,94.23713192828541,0.0,0.0,5.7628680717145855
2012-06-01,21.608155227282804,12.547786071048014,0.0,0.0,0.0,0.0,0.0,0.0,0.0,0.0,65.8440587016692
2012-06-04,24.872268272476777,0.0,0.0,0.0,0.0,0.0,0.0,0.0,0.0,0.0,75.12773172752323
2012-06-05,0.0,0.0,0.0,0.0,0.0,0.0,0.0,0.0,0.0,0.0,100.0
2012-06-06,37.427484293785696,21.589083474877373,0.0,0.0,0.0,0.0,0.0,40.227773502721725,0.0,0.0,0.7556587286152013
2012-06-08,0.0,0.0,0.0,0.0,0.0,0.0,0.0,0.0,0.0,0.0,100.0
2012-06-11,0.0,0.0,0.0,0.0,0.0,0.0,0.0,0.0,0.0,0.0,100.0
2012-06-12,88.6292655183676,0.0,0.0,0.0,0.0,0.0,0.0,0.0,0.0,0.0,11.370734481632399
2012-06-13,0.0,0.0,0.0,0.0,0.0,4.09835620320043,0.0,0.0,0.0,0.0,95.90164379679958
2012-06-14,31.561449092601514,0.0,0.0,25.47789275017207,0.0,4.077006088498488,0.0,33.867925393481066,0.0,0.0,5.015726675246868
2012-06-18,0.0,0.0,0.0,0.0,0.0,4.1225725147005345,0.0,0.0,0.0,0.0,95.87742748529948
2012-06-20,84.44869955568926,0.0,0.0,0.0,0.0,0.0,15.551300444310737,0.0,0.0,0.0,0.0
2012-06-21,63.54094272881227,36.45905727118774,0.0,0.0,0.0,0.0,0.0,0.0,0.0,0.0,0.0
2012-06-22,99.9977805882387,0.0,0.0,0.0,0.0,0.0,0.0,0.0,0.0,0.0,0.002219411761306048
2012-06-27,18.57653479444348,10.624527594067319,0.0,14.950357145355442,0.0,0.0,0.0,0.0,0.0,0.0,55.84858046613377
2012-07-03,63.74943647582059,36.25056352417942,0.0,0.0,0.0,0.0,0.0,0.0,0.0,0.0,0.0
2012-07-04,61.5524712960937,34.92464211884371,0.0,0.0,0.0,0.0,0.0,0.0,0.0,0.0,3.5228865850625914
2012-07-05,98.24840850898752,0.0,0.0,0.0,0.0,0.0,0.0,0.0,0.0,0.0,1.751591491012474
2012-07-06,83.04476039036301,0.0,0.0,0.0,0.0,0.0,15.114147557533178,0.0,0.0,0.0,1.8410920521038125
2012-07-10,27.30097008278145,15.430514586358177,0.0,21.9271078202958,0.0,0.0,0.0,28.985501421591103,0.0,2.5565288894956644,3.7993771994778056
2012-07-11,50.84175960572244,28.73055433742265,0.0,0.0,0.0,0.0,9.269329619580827,0.0,0.0,0.0,11.15835643727409
2012-07-12,51.89819332706708,29.263372756445204,0.0,0.0,0.0,0.0,0.0,0.0,0.0,4.932838494935729,13.905595421551991
2012-07-13,65.65644449195852,0.0,0.0,0.0,0.0,0.0,11.895496353736446,0.0,0.0,6.292983609235238,16.155075545069792
2012-07-16,68.47666038934247,0.0,0.0,0.0,4.949961645607387,0.0,12.349076186658095,0.0,0.0,0.0,14.224301778392048
2012-07-18,0.0,0.0,0.0,0.0,0.0,4.141194857967228,0.0,0.0,0.0,0.0,95.85880514203276
2012-07-19,0.0,0.0,0.0,0.0,0.0,0.0,0.0,0.0,0.0,0.0,100.0
2012-07-20,62.913179147534215,35.36167477436846,0.0,0.0,0.0,0.0,0.0,0.0,0.0,0.0,1.7251460780973267
2012-07-23,99.34556549790362,0.0,0.0,0.0,0.0,0.0,0.0,0.0,0.0,0.0,0.6544345020963839
2012-07-24,0.0,0.0,0.0,99.93382179708983,0.0,0.0,0.0,0.0,0.0,0.0,0.0661782029101761
2012-07-27,89.52749188264639,0.0,0.0,0.0,0.0,0.0,0.0,0.0,0.0,8.571286024964767,1.9012220923888514
2012-07-30,0.0,0.0,0.0,0.0,0.0,0.0,0.0,0.0,0.0,30.731095725685154,69.26890427431485
2012-07-31,0.0,84.26421944116667,0.0,0.0,0.0,0.0,0.0,0.0,0.0,14.620347531621242,1.1154330272120798
2012-08-01,33.15853032165327,0.0,0.0,26.62927429024972,0.0,0.0,0.0,35.09916076460331,0.0,3.2680312096049304,1.8450034138887703
2012-08-06,51.30500485051523,0.0,0.0,41.230864688665164,0.0,0.0,0.0,0.0,0.0,0.0,7.464130460819607
2012-08-07,51.99950493978254,0.0,0.0,41.77309167252834,3.7491658742781744,0.0,0.0,0.0,0.0,0.0,2.478237513410953
2012-08-08,0.0,0.0,0.0,0.0,0.0,0.0,0.0,0.0,0.0,0.0,100.0
2012-08-09,63.951612967404635,35.863705193814724,0.0,0.0,0.0,0.0,0.0,0.0,0.0,0.0,0.18468183878063069
2012-08-10,62.68271884685503,35.07752010417987,0.0,0.0,0.0,0.0,0.0,0.0,0.0,0.0,2.239761048965101
2012-08-13,99.49775748036438,0.0,0.0,0.0,0.0,0.0,0.0,0.0,0.0,0.0,0.5022425196356091
2012-08-14,97.10688239735441,0.0,0.0,0.0,0.0,0.0,0.0,0.0,0.0,0.0,2.8931176026455887
2012-08-16,0.0,96.47380156152691,0.0,0.0,0.0,0.0,0.0,0.0,0.0,0.0,3.5261984384730996
2012-08-17,0.0,97.12802867187811,0.0,0.0,0.0,0.0,0.0,0.0,0.0,0.0,2.8719713281218757
2012-08-20,83.39650896246997,0.0,0.0,0.0,0.0,0.0,14.974340574434986,0.0,0.0,0.0,1.6291504630950508
2012-08-21,84.13907889837726,0.0,0.0,0.0,0.0,0.0,0.0,0.0,0.0,0.0,15.86092110162274
2012-08-22,38.02410258179875,21.387676991075733,0.0,30.645744109654267,2.7481782223730566,0.0,6.854509420669755,0.0,0.0,0.0,0.3397886744284408
2012-08-23,99.27532615714232,0.0,0.0,0.0,0.0,0.0,0.0,0.0,0.0,0.0,0.7246738428576809
2012-08-24,63.695370785472385,35.82126186655643,0.0,0.0,0.0,0.0,0.0,0.0,0.0,0.0,0.48336734797118114
2012-08-27,54.64524097710593,0.0,0.0,44.00828756629046,0.0,0.0,0.0,0.0,0.0,0.0,1.346471456603621
2012-08-29,0.0,38.755651185472935,0.0,55.45452212183067,0.0,0.0,0.0,0.0,0.0,0.0,5.78982669269639
2012-08-30,37.94292214035954,21.397088230467997,0.0,0.0,0.0,0.0,0.0,40.20074123701069,0.0,0.0,0.45924839216177044
2012-08-31,0.0,12.421396070192044,66.03386431347614,17.70198486182538,0.0,0.0,0.0,0.0,0.0,0.0,3.842754754506431
2012-09-03,0.0,12.087524712572396,0.0,17.24727592439212,0.0,0.0,3.8721988820807933,0.0,0.0,2.1214777785177032,64.67152270243699
2012-09-04,0.0,84.93571082564326,0.0,0.0,0.0,0.0,0.0,0.0,0.0,0.0,15.064289174356752
2012-09-05,95.92018104765658,0.0,0.0,0.0,0.0,0.0,0.0,0.0,0.0,0.0,4.0798189523434125
2012-09-06,0.0,52.69127468318522,0.0,0.0,0.0,0.0,17.18617681887464,0.0,0.0,9.206424744605071,20.91612375333507
2012-09-07,0.0,0.0,0.0,0.0,0.0,0.0,0.0,83.50600718586652,0.0,0.0,16.493992814133467
2012-09-10,0.0,0.0,0.0,0.0,0.0,0.0,0.0,0.0,0.0,0.0,100.0
2012-09-11,0.0,60.392167200457415,0.0,0.0,7.58033554329633,0.0,0.0,0.0,0.0,0.0,32.02749725624626
2012-09-12,0.0,0.0,68.61401158000011,0.0,0.0,0.0,0.0,24.203323703220647,0.0,0.0,7.1826647167792395
2012-09-13,0.0,0.0,0.0,0.0,0.0,0.0,0.0,0.0,0.0,0.0,100.0
2012-09-14,18.61506183157231,0.0,0.0,0.0,0.0,0.0,0.0,19.688651059510203,0.0,0.0,61.69628710891748
2012-09-17,0.0,0.0,0.0,79.02462591920512,0.0,0.0,0.0,0.0,0.0,0.0,20.975374080794882
2012-09-18,0.0,96.38183040596223,0.0,0.0,0.0,0.0,0.0,0.0,0.0,0.0,3.618169594037769
2012-09-19,0.0,31.97971248165814,0.0,45.62349004695728,0.0,0.0,0.0,0.0,0.0,4.962579332839126,17.434218138545454
2012-09-20,53.48582557448937,0.0,0.0,43.05181174511731,0.0,0.0,0.0,0.0,0.0,0.0,3.4623626803933165
2012-09-21,0.0,0.0,0.0,37.700993202898275,0.0,0.0,0.0,49.53071201996426,0.0,0.0,12.76829477713746
2012-09-24,0.0,0.0,0.0,0.0,0.0,0.0,0.0,0.0,0.0,0.0,100.0
2012-09-25,0.0,0.0,0.0,80.25750024437515,0.0,12.659997323135194,0.0,0.0,0.0,0.0,7.082502432489655
2012-09-26,0.0,0.0,0.0,78.1551409442947,0.0,0.0,0.0,0.0,0.0,0.0,21.8448590557053
2012-09-27,61.26262915668869,34.591021737226136,0.0,0.0,0.0,0.0,0.0,0.0,0.0,0.0,4.146349106085182
2012-09-28,0.0,0.0,0.0,0.0,0.0,0.0,0.0,0.0,0.0,0.0,100.0
2012-10-03,0.0,0.0,0.0,95.8244730148054,0.0,0.0,0.0,0.0,0.0,0.0,4.175526985194592
2012-10-05,0.0,0.0,0.0,0.0,0.0,0.0,0.0,98.31141007362572,0.0,0.0,1.688589926374272
2012-10-08,0.0,39.535818763223084,0.0,56.340041179230084,0.0,0.0,0.0,0.0,0.0,0.0,4.124140057546831
2012-10-09,0.0,0.0,0.0,0.0,0.0,0.0,0.0,0.0,0.0,0.0,100.0
2012-10-10,0.0,0.0,0.0,0.0,0.0,0.0,0.0,0.0,0.0,0.0,100.0
2012-10-11,0.0,0.0,0.0,0.0,0.0,0.0,0.0,75.81604076430696,0.0,0.0,24.183959235693028
2012-10-12,0.0,0.0,0.0,0.0,0.0,0.0,0.0,88.29954744500318,0.0,7.496648830280401,4.20380372471642
2012-10-15,0.0,34.50644211073701,0.0,49.17171845236835,0.0,0.0,0.0,0.0,0.0,0.0,16.32183943689464
2012-10-16,36.41910889719786,20.543646043313,0.0,29.277367381660213,0.0,0.0,0.0,0.0,0.0,0.0,13.759877677828928
2012-10-17,0.0,69.15929728367243,0.0,0.0,0.0,0.0,0.0,0.0,0.0,0.0,30.84070271632757
2012-10-18,81.64766565271688,0.0,0.0,0.0,0.0,0.0,0.0,0.0,0.0,0.0,18.35233434728312
2012-10-19,25.955132316553332,14.711956864487636,0.0,20.927579891563617,0.0,0.0,4.7685130994468246,27.492760649493537,0.0,2.3094925766993755,3.834564601755681
2012-10-22,14.589652377350468,8.263256000797684,43.87920161559274,0.0,0.0,1.8321431095448437,0.0,0.0,0.0,0.0,31.43574689671426
2012-10-24,0.0,0.0,0.0,73.7956176983495,0.0,0.0,0.0,0.0,0.0,0.0,26.2043823016505
2012-10-25,99.99825031812003,0.0,0.0,0.0,0.0,0.0,0.0,0.0,0.0,0.0,0.001749681879969947
2012-10-26,0.0,0.0,0.0,0.0,0.0,0.0,0.0,0.0,0.0,0.0,100.0
2012-10-29,50.1509888078438,28.4373564789003,0.0,0.0,3.56414606828235,0.0,0.0,0.0,0.0,0.0,17.84750864497355
2012-10-30,99.90921051557696,0.0,0.0,0.0,0.0,0.0,0.0,0.0,0.0,0.0,0.09078948442303772
2012-10-31,98.43903566577725,0.0,0.0,0.0,0.0,0.0,0.0,0.0,0.0,0.0,1.560964334222743
2012-11-01,0.0,0.0,0.0,91.63548654910777,0.0,0.0,0.0,0.0,0.0,0.0,8.364513450892229
2012-11-02,0.0,21.730726428609497,0.0,31.076435442704316,0.0,4.862987298099314,0.0,40.66260489177816,0.0,0.0,1.667245938808719
2012-11-05,14.951003179844266,8.474497770863726,0.0,12.12417213053936,0.0,0.0,0.0,15.870276256656346,0.0,0.0,48.580050662096305
2012-11-06,0.0,0.0,0.0,41.82853773899676,0.0,0.0,0.0,54.35980040201815,0.0,0.0,3.8116618589850932
2012-11-07,42.08159871360065,0.0,0.0,0.0,0.0,0.0,7.707107324212361,44.52899894658928,0.0,3.834715071940619,1.84757994365709
2012-11-08,80.88685994131478,0.0,0.0,0.0,0.0,0.0,0.0,0.0,0.0,0.0,19.113140058685218
2012-11-09,17.564176946327525,9.82350631060751,52.23816569830071,14.131822700184337,1.1638383300857333,0.0,0.0,0.0,0.0,0.0,5.078490014494184
2012-11-12,60.10915875089048,33.468584466027934,0.0,0.0,0.0,0.0,0.0,0.0,0.0,0.0,6.422256783081586
2012-11-13,57.79362657694066,31.993118244262458,0.0,0.0,0.0,0.0,0.0,0.0,0.0,0.0,10.213255178796885
2012-11-14,48.75868848446623,26.905126453061705,0.0,0.0,0.0,6.051881136693285,0.0,0.0,0.0,0.0,18.28430392577878
2012-11-15,52.033103336943356,28.372308710655346,0.0,0.0,0.0,0.0,0.0,0.0,0.0,4.676873845676734,14.917714106724558
2012-11-16,48.23657322245447,0.0,0.0,0.0,0.0,0.0,0.0,49.090242441712995,0.0,0.0,2.6731843358325356
2012-11-19,63.80563906251544,34.713934736497166,0.0,0.0,0.0,0.0,0.0,0.0,0.0,0.0,1.4804262009873974
2012-11-20,14.226485753059464,7.590182332193339,40.47630284317499,10.947978293190124,0.0,0.0,2.4585951302977316,14.26954819032383,0.0,1.2560129276142746,8.774894530146245
2012-11-21,17.126454465468424,9.021974044587658,48.42575402187572,0.0,0.0,2.033665992372854,0.0,17.090918084980984,0.0,0.0,6.301233390714363
2012-11-22,13.394050408937533,6.963845068925105,37.81291940252736,10.638239452938866,0.8253568627258169,1.581460362448095,2.222817287223661,13.31488251439234,0.0,1.1723119634625734,12.074116676418647
2012-11-23,10.891927626224934,5.6005252787699,30.636291032773784,8.792101118054205,0.0,1.2899620569044872,1.7922777105571677,0.0,0.0,0.9500020121091718,40.04691316460635
2012-11-26,10.12657592381778,5.209085037341202,28.40810039730681,8.164951881819173,0.6068149487692723,1.176058368035199,0.0,10.036764865726532,0.0,0.8775350499902597,35.39411352719377
2012-11-27,15.350043179446907,7.774436576606981,42.422512237332555,12.192297233520302,0.9213843113065933,0.0,0.0,14.970589224822946,0.0,0.0,6.3687372369637165
2012-11-28,14.532207822240254,7.296574941421649,39.80429219145289,0.0,0.0,1.7542928994463025,0.0,14.065616023696437,0.0,0.0,22.54701612174247
2012-11-29,14.161981629105613,7.179137031254354,38.77879011057742,11.59459955485627,0.0,1.7271747617914466,0.0,0.0,0.0,0.0,26.55831691241489
2012-11-30,17.590751325067625,8.89996687885095,48.07713048890736,0.0,0.0,2.152821911032412,0.0,17.015916824647505,0.0,1.4292674581240639,4.834145113370086
2012-12-03,12.67991990710555,6.40742493191393,34.535623960700285,12.721697742552108,0.0,0.0,2.0276294945440014,12.25425372900685,0.0,0.0,19.373450234177273
2012-12-04,36.888407878186705,18.66289618572716,0.0,0.0,0.0,4.552687052115449,0.0,35.66333313880482,0.0,0.0,4.2326757451658645
2012-12-05,17.441119661375872,8.862337161643,47.581516685757926,17.561140114227907,0.0,2.163568369792917,0.0,0.0,0.0,0.0,6.3903180072023815
2012-12-06,13.533676093401189,6.863981396330615,37.202387982335274,14.186682371879144,0.0,1.6864449181472687,2.16990708160643,13.170141784470585,0.0,0.0,11.186778371829487
2012-12-07,9.92379407451009,5.016662841645348,27.24766129243391,10.390572670408712,0.5928633109187726,1.2477061794373827,1.5615883725177937,9.648983708460785,0.0,0.0,34.3701675496672
2012-12-10,14.399633743079265,7.2805815616986695,39.50059064463884,15.118157714486266,0.0,0.0,2.2655007371244653,13.983154228133419,0.0,1.1755396969883025,6.276841673850773
2012-12-11,14.515614598633036,7.359605716714725,39.86636916887897,15.353306572153096,0.0,0.0,2.2838832017714394,14.133963348082368,0.0,1.1846694524431467,5.302587941323217
2012-12-12,22.496985199869783,11.44196719414651,62.009241029105425,0.0,0.0,0.0,0.0,0.0,0.0,0.0,4.051806576878283
2012-12-13,26.26986759027206,13.374006208316388,0.0,27.876280151503952,0.0,0.0,4.1269452223331555,25.62709327547369,0.0,0.0,2.7258075521007497
2012-12-14,10.763337860548122,5.570166029513078,29.87680985489843,11.52203942418405,0.0,0.0,0.0,0.0,0.0,0.0,42.26764683085632
2012-12-17,0.0,11.64624343036839,62.42312100935726,0.0,0.0,0.0,0.0,22.119735319408164,0.0,0.0,3.8109002408661876
2012-12-18,60.27395393511035,31.2738184561842,0.0,0.0,0.0,0.0,0.0,0.0,0.0,0.0,8.452227608705458
2012-12-19,60.09785961582418,31.229900511851312,0.0,0.0,3.641921578398613,0.0,0.0,0.0,0.0,0.0,5.0303182939258955
2012-12-20,0.0,10.714422902933785,83.7805570885787,0.0,1.1092569912176922,2.6072082769138114,0.0,0.0,0.0,0.0,1.7885547403560145
2012-12-21,10.679802806640824,5.573362303682847,64.34801114218736,11.470701369283086,0.0,1.363831240549346,0.0,2.7050207162146664,0.0,0.8574243310416866,3.001846090400173
2012-12-27,57.63703348461527,0.0,0.0,0.0,3.0433907444950425,0.0,0.0,14.5845551078979,0.0,0.0,24.735020662991783
2012-12-28,53.971431787807845,28.0493490866705,0.0,0.0,2.763028663214001,0.0,0.0,0.0,0.0,4.35524079530272,10.860949667004938
2013-01-02,0.0,77.77552039425348,0.0,0.0,7.697462529071912,0.0,0.0,0.0,0.0,0.0,14.52701707667461
2013-01-03,0.0,31.172455120740462,0.0,0.0,3.11286614692937,0.0,0.0,0.0,0.0,0.0,65.71467873233017
2013-01-04,0.0,77.90824616082921,0.0,0.0,7.8683346964261185,0.0,0.0,0.0,0.0,0.0,14.223419142744675
2013-01-07,34.79719763621748,18.117228453181358,0.0,37.269196406000766,0.0,0.0,0.0,0.0,0.0,0.0,9.816377504600393
2013-01-08,25.0650816635674,13.04963224167611,0.0,26.844214722290406,0.0,3.1843641284554516,3.886113329549459,0.0,0.0,2.0378317432174393,25.93276217124373
2013-01-09,31.647855433043144,16.511890481830598,0.0,33.8965601065416,0.0,0.0,4.903275307131006,7.994196967539306,0.0,0.0,5.046221703914345
2013-01-10,52.87855676741482,27.427975079862698,0.0,0.0,2.7840851378681397,0.0,0.0,13.297197605441635,0.0,0.0,3.6121854094127097
2013-01-11,32.780106013373185,16.959091184611914,0.0,34.87668068774376,0.0,0.0,5.027424955159289,8.216438969964749,0.0,0.0,2.1402581891471093
2013-01-14,10.89950424414479,5.627202423418521,64.98464680982998,11.595260454208676,0.5778487610139218,0.0,1.6768841173428133,2.7358896784320477,0.0,0.0,1.9027635116092507
2013-01-15,32.90111388792244,16.98714884538347,0.0,35.00891850126213,1.7545423706579788,4.126207179512438,5.076472074852379,0.0,0.0,0.0,4.145597140409161
2013-01-16,81.14546689728303,0.0,0.0,0.0,0.0,0.0,0.0,0.0,0.0,0.0,18.854533102716974
2013-01-17,87.49794875770796,0.0,0.0,0.0,0.0,0.0,0.0,0.0,0.0,0.0,12.502051242292035
2013-01-18,0.0,54.534061448004124,0.0,0.0,5.675629381817441,0.0,0.0,26.708690509016176,0.0,0.0,13.081618661162256
2013-01-21,0.0,54.76509270520241,0.0,0.0,5.741203926309791,0.0,16.30563836138905,0.0,0.0,8.572468324513503,14.615596682585238
2013-01-22,54.467700151591615,27.735636824522224,0.0,0.0,2.9206832107439817,0.0,0.0,0.0,0.0,4.361107362114302,10.514872451027884
2013-01-23,11.963766484849662,6.067950336181475,70.37550860626722,0.0,0.0,0.0,0.0,0.0,0.0,0.0,11.592774572701636
2013-01-24,13.337754452487422,6.799366377183256,78.44546329138707,0.0,0.0,0.0,0.0,0.0,0.0,0.0,1.4174158789422522
2013-01-25,10.206923901841455,5.211350700566915,60.07055410730412,10.760140845422818,0.0,0.0,1.5515909758784416,0.0,0.0,0.0,12.199439468986249
2013-01-28,42.20168888890315,21.59582845820637,0.0,0.0,2.2740958547957906,5.168486206031141,6.436086597549359,10.616978367297587,0.0,0.0,11.706835627216602
2013-01-29,53.61209286767892,27.49361926656978,0.0,0.0,0.0,0.0,0.0,13.505777383970132,0.0,0.0,5.3885104817811715
2013-01-30,35.992936841920894,18.456085152370616,0.0,38.07511866393004,0.0,4.341538975201525,0.0,0.0,0.0,0.0,3.1343203665769157
2013-01-31,64.57481550484901,0.0,0.0,0.0,0.0,0.0,9.877434087030382,0.0,0.0,0.0,25.5477504081206
2013-02-01,10.809718406812504,5.542168223634298,64.07978629443599,11.486804878926222,0.5827272104488553,0.0,1.6650374722593744,0.0,0.0,0.8685232735230163,4.9652342399597345
2013-02-04,34.238601435399815,17.56584847249554,0.0,36.40466371166852,1.8578243965822503,0.0,5.268014325723074,0.0,0.0,2.7483387987162406,1.9167088594145563
2013-02-05,97.54735119309396,0.0,0.0,0.0,0.0,0.0,0.0,0.0,0.0,0.0,2.452648806906044
2013-02-06,19.405426257304164,9.964804052571623,0.0,0.0,0.0,0.0,0.0,0.0,0.0,0.0,70.6297696901242
2013-02-07,0.0,6.729107820714805,77.81511478621151,13.953472719957,0.0,0.0,0.0,0.0,0.0,0.0,1.5023046731166763
2013-02-08,0.0,0.0,0.0,97.88378268780346,0.0,0.0,0.0,0.0,0.0,0.0,2.116217312196546
2013-02-14,99.47827802112235,0.0,0.0,0.0,0.0,0.0,0.0,0.0,0.0,0.0,0.521721978877659
2013-02-15,7.863131670609047,4.03409577976067,46.79554546981636,8.396283077446885,0.0,0.0,1.216520596853687,0.0,0.0,0.0,31.69442340551336
2013-02-18,0.0,6.7573735396542105,78.26949309568805,0.0,0.0,0.0,2.041436081312987,0.0,0.0,0.0,12.931697283344759
2013-02-19,11.41833655270985,5.892376425733056,68.05328124990601,12.238823302367074,0.0,0.0,1.777750305882219,0.0,0.0,0.0,0.619432163401798
2013-02-20,12.685575907835448,6.548055789340464,75.59636011748375,0.0,0.0,0.0,1.9761887005007683,0.0,0.0,1.0324019542910305,2.161417530548543
2013-02-21,0.0,0.0,97.41901809954996,0.0,0.0,0.0,0.0,0.0,0.0,0.0,2.5809819004500394
2013-02-22,0.0,89.52888925945125,0.0,0.0,0.0,0.0,0.0,0.0,0.0,0.0,10.471110740548754
2013-02-25,0.0,0.0,0.0,0.0,0.0,0.0,0.0,0.0,0.0,0.0,100.0
2013-02-26,46.643173808830475,0.0,0.0,50.03101949267253,0.0,0.0,0.0,0.0,0.0,0.0,3.325806698496999
2013-02-27,44.618955448790395,0.0,0.0,47.85507879570323,0.0,0.0,0.0,0.0,0.0,0.0,7.525965755506382
2013-02-28,0.0,0.0,0.0,0.0,0.0,0.0,48.56788699740076,0.0,0.0,0.0,51.432113002599245
2013-03-01,61.71046846417148,31.901833295811706,0.0,0.0,0.0,0.0,0.0,0.0,0.0,0.0,6.387698240016817
2013-03-04,36.332137749182166,18.84322497610387,0.0,39.15575463330005,0.0,0.0,0.0,0.0,0.0,0.0,5.668882641413913
2013-03-05,0.0,0.0,0.0,0.0,0.0,51.59170093647256,0.0,0.0,0.0,0.0,48.40829906352742
2013-03-06,0.0,0.0,0.0,0.0,0.0,0.0,0.0,0.0,0.0,0.0,100.0
2013-03-07,0.0,0.0,0.0,0.0,0.0,0.0,0.0,0.0,0.0,0.0,100.0
2013-03-08,45.69377643197047,0.0,0.0,49.17615453271779,0.0,0.0,0.0,0.0,0.0,0.0,5.130069035311736
2013-03-11,36.49637625098388,18.883442536706266,0.0,39.27427719980252,0.0,0.0,0.0,0.0,0.0,0.0,5.345904012507331
2013-03-12,75.9421055606874,0.0,0.0,0.0,0.0,0.0,0.0,19.447713838234876,0.0,0.0,4.610180601077731
2013-03-13,95.96738339473134,0.0,0.0,0.0,0.0,0.0,0.0,0.0,0.0,0.0,4.032616605268655
2013-03-14,0.0,0.0,0.0,0.0,0.0,36.34656563902489,47.49167268197972,0.0,0.0,0.0,16.16176167899539
2013-03-15,0.0,0.0,0.0,0.0,0.0,0.0,0.0,0.0,0.0,0.0,100.0
2013-03-18,58.56885319406001,30.208745969658597,0.0,0.0,0.0,0.0,0.0,0.0,0.0,0.0,11.222400836281395
2013-03-19,85.68589416306179,0.0,0.0,0.0,0.0,0.0,0.0,0.0,0.0,0.0,14.314105836938209
2013-03-20,0.0,7.747669379800129,89.53537391788777,0.0,0.0,0.0,0.0,0.0,0.0,0.0,2.716956702312099
2013-03-21,0.0,100.0,0.0,0.0,0.0,0.0,0.0,0.0,0.0,0.0,0.0
2013-03-22,0.0,0.0,0.0,0.0,0.0,0.0,0.0,0.0,0.0,0.0,100.0
2013-03-26,0.0,0.0,0.0,0.0,0.0,0.0,35.897098903967255,0.0,0.0,0.0,64.10290109603275
2013-03-27,60.16752237858306,31.04517001808643,0.0,0.0,0.0,0.0,0.0,0.0,0.0,0.0,8.787307603330511
2013-03-28,58.52886983641269,30.11892634346008,0.0,0.0,0.0,0.0,0.0,0.0,0.0,0.0,11.352203820127228
2013-04-02,59.42262587025089,30.59622330591075,0.0,0.0,0.0,0.0,9.227496967186335,0.0,0.0,0.0,0.7536538566520216
2013-04-03,0.0,91.40904500038178,0.0,0.0,0.0,0.0,0.0,0.0,0.0,0.0,8.590954999618214
2013-04-05,34.02902655189387,17.51692780935265,0.0,36.51056943122592,0.0,0.0,5.289833807326506,0.0,0.0,0.0,6.653642400201061
2013-04-08,57.03644039314685,29.32635257781786,0.0,0.0,0.0,0.0,0.0,0.0,0.0,0.0,13.637207029035293
2013-04-09,49.8756173070719,25.55049107685756,0.0,0.0,0.0,0.0,7.74547269180169,12.706138277360605,0.0,0.0,4.12228064690825
2013-04-10,57.87555174912538,29.64794906607545,0.0,0.0,3.1607933666242616,0.0,0.0,0.0,0.0,0.0,9.315705818174917
2013-04-11,66.12997144472004,33.87002855527996,0.0,0.0,0.0,0.0,0.0,0.0,0.0,0.0,0.0
2013-04-12,50.32525667893842,25.741950264447638,0.0,0.0,0.0,0.0,7.846205515915996,12.760222815155672,0.0,0.0,3.3263647255422666
2013-04-15,51.017800047520915,26.17789428903336,0.0,0.0,0.0,0.0,8.012141263455995,12.94378627865431,0.0,0.0,1.8483781213354231
2013-04-16,37.80331057457633,0.0,0.0,40.58650931812542,0.0,0.0,5.809922116711074,9.820052964581775,0.0,0.0,5.980205026005405
2013-04-17,40.12269735466935,0.0,0.0,43.10984385682609,0.0,0.0,0.0,10.58159235337241,0.0,3.276153858693314,2.9097125764388427
2013-04-18,59.243493955193685,0.0,0.0,0.0,0.0,7.01092065604637,9.093144831224405,15.737489621020442,0.0,0.0,8.914950936515094
2013-04-19,0.0,57.01382132579131,0.0,0.0,0.0,12.931581647410283,0.0,29.840481552398312,0.0,0.0,0.21411547440009004
2013-04-22,50.48587775483405,25.79180159963969,0.0,0.0,0.0,5.792877933038924,0.0,13.6330584482286,0.0,0.0,4.296384264258729
2013-04-23,0.0,0.0,0.0,91.70265847783892,0.0,0.0,0.0,0.0,0.0,0.0,8.297341522161073
2013-04-24,48.12267188258326,0.0,0.0,51.797793326635755,0.0,0.0,0.0,0.0,0.0,0.0,0.0795347907809816
2013-04-25,0.0,31.818170328486445,0.0,67.24980597241996,0.0,0.0,0.0,0.0,0.0,0.0,0.9320236990935942
2013-04-26,85.32368382780255,0.0,0.0,0.0,0.0,0.0,13.131144792167582,0.0,0.0,0.0,1.545171380029869
2013-04-29,0.0,32.06544670535133,0.0,67.7924173049341,0.0,0.0,0.0,0.0,0.0,0.0,0.14213598971456834
2013-04-30,32.71049605541092,16.826115593022617,0.0,35.56898559217115,0.0,0.0,0.0,8.978548497269651,0.0,0.0,5.915854262125661
2013-05-06,0.0,0.0,0.0,0.0,0.0,0.0,0.0,0.0,0.0,0.0,100.0
2013-05-07,0.0,0.0,97.71104951859682,0.0,0.0,0.0,0.0,0.0,0.0,0.0,2.288950481403173
2013-05-08,0.0,0.0,0.0,0.0,0.0,0.0,0.0,0.0,0.0,59.496497759542,40.503502240458
2013-05-09,0.0,59.540564915408936,0.0,0.0,0.0,0.0,17.92545826955117,0.0,0.0,0.0,22.5339768150399
2013-05-10,0.0,0.0,0.0,0.0,0.0,0.0,0.0,0.0,0.0,0.0,100.0
2013-05-14,34.35525161464867,17.6708959652198,0.0,37.34313863792875,0.0,0.0,5.285845933895799,0.0,0.0,0.0,5.344867848306971
2013-05-15,0.0,0.0,0.0,0.0,0.0,0.0,0.0,0.0,0.0,0.0,100.0
2013-05-16,38.02885507526169,19.525801991073365,0.0,29.493177854776786,0.0,0.0,0.0,0.0,0.0,0.0,12.952165078888157
2013-05-20,64.07610089786571,32.75620243908166,0.0,0.0,0.0,0.0,0.0,0.0,0.0,0.0,3.1676966630526193
2013-05-21,11.350721073604609,5.802044043876134,67.97752651347822,8.786883729619348,0.0,0.0,0.0,3.116695058579415,0.0,0.9380963395443821,2.028033241297887
2013-05-22,8.045867071150546,4.119637758031054,48.13306214204647,6.229744670818352,0.0,0.0,0.0,2.198343897027111,0.0,0.663253585385829,30.610090875540635
2013-05-23,12.462698008761091,0.0,74.18691180085115,10.122717149618884,0.0,0.0,0.0,0.0,0.0,0.0,3.227673040768878
2013-05-24,0.0,6.701598073765122,78.12194616048748,10.678512968960442,0.0,0.0,0.0,3.734096549352286,0.0,0.0,0.7638462474346726
2013-05-27,15.487237984681473,8.058519665630602,0.0,12.848599712827594,0.0,0.0,0.0,4.7662394977827045,0.0,0.0,58.83940313907762
2013-05-28,64.53432843649446,0.0,0.0,0.0,0.0,0.0,10.263062636447392,11.667212647955177,0.0,0.0,13.535396279102967
2013-05-29,85.2345077928609,0.0,0.0,0.0,0.0,0.0,13.595663766773718,0.0,0.0,0.0,1.169828440365385
2013-05-30,0.0,0.0,98.49150196761858,0.0,0.0,0.0,0.0,0.0,0.0,0.0,1.508498032381424
2013-05-31,52.88143242541583,0.0,0.0,44.79733514725424,0.0,0.0,0.0,0.0,0.0,0.0,2.321232427329936
2013-06-03,0.0,97.43331164140118,0.0,0.0,0.0,0.0,0.0,0.0,0.0,0.0,2.566688358598825
2013-06-04,0.0,0.0,80.9983378701811,11.080147030192979,0.0,0.0,0.0,2.4119752041425113,0.0,0.0,5.509539895483408
2013-06-05,0.0,44.8263797012698,0.0,0.0,0.0,0.0,0.0,15.14522754220673,0.0,0.0,40.02839275652347
2013-06-06,12.018135856471035,6.398326900126018,74.3071884061245,0.0,0.0,0.0,0.0,2.1686465925457767,0.0,0.9860636059714479,4.121638638761232
2013-06-07,70.46832851188333,0.0,0.0,0.0,0.0,0.0,0.0,12.683064747313072,0.0,5.741097240554095,11.107509500249504
2013-06-10,45.905264782769535,0.0,0.0,38.747735346957064,0.0,0.0,0.0,8.27184998215778,0.0,3.7538535921757537,3.321296295939865
2013-06-11,51.70989662112457,0.0,0.0,43.55849907452104,0.0,0.0,0.0,0.0,0.0,0.0,4.7316043043543905
2013-06-13,0.0,56.12644593772039,0.0,0.0,0.0,0.0,16.867420353628873,18.817777262376197,0.0,0.0,8.188356446274536
2013-06-14,0.0,0.0,93.58796027611514,0.0,0.845966761815484,0.0,0.0,2.7050032373038424,0.0,0.0,2.8610697247655352
2013-06-17,63.3251893705465,33.6093224054168,0.0,0.0,0.0,0.0,0.0,0.0,0.0,0.0,3.0654882240367076
2013-06-18,97.52249185697468,0.0,0.0,0.0,0.0,0.0,0.0,0.0,0.0,0.0,2.477508143025326
2013-06-19,0.0,76.41057894488821,0.0,0.0,0.0,0.0,0.0,0.0,0.0,11.770922968104347,11.818498087007438
2013-06-20,0.0,0.0,93.24643782481799,0.0,0.0,0.0,0.0,2.7052930978822927,0.0,0.0,4.048269077299718
2013-06-21,29.113228371937378,15.430533779109107,0.0,24.511640869430096,1.6596602050929448,0.0,4.635443865689958,5.022941579867633,0.0,2.3871053022453617,17.239446026627522
2013-06-24,10.846456576974916,5.742832551469998,66.75894827614718,9.138085896679703,0.6310656700350157,0.0,0.0,1.8362177885926045,0.0,0.0,5.046393240100588
2013-06-25,11.153154469638409,5.905543016678581,68.57477698605432,9.418528047483916,0.0,0.0,0.0,1.8380739168345854,0.0,0.9095111862205968,2.200412377089596
2013-06-26,41.92637439768963,0.0,0.0,35.303707943938974,0.0,0.0,6.671875116387649,0.0,0.0,0.0,16.09804254198375
2013-06-27,0.0,34.75811967853698,0.0,55.573036492587015,0.0,0.0,0.0,0.0,0.0,0.0,9.668843828876007
2013-06-28,37.864963097937824,19.94849874362768,0.0,31.937165818487976,2.2308096151873165,0.0,0.0,6.1853958826726725,0.0,0.0,1.8331668420865275
2013-07-02,38.641906750087365,20.370328433804485,0.0,32.63264306501413,0.0,0.0,0.0,0.0,0.0,0.0,8.355121751094025
2013-07-03,34.8397050346327,18.361587761535684,0.0,29.478176075315165,2.1128882652416454,0.0,0.0,0.0,0.0,0.0,15.207642863274799
2013-07-04,45.94596698802571,24.27852549154207,0.0,0.0,2.923327051900266,0.0,0.0,7.496744210110766,0.0,0.0,19.355436258421186
2013-07-05,38.30335093856449,0.0,0.0,32.432730088800064,2.476712995703877,0.0,6.071116738025642,0.0,0.0,0.0,20.716089238905923
2013-07-08,38.76640442626068,0.0,0.0,33.11581329940014,2.582146133129866,0.0,6.211884368501992,0.0,0.0,0.0,19.323751772707322
2013-07-09,10.66183500949049,5.737424297456612,66.28979926205763,9.13473849050543,0.724719797345414,1.286737600595655,0.0,1.7619768812722314,0.0,0.0,4.402768661276546
2013-07-10,10.148601404669385,5.53393557182875,63.739348958480534,8.759134441766502,0.0,0.0,1.6447797042217458,1.6856150381929613,0.0,0.0,8.488584880840119
2013-07-11,7.441848959194582,4.704118942173216,56.63089638275635,7.5207133479773685,0.6159749398812002,1.0906286178917133,1.4230847917972114,1.3609088682655293,0.0,0.9264906169631677,18.28533453309966
2013-07-12,7.720581333234966,4.985587231259972,59.6615444046518,7.9349564176571725,0.5518197995613976,1.0875557968223644,1.4925406787370283,1.3882002420122763,0.0,1.123128709421814,14.054085386641205
2013-07-15,7.350516781982989,4.894112795735704,59.386889107585105,7.883125907421083,0.5817114835720809,0.0,1.4799010499949135,1.3271540084162734,0.0,1.1276264938884175,15.968962371403432
2013-07-16,7.194284321298233,4.85306986969529,59.00236674367656,7.841969236033069,0.6075846093962554,1.0731118149480217,1.4383160960650594,1.3104264155617171,0.0,1.2673352948466292,15.411535598479166
2013-07-17,7.267123662345358,4.984500297866549,61.06474878587984,8.093165736974555,0.6542437754682228,1.1042881976535193,1.5128536944894393,1.3403359834900155,0.0,1.305043454841616,12.673696410990882
2013-07-18,7.359556160515333,5.128497332430461,63.08318517566088,8.361177333172611,0.6517455487306938,0.0,1.5664126873343918,0.0,0.0,1.335783510404326,12.513642251751298
2013-07-19,7.219351268955783,5.063083412477696,62.71609603641804,8.313899195321607,0.0,0.0,1.5559858714467552,1.3968515593955944,0.0,1.3272972777453549,12.40743537823918
2013-07-22,7.180804293792872,5.221515714903134,64.02939391198089,8.50712216352284,0.0,0.0,1.585049598283466,0.0,0.0,1.3383357755796517,12.137778541937147
2013-07-23,20.519294385612515,14.944328618104807,0.0,24.407133168500188,0.0,0.0,4.5097338530732065,0.0,0.0,3.733075183883594,31.88643479082569
2013-07-24,21.323562620784866,15.720880552331831,0.0,25.691018111390946,1.9572203103408818,0.0,0.0,0.0,0.0,3.910289456180476,31.397028948971
2013-07-25,21.517007522113797,15.597875185781326,0.0,25.620346755935568,0.0,0.0,0.0,4.266139663840194,0.0,0.0,32.998630872329116
2013-07-26,7.481613815359142,5.407424471457965,66.6422183679725,8.91107922601636,0.6604853111870466,0.0,1.6391291946184015,0.0,0.0,0.0,9.258049613388579
2013-07-29,20.35692566451552,14.882525532949915,0.0,24.57147220961653,0.0,0.0,4.579613042438717,4.1407815027831,0.0,0.0,31.46868204769622
2013-07-30,7.290068560578547,5.360599333418807,66.18202262556574,8.844700122748506,0.0,0.0,1.6592453949781254,1.4946608632477225,0.0,0.0,9.168703099462554
2013-07-31,7.158878192787902,5.430218510420116,66.95493939685468,8.94069746478882,0.6634368225926055,0.0,1.6741674690624038,0.0,0.0,0.0,9.177662143493468
2013-08-01,7.137215180562709,5.484098394900479,67.67022565184251,9.036692535305132,0.0,0.0,1.6794865907021146,0.0,0.0,1.3691757558437332,7.623105890843313
2013-08-02,6.990915646144188,5.385838536417217,66.51419136985017,8.826113702389806,0.0,0.0,1.657628281923493,1.4802280800412428,0.0,1.3485868888798345,7.7964974943540595
2013-08-05,6.875685599747619,5.353831592116495,66.06223994258251,12.073420230855438,0.0,0.0,1.6341414622613535,0.0,0.0,0.0,8.000681172436593
2013-08-06,6.467732946527595,5.063606104515272,62.51394640992651,11.42056205408836,0.6533795248975638,0.0,1.5450056952609805,0.0,0.0,1.0342993523737003,11.301467912410013
2013-08-07,28.7306393555623,5.256030245194752,42.6242490622096,11.836456398280662,0.6834333070697852,0.0,0.0,0.0,0.0,0.0,10.8691916316829
2013-08-08,28.267051178890068,5.228535309083679,41.97468462787741,11.659775173568852,0.6962217879177451,0.0,1.5840824591307467,0.0,0.0,0.957006612261019,9.632642851270482
2013-08-09,48.647495251465564,8.998485267444789,0.0,20.114053275105096,1.2203790674382635,0.0,2.7118710074791346,0.0,0.0,0.0,18.307716131067153
2013-08-12,50.866220638318815,9.468803483195922,0.0,20.740405045450537,0.0,0.0,0.0,0.0,0.0,1.675690131021484,17.24888070201325
2013-08-13,28.3220372005063,5.266360609373368,42.036929251204384,11.562033261504844,0.0,0.0,1.5991237647386871,1.3830622091037283,0.0,0.9399186386347655,8.890535064933925
2013-08-15,50.87954710686342,9.444625559805928,0.0,20.77832725341752,0.0,0.0,2.84043119707152,0.0,0.0,0.0,16.05706888284161
2013-08-16,6.503218735346354,5.3052239940544315,64.07129693594707,11.632663457588865,0.7463036443553251,1.1235925664371897,1.6058272163948122,1.1438744575113684,0.0,0.0,7.867998992364576
2013-08-19,0.0,5.951694280385663,71.86615524358606,13.047669028728034,0.8466782705100098,0.0,1.782495033001295,1.2439802799329684,0.0,0.0,5.2613278638559695
2013-08-20,6.596897969542671,5.375295192898834,65.36861344745964,11.896880950929976,0.7801474663227577,0.0,1.6097768928666125,0.0,0.0,0.964415680842692,7.407972399136824
2013-08-21,7.022810517966049,5.714038711922422,69.59050628289563,12.667730223550974,0.0,0.0,0.0,0.0,0.0,0.0,5.004914263664933
2013-08-22,6.617519013133127,5.414705952078689,65.67376375014997,11.954549816722427,0.0,0.0,1.6245736955232484,0.0,0.0,0.9832945468697192,7.731593225522815
2013-08-23,6.439128320625182,5.2757069792230284,64.21829292782051,11.68822751963619,0.0,0.0,1.5957332808394904,0.0,0.0,0.9546166292475925,9.828294342607993
2013-08-26,17.695702118185007,14.514892491929299,0.0,32.127794754467686,2.104239987791666,0.0,4.344135503587198,3.0558262958561104,0.0,2.61878977648348,23.538619071699554
2013-08-27,0.0,18.7297309413228,0.0,41.54147007677211,0.0,0.0,0.0,0.0,0.0,3.3895852868439933,36.3392136950611
2013-08-28,0.0,5.805004451553993,70.7138096762201,12.86305745399966,0.0,0.0,0.0,0.0,0.0,1.0575246744077271,9.560603743818525
2013-08-29,21.039101465368628,17.32552029571614,0.0,38.257374078606496,0.0,0.0,0.0,0.0,0.0,0.0,23.37800416030874
2013-08-30,18.553181307814278,15.309825087902473,0.0,33.753721571677644,2.191999656219099,0.0,4.582004246736402,3.2227367240355362,0.0,0.0,22.386531405614573
2013-09-02,6.4159742135585525,5.284871591174463,64.15174190979043,11.66659127945366,0.0,0.0,1.5860524963457099,1.1213278035878764,0.0,0.0,9.77344070608931
2013-09-03,21.610926969605682,17.72657049392127,0.0,39.2791121145358,0.0,0.0,0.0,3.7598910237219196,0.0,0.0,17.623499398215333
2013-09-04,0.0,18.808695205710883,0.0,41.60230600406752,0.0,0.0,5.651389452383669,3.967141167589293,0.0,3.442528703291152,26.527939466957484
2013-09-05,6.537403963888093,5.417770574729895,65.96172653694012,12.03022965859259,0.0,0.0,1.6338509439587372,1.1378696418995962,0.0,0.953143562645645,6.328005117345331
2013-09-06,0.0,0.0,0.0,80.2677954927587,0.0,0.0,0.0,0.0,0.0,0.0,19.732204507241313
2013-09-09,18.258715510695676,15.299094535418645,0.0,33.79454440477892,0.0,0.0,4.581403054711941,3.202118898814617,0.0,0.0,24.86412359558021
2013-09-10,38.64398483885569,32.34010519286485,0.0,0.0,0.0,0.0,9.586068783691974,0.0,0.0,0.0,19.42984118458749
2013-09-11,24.021827265428218,20.10561165243693,0.0,44.38912457437853,0.0,0.0,0.0,0.0,0.0,0.0,11.483436507756327
2013-09-12,5.774314863893444,4.960151646041059,58.60022313599824,10.668675738715146,0.6955348347164689,0.0,1.4465352302503036,1.0201563419153388,0.0,0.8481215968956386,15.986286611574357
2013-09-13,5.919197487478802,5.083215958748595,59.68020707349182,10.846680943964914,0.7069924489716732,0.8391267514471806,1.491254883237108,1.0726461239875,0.0,0.866275393070227,13.494402935602178
2013-09-16,16.176631329566817,13.929044813965419,0.0,29.636817874991966,1.982142246148411,2.0236324688757086,4.10775909117104,2.478216387975109,0.0,0.0,29.66575578730553
2013-09-17,0.0,20.185912333481323,0.0,42.98978197036668,2.9202512637597233,0.0,5.946308704780304,3.6080277984393003,0.0,0.0,24.349717929172673
2013-09-18,19.386192437400794,16.38051953603413,0.0,35.12540892141512,0.0,2.1894642404089737,4.84998390010656,3.4212291951339306,0.0,2.7922143059465077,15.854987463553986
2013-09-19,6.640800861688091,5.658705121326385,66.62087708665618,12.118144336473334,0.0,0.0,1.6789679673655473,0.0,0.0,0.0,7.282504626490456
2013-09-23,6.524346640220342,5.543100716768656,65.17154365807272,11.85089094860033,0.0,0.0,0.0,1.1580765027012976,0.0,0.0,9.752041533636643
2013-09-24,0.0,5.838285736434338,68.68017147055645,12.480792105297134,0.0,0.0,1.7292919844298968,1.2237229497098698,0.0,0.0,10.047735753572326
2013-09-25,36.04970037410645,31.71761540422487,0.0,0.0,4.711232634769252,0.0,0.0,7.385723103984036,0.0,0.0,20.135728482915386
2013-09-26,28.51533987557605,25.24028918432241,0.0,0.0,0.0,0.0,7.435786769231792,6.182643635398377,0.0,0.0,32.62594053547137
2013-09-27,20.966036602751874,18.58286200698189,0.0,39.53340621894804,0.0,0.0,5.491082986202112,0.0,0.0,0.0,15.426612185116085
2013-09-30,21.907068791147246,19.46646207994763,0.0,41.32062476974679,0.0,0.0,0.0,0.0,0.0,0.0,17.30584435915833
2013-10-02,6.00795493174931,4.9632624734979505,58.612840012318145,10.637518142616614,0.739067909774212,0.5933993694752632,1.5210022448759555,1.2609251844099088,0.0006383634571229003,0.9093848122068988,14.754006555618625
2013-10-03,15.361994720302672,13.470654082311464,0.0,28.89914157717731,2.021423259562665,0.0,4.136816479859216,3.5378828760885286,0.0,0.0,32.57208700469815
2013-10-04,16.19592303140264,14.20190266130005,0.0,30.335159869482997,0.0,0.0,4.3980964261560445,0.0,0.0,0.0,34.868918011658266
2013-10-07,17.66360232105534,15.526933122892714,0.0,33.018089097668096,0.0,0.0,4.732497092031669,0.0,0.0,0.0,29.058878366352182
2013-10-08,6.090401090043064,5.359928019008995,62.53040086325742,11.368653998567293,0.0,0.0,1.6243928545290067,1.390408001884527,0.0,0.9734653397040561,10.662349833005642
2013-10-09,6.575743557396925,5.787499938808646,67.4830585775283,12.262176321490061,0.8726273591651431,0.0,0.0,0.0,0.0,0.0,7.018894245610922
2013-10-10,17.83075742090893,15.981203595283825,0.0,33.81126883844368,0.0,0.0,4.938112504910756,0.0,0.0,0.0,27.43865764045281
2013-10-11,6.086194260099838,5.490910420910154,63.53862078661159,11.561230430536973,0.0,0.0,1.68448888796966,1.4169781042157585,0.0,0.0,10.221577109656028
2013-10-15,25.048650906994602,22.60582511678114,0.0,0.0,0.0,0.0,6.961216081951245,0.0,0.0,4.044863734562916,41.3394441597101
2013-10-16,16.027957549033918,14.370439515287242,0.0,30.445854644680885,0.0,0.0,0.0,3.7328466080841713,0.0,0.0,35.42290168291378
2013-10-17,15.235103030191965,13.538323982066347,0.0,28.92162785258269,0.0,0.0,4.214727211399719,3.809160843879892,0.0,2.45257388676494,31.828483193114444
2013-10-18,5.438580457476375,4.746407071386283,56.84696103337236,10.2873965893286,0.0,0.5691566454474448,1.474604202547274,1.3800222850011294,0.0,0.8738247484713798,18.383046966969154
2013-10-21,5.620281151755152,4.911467548606944,58.8067234568386,10.647817305923976,0.7630111235714665,0.0,1.5384133309776238,1.4315952149160636,0.0,0.9002056289812608,15.380485238428921
2013-10-22,5.319511440178903,4.494476358039985,56.76900025018535,10.240658299157179,0.0,0.0,1.4786234679701113,1.37909563550116,0.0,0.8652723721398223,19.45336217682748
2013-10-23,5.554187158488144,4.675496446842222,58.65688979634792,10.594626598845897,0.0,0.0,1.611672819001737,1.4305508337359463,0.0,0.8958660976424835,16.58071024909565
2013-10-24,15.077695349921266,12.97904799435489,0.0,29.027311338634398,0.0,0.0,4.406896449896709,3.916571739061001,0.0,2.414505944827554,32.17797118330418
2013-10-25,16.677602844703816,14.48561749131958,0.0,32.09117201482132,0.0,0.0,4.775975978105757,4.366255923539381,0.0,2.6823616644651094,24.921014083045037
2013-10-28,5.656240277075636,4.922977609763925,60.049011345381054,10.87085377002113,0.0,0.0,1.6298243697913082,1.481319988971506,0.0,0.91587024947239,14.47390238952305
2013-10-29,16.72551361051109,14.633428852509029,0.0,32.12885615386642,2.3120636591384582,0.0,4.814789070559024,4.368175763058727,0.0,2.6912701704593642,22.325902719897886
2013-10-30,5.9487098103852105,5.2264442780450135,62.221481469325504,11.36995066658419,0.0,0.0,1.6467843596295977,1.5694712534622162,0.0,0.9511239904435009,11.06603417212477
2013-10-31,5.690503986690756,5.1671897658675485,59.69932722579324,10.993841300708409,0.7935956051886353,0.0,1.607794451496338,1.5996683184206069,0.0,0.9416012253166673,13.506478120517798
2013-11-01,5.7908450705633,5.264093286804982,60.19525745509814,11.190599466382881,0.0,0.0,1.6448178091161016,1.6339956786361414,0.0,0.9638804140992423,13.316510819299214
2013-11-04,5.3380578985839575,4.851138115106898,62.34799506698595,10.148372006903774,0.0,0.5596646662279372,1.5213443279477536,1.4731124041712185,0.0,0.8748548183024132,12.885460695770101
2013-11-05,5.4886733101218175,4.953845370557275,63.89376461053421,10.409634315489312,0.0,0.0,1.5693566788659514,0.0,0.0,0.9033211863526004,12.78140452807883
2013-11-06,5.2552376521365884,4.699156438587152,60.76760180081438,9.956567841326374,0.7214004040315657,0.5540890702916426,0.0,1.4481229750479612,0.0,0.8669538679051754,15.730869949859159
2013-11-07,5.710726122137748,5.105523328239615,65.72795955953599,10.774703100734454,0.7963490526763416,0.0,1.6315139956379807,1.5726941642638812,0.0,0.0,8.680530676773994
2013-11-08,5.887115054804228,5.263161190135861,68.13356688342392,11.176634739921793,0.0,0.0,0.0,1.6307617032725326,0.0,0.971365112480729,6.9373953159609325
2013-11-11,16.01599897952781,14.304273676611063,0.0,30.468875098050084,0.0,0.0,4.627163002731404,4.438818430154094,0.0,0.0,30.14487081292554
2013-11-12,15.488330529372307,13.8331693794771,0.0,29.466383430833375,2.20704400257733,1.6351682822835882,4.312693936519826,4.282247700938345,0.0,2.573521185622102,26.201441552376032
2013-11-13,5.5537488862792594,4.972578405824561,64.28027473525302,10.565935664182396,0.7933011931728194,0.5888652659882061,1.5603212797714008,1.5361773651913717,0.0,0.9322721451095936,9.216525059227374
2013-11-14,18.61247372921109,16.650008372763324,0.0,35.33596338112118,0.0,1.986512737284065,5.260040884106939,0.0,0.0,3.086045436939823,19.068955458573576
2013-11-15,6.015606553980068,5.3551886861872235,69.3125347582471,11.391638336382885,0.0,0.645215530385194,1.703013819192105,0.0,0.0,0.0,5.576802315625423
2013-11-18,5.402311333862919,4.818049900209299,62.21472181832344,10.223706144802094,0.7360388989913126,0.6095064673056879,1.5295395937772471,1.49885945352547,0.0,0.0,12.96726638920253
2013-11-19,5.928236301751785,5.268072700181197,68.17044744303237,11.215066321714126,0.0,0.6588395295415479,1.6870152847991415,1.668894724325856,0.0,0.9738066611179498,4.429621033536033
2013-11-20,16.922044223093742,15.06329873992879,0.0,32.0971446077115,0.0,1.8576600228785278,4.841609279367294,4.931218165559726,0.0,0.0,24.287024961460425
2013-11-21,5.508088016401805,4.888345426484089,63.502627421026716,10.42459417934639,0.7635689389212251,0.6105567161388683,1.5638824303997867,1.612938903937836,0.0,0.9008183100337529,10.224579657309539
2013-11-22,5.513186937431282,4.894680316716352,63.68464031074009,10.451879128424258,0.0,0.6061280061825084,1.5556668173991546,1.6159735792526382,0.0,0.0,11.677844903853718
2013-11-25,0.0,5.316027397166806,69.24239816011932,11.356661494339845,0.0,0.0,1.6966365594491706,1.7602187088989394,0.0,0.9686750452471264,9.659382634778787
2013-11-26,5.983159031412584,5.301016459112125,69.08346456374117,11.318916206023042,0.0,0.0,1.6884340100786714,0.0,0.0,0.973075555434076,5.651934174198338
2013-11-27,52.68930246394498,0.0,0.0,0.0,0.0,0.0,14.848490536292575,0.0,0.0,0.0,32.46220699976243
2013-11-28,6.049030763919526,5.342791038940539,69.70528263224097,11.4357629817589,0.0,0.0,0.0,1.7681488509850893,0.0,0.0,5.69898373215498
2013-11-29,0.0,24.768064557038688,0.0,53.19704602731199,0.0,0.0,0.0,0.0,0.0,0.0,22.03488941564932
2013-12-02,5.825551456051081,5.069594477685451,66.606145329807,10.928262430445997,0.8069557189674497,0.0,0.0,1.7680115712426545,0.0,0.0,8.995479015800353
2013-12-03,18.688517284036188,16.259347634067204,0.0,35.042390432586735,0.0,2.035040211057172,0.0,5.9283167351007435,0.0,0.0,22.04638770315196
2013-12-04,18.22785359916794,15.851690123594,0.0,34.18729322559864,0.0,1.9650724855212736,5.091613674307808,0.0,0.0,0.0,24.676476891810346
2013-12-05,19.245060193273776,16.763181060923202,0.0,36.184548349702915,0.0,0.0,0.0,6.138615936387634,0.0,3.1274205373244843,18.541173922387987
2013-12-06,16.14351908665531,14.032688127966008,0.0,30.28845526836686,2.258586473228686,0.0,4.52875709881513,0.0,0.0,2.657286054965322,30.090707890002683
2013-12-09,0.0,17.293393643047622,0.0,37.333288191505616,0.0,2.1591086303103335,5.582829264678005,0.0,0.0,3.3340120924352727,34.29736817802315
2013-12-10,17.757154822061644,15.40688190125484,0.0,33.258301443024784,2.4935041647076748,0.0,0.0,0.0,0.0,3.0490177677202537,28.035139901230806
2013-12-11,25.20285840478233,0.0,0.0,47.26943695438613,0.0,0.0,0.0,0.0,0.0,4.3547712317256595,23.17293340910588
2013-12-12,0.0,43.5683191969523,0.0,0.0,7.0854404991685715,0.0,0.0,0.0,0.0,0.0,49.34624030387913
2013-12-13,17.73230532025244,15.354042747670317,0.0,33.04927202617651,0.0,0.0,4.985744165223963,0.0,0.0,0.0,28.878635740676778
2013-12-16,0.0,38.42852439640704,0.0,0.0,6.285363977179545,4.800342224491631,0.0,0.0,0.0,7.1938178028843325,43.291951599037446
2013-12-17,0.0,0.0,0.0,0.0,15.45064973098408,0.0,0.0,0.0,0.0,0.0,84.54935026901592
2013-12-18,0.0,0.0,92.4124764668151,0.0,0.0,0.0,0.0,0.0,0.0,0.0,7.587523533184903
2013-12-19,6.020413768350409,5.193157015998474,68.8302484229386,11.220564571088495,0.0,0.0,0.0,0.0,0.0,0.9752614225394342,7.760354799084587
2013-12-20,19.30932006521138,16.654262501081345,0.0,36.01890444300253,0.0,0.0,5.4219011651466635,6.403725721437318,0.0,0.0,16.19188610412076
2013-12-23,34.48403810748957,29.73846550167195,0.0,0.0,0.0,0.0,0.0,12.336141130645679,0.0,0.0,23.441355260192804
2013-12-27,6.030149146663135,5.18148395015758,68.87054263702228,11.235780643124151,0.0,0.0,0.0,2.2275898289319986,0.0,0.0,6.454453794100855
2013-12-30,5.410582656869919,4.638398612779765,61.69706516387385,10.047388725732144,0.7466227254127729,0.0,1.5141666022368663,1.9790812930737416,0.0,0.844020759208207,13.122673460812727
2014-01-02,20.995308512953464,17.899640433471127,0.0,38.81917445519625,0.0,2.259133891675403,5.886823553714416,0.0,0.0,0.0,14.139919152989343
2014-01-03,22.090714059732967,18.800321438029584,0.0,40.61004683356393,0.0,0.0,0.0,0.0,0.0,0.0,18.49891766867352
2014-01-06,5.8432013905100275,4.97696485237809,66.34015469352016,10.688279925888963,0.0,0.0,1.6409619249773324,0.0,0.0,0.0,10.510437212725424
2014-01-07,18.74909285472407,15.681337993925382,0.0,33.923521949992285,0.0,2.0256146971650972,5.322026697191298,0.0,0.0,2.90767589853906,21.390729908462806
2014-01-08,27.474437180496153,0.0,0.0,49.540707513901545,0.0,0.0,7.713504200564492,0.0,0.0,0.0,15.271351105037812
2014-01-09,22.053790201012053,0.0,0.0,39.759556005851216,3.1225238260399952,0.0,6.163794403585212,7.948538103163097,0.0,0.0,20.951797460348427
2014-01-10,18.751807765882496,15.640827069606308,0.0,33.799452125059624,2.6467588572527645,0.0,5.220275043618663,6.762754066971965,0.0,0.0,17.178125071608182
2014-01-13,23.096878004043454,0.0,0.0,41.277203435693174,0.0,0.0,0.0,0.0,0.0,0.0,35.62591856026337
2014-01-14,0.0,0.0,0.0,57.22674088994607,0.0,0.0,8.839871266975601,11.320091535958364,0.0,0.0,22.613296307119963
2014-01-15,0.0,24.03220641190174,0.0,51.943916280728544,4.136067546468858,0.0,0.0,0.0,0.0,0.0,19.88780976090086
2014-01-16,0.0,23.013753294350984,0.0,49.63997999257161,0.0,0.0,7.723972594847305,0.0,0.0,0.0,19.622294118230098
2014-01-17,19.94567965790854,16.20313656662887,0.0,35.091784876192314,2.859150993945102,0.0,0.0,0.0,0.0,0.0,25.900247905325173
2014-01-20,19.7408915373737,15.99095306406751,0.0,34.47559076542938,2.8627347834258257,0.0,0.0,6.943658888293512,0.0,2.8515497498380804,17.134621211571996
2014-01-21,29.977733459917843,24.271575289377694,0.0,0.0,4.505287210245322,0.0,8.210278602203108,0.0,0.0,0.0,33.03512543825604
2014-01-22,18.28928864280231,14.829371662231008,0.0,31.985586205223722,0.0,0.0,0.0,6.441673849864177,0.0,2.650377725423605,25.803701914455182
2014-01-23,17.404626819634807,14.123355411404892,0.0,30.38383273075111,0.0,0.0,4.764112920927746,6.1225205706720685,0.0,0.0,27.201551546609373
2014-01-24,16.966542436828604,13.808067937992147,0.0,29.53008639081239,0.0,1.7516025313629933,4.642921295230679,0.0,0.0,2.4548875310439793,30.8458918767292
2014-01-27,6.034087642742645,4.941432612826326,65.9341547085719,10.53471923129668,0.0,0.0,1.9338080619917875,0.0,0.0,0.8784622378402995,9.743335504730359
2014-01-28,5.713955213055713,4.694045388187178,62.40725865457802,10.005060797790907,0.8567756465236852,0.0,1.8434125090251081,2.009488219436844,0.0,0.7823587872138638,11.687644784188679
2014-01-29,16.959854648520388,14.03771692477925,0.0,29.758173517590265,0.0,0.0,5.678511421010597,0.0,0.0,2.372108141970231,31.19363534612927
2014-02-04,6.294999515220335,5.217810260381859,68.89697782014588,11.035978078116404,0.0,0.0,2.1093181484493013,0.0,0.0,0.0,6.444916177686226
2014-02-05,6.047944355433437,5.0228598577877985,66.22530130602038,10.613089589175349,0.0,0.0,2.040603198370706,2.1405173491287877,0.0,0.0,7.909684344083533
2014-02-06,0.0,5.614821817723499,74.12809305329667,11.877972459931287,0.0,0.0,0.0,2.4389309290444547,0.0,0.0,5.940181740004093
2014-02-07,6.0925126878646,5.069694710970398,66.96023238695601,10.728511086441268,0.0,0.0,0.0,2.1907232973820734,0.0,0.0,8.958325830385657
2014-02-10,19.334992028465717,16.11401036829622,0.0,34.02572722616324,2.9356430294696665,0.0,6.552368516708363,7.024158770051827,0.0,2.703276579489286,11.309823481355679
2014-02-11,6.46947648090139,5.383831751219016,71.1671394213651,0.0,0.0,0.0,2.2055198258962148,2.4989364831576872,0.0,0.0,12.2750960374606
2014-02-12,0.0,20.95106381195533,0.0,44.819135069724176,0.0,0.0,8.586720580854525,9.695340426206567,0.0,0.0,15.947740111259401
2014-02-13,5.6953927705900185,4.7496989696916225,63.0056517422773,10.221126523646353,0.8801438553731802,0.0,1.9823373544987495,2.2219351552923703,0.0,0.0,11.2437136286304
2014-02-14,5.854145339692459,4.885287749631463,64.95820238455653,10.55216474090488,0.0,0.0,2.0457716194491975,2.3362879770724105,0.0,0.831280811178506,8.536859377514551
2014-02-17,6.786818505777141,5.664714552796039,75.32813422725638,0.0,0.0,0.0,0.0,2.7404073907023463,0.0,0.0,9.47992532346809
2014-02-18,18.817091968564124,15.678310888133248,0.0,33.98489075952435,2.9142041271515833,0.0,0.0,7.880892318767155,0.0,2.6688051079869024,18.055804829872635
2014-02-19,20.53614546507811,17.0998321093504,0.0,37.19716424091671,3.24748374133838,0.0,7.15261027110541,0.0,0.0,0.0,14.766764172210983
2014-02-20,28.498477430672764,0.0,0.0,51.66191706757189,0.0,0.0,0.0,0.0,0.0,4.020339683357086,15.819265818398252
2014-02-21,6.318418249243868,5.234969158402691,69.71231041456663,11.463397401708079,0.0,0.0,0.0,0.0,0.0,0.8928418012061234,6.378062974872613
2014-02-24,6.55333929415676,5.446255611298053,72.3711675782232,11.937822948471984,0.0,0.0,0.0,0.0,0.0,0.9162943554532079,2.7751202123967973
2014-02-25,22.75832298788228,18.889629962793823,0.0,41.41975300673694,0.0,0.0,7.858740097785821,0.0,0.0,0.0,9.07355394480114
2014-02-26,0.0,42.488222559258276,0.0,0.0,0.0,0.0,0.0,22.20457127887501,0.0,6.996458717188133,28.31074744467858
2014-02-27,22.350994344468507,18.477992012768834,0.0,40.651610930556046,0.0,0.0,0.0,0.0,0.0,0.0,18.519402712206606
2014-02-28,22.263566250095757,18.428067094830375,0.0,40.51384330950314,0.0,0.0,0.0,9.620042159181509,0.0,0.0,9.17448118638922
2014-03-03,21.456311632079224,0.0,0.0,39.25177724381781,0.0,0.0,7.446641256974283,9.35124399781707,0.0,0.0,22.494025869311614
2014-03-04,0.0,17.43759616182071,0.0,38.39556699316948,3.385910581893529,0.0,7.244851414637813,9.098625952278603,0.0,0.0,24.437448896199868
2014-03-05,6.067758806771885,5.045753147463405,67.15285021981086,11.09412426606184,0.0,0.614701273187664,0.0,2.635038093554169,0.0,0.0,7.389774193150176
2014-03-06,16.97752622606627,14.168137440280178,0.0,31.130491018510014,0.0,0.0,5.790188913545519,0.0,0.0,0.0,31.93365640159802
2014-03-07,6.182259678797775,5.162005303035973,68.19597922787071,11.318101877851968,0.0,0.0,2.1094466674696726,0.0,0.0,0.856786091755911,6.175421153218
2014-03-10,19.996759252587115,16.779432527221935,0.0,36.60155070923404,0.0,2.0237654507372307,0.0,0.0,0.0,0.0,24.598492060219684
2014-03-11,5.858423488990083,4.920032311250235,64.56128816962183,10.721394793523427,0.0,0.0,1.9913075183972822,2.4329830736805933,0.0,0.0,9.514570644536546
2014-03-12,32.277259070865504,27.327858656251152,0.0,0.0,0.0,0.0,10.976088160127102,0.0,0.0,0.0,29.418794112756242
2014-03-13,20.82374969497178,17.788171117311816,0.0,38.478982747889106,0.0,0.0,0.0,0.0,0.0,0.0,22.909096439827298
2014-03-14,18.254858545847398,15.198158685663396,0.0,32.824696115163405,0.0,0.0,0.0,7.433242172539391,0.0,2.329277680566707,23.959766800219704
2014-03-17,27.496080215235274,0.0,0.0,49.4454000719334,0.0,0.0,0.0,0.0,0.0,0.0,23.058519712831327
2014-03-18,31.364939516800526,26.113064185183894,0.0,0.0,0.0,0.0,0.0,12.791168114812232,0.0,0.0,29.73082818320335
2014-03-19,0.0,21.94292679530143,0.0,47.33654382981929,0.0,0.0,8.678909649954052,11.122240804913677,0.0,0.0,10.919378920011551
2014-03-20,37.753132763452456,31.48495966020316,0.0,0.0,0.0,0.0,0.0,16.03425901556011,0.0,4.726531650573175,10.001116910211097
2014-03-21,34.87204900499449,29.154351408939082,0.0,0.0,5.418834336019386,0.0,0.0,0.0,0.0,0.0,30.554765250047048
2014-03-24,21.72561506440204,18.170582510194215,0.0,39.018007880541006,3.3301146718741315,0.0,0.0,9.347068503021209,0.0,0.0,8.408611369967401
2014-03-25,24.21056053605104,20.259504106906736,0.0,43.499851627615335,3.6588762530154937,0.0,0.0,0.0,0.0,0.0,8.3712074764114
2014-03-26,17.328278486878137,14.451197821334159,0.0,30.92952262951304,0.0,1.7549648007362653,5.67388618293614,7.4635373429230585,0.0,2.169135057376455,20.229477678302743
2014-03-27,15.08197399659212,12.576256342244765,0.0,26.865919471468597,2.288050226451574,0.0,5.069377167413166,6.880404483369458,0.012709579031941138,0.0,31.22530873342838
2014-03-28,27.127791826612857,22.601239734715755,0.0,0.0,0.0,2.6814001585350122,0.0,12.422088152970783,0.0,3.3855890027045072,31.781891124461083
2014-03-31,6.111901299171696,5.073752987405961,65.52975156826608,10.870601866289489,0.9450629606019828,0.6107748295040326,0.0,2.9176170176842984,0.0,0.796704477990734,7.143832993085729
2014-04-01,20.478287564204045,16.974734354550897,0.0,36.394226136241464,0.0,0.0,0.0,9.743863046169942,0.0,2.682522198268494,13.726366700565158
2014-04-02,6.196291764546154,5.127136160020843,65.43459893501159,10.944315942813569,0.9244215660397077,0.0,2.084764145638146,0.0,0.0,0.8329009926327164,8.455570493297275
2014-04-03,6.690992271467914,0.0,69.39511868898474,11.659088201944128,0.0,0.0,2.230700005071159,3.1199405741114536,0.0,0.899471195802401,6.004689062618205
2014-04-04,0.0,0.0,0.0,46.2387286879034,0.0,0.0,8.865550237324758,12.4204510915229,0.0,3.677211250660083,28.798058732588864
2014-04-07,0.0,20.85402940566691,0.0,44.73607769990118,0.0,0.0,0.0,11.999067114807263,0.0,0.0,22.41082577962465
2014-04-08,0.0,23.37406645588699,0.0,50.195373674084586,0.0,0.0,0.0,0.0,0.0,4.067735175016681,22.362824695011742
2014-04-09,20.41470509929453,16.61693797387897,0.0,35.63995657313222,0.0,0.0,6.881511586864679,0.0,0.0,2.9300947022067083,17.516794064622903
2014-04-10,25.533195316845898,20.800909956391067,0.0,44.95071959531405,0.0,0.0,0.0,0.0,0.0,0.0,8.715175131448985
2014-04-11,25.285368467376145,0.0,0.0,44.66142034329819,0.0,0.0,8.516970328502252,0.0,0.0,0.0,21.536240860823412
2014-04-14,0.0,39.74980903408708,0.0,0.0,0.0,0.0,0.0,22.738066528474427,0.0,6.935837801236559,30.576286636201935
2014-04-15,29.509679082783087,24.052563335853893,0.0,0.0,4.351873406947609,2.9356233283270123,0.0,0.0,0.0,4.167908321881743,34.982352524206654
2014-04-16,6.833315427664177,5.577491992152078,72.38840387945004,10.297082567856139,0.0,0.0,2.302585026707028,0.0,0.0,0.0,2.6011211061705426
2014-04-17,22.75429585675778,18.914120737387783,0.0,34.97816953536367,0.0,2.2707446707735217,0.0,0.0,0.0,3.2272914082503568,17.855377791466886
2014-04-22,8.04024824778157,0.0,53.10767472894796,0.0,0.0,0.0,2.756024839470977,0.0,0.0,0.0,36.09605218379949
2014-04-23,18.49968974447488,15.410702406576904,0.0,28.51306509710467,0.0,1.8496758747699762,6.376788686278722,0.0,0.0,0.0,29.350078190794854
2014-04-24,22.794165206733165,18.998064048611965,0.0,35.082757146070634,0.0,0.0,0.0,0.0,0.0,0.0,23.125013598584232
2014-04-25,0.0,27.841259361090252,0.0,51.106951051321104,0.0,0.0,0.0,0.0,0.0,4.736267516399936,16.315522071188703
2014-04-28,23.913211875683416,20.070014004952597,0.0,36.796110026718445,0.0,2.4352262811349252,0.0,0.0,0.0,0.0,16.78543781151062
2014-04-29,8.630746224175153,7.156699920897343,56.47052592946893,13.119516737852768,0.0,0.0,2.931927456889503,4.317846588929807,0.0,0.0,7.372737141786496
2014-04-30,7.660993255701828,5.4139429345048775,42.86432761710989,9.992234494014712,0.9633349603088934,0.6791537421644415,0.0,0.0,0.0,0.9116237861491655,31.51438921004619
2014-05-02,12.984036008599457,9.174748034461038,0.0,42.31830426919324,0.0,1.219661861263,3.792777012027092,5.5477898243013115,0.00045879395381278373,0.0,24.962224196201053
2014-05-05,13.583776564405827,9.594649778321399,0.0,44.24476175308675,0.0,0.0,0.0,0.0,0.0,0.0,32.57681190418603
2014-05-07,8.102709798910329,5.710512983689003,46.65357294890596,26.34114684464073,0.0,0.7802618866535149,0.0,0.0,0.0,0.0,12.411795537200465
2014-05-08,6.3700977883962615,4.40620288086052,56.966616540774694,20.347370052367424,0.0,0.689908892513776,0.0,0.0,0.0,0.0,11.219803845087318
2014-05-09,11.185301435023629,7.618955679316521,0.0,35.09587953156406,0.0,1.2108940637458658,3.154973167600452,4.604312267799962,0.0,0.0,37.129683854949505
2014-05-12,14.689174768313446,9.719661812380494,0.0,44.75114878521861,0.0,0.0,4.053773733459865,0.0,0.0,0.0,26.786240900627583
2014-05-13,13.592625372093462,10.034197528296403,0.0,40.59548037551921,1.5938703447673261,1.3608547864364198,3.412937036343732,5.309782981209525,0.0,0.0,24.10025157533392
2014-05-14,0.0,5.218246974753766,58.872318702613214,21.066464677353622,0.0,0.0,1.7728001811344356,0.0,0.0,0.7701443228339563,12.300025141311009
2014-05-15,16.77450043287614,12.156143619355776,0.0,48.90470192977774,0.0,0.0,0.0,0.0,0.0,0.0,22.164654017990344
2014-05-16,15.37490384346794,10.955189543629649,0.0,43.9920816758556,1.7315236159733665,0.0,3.844389497048331,0.0,0.0,0.0,24.10191182402511
2014-05-19,7.219792581254334,5.152356547464802,57.6699045885359,20.631637393410518,0.0,0.0,0.0,0.0,0.0,0.0,9.326308889334445
2014-05-20,6.887740056388518,4.877075226633732,53.866797747642636,19.265183897595733,0.0,0.6546195810222721,1.6899209383001526,2.5358369745139138,0.0,0.7225870532120088,9.500238524691031
2014-05-21,0.0,15.305449034404955,0.0,59.71220215237334,0.0,0.0,5.281567305631251,0.0,0.0,0.0,19.70078150759046
2014-05-22,17.51624511443722,12.5904456365977,0.0,47.968273827213935,1.9113452684337908,0.0,4.253475332028353,0.0,0.0,1.82248020412795,13.937734617161055
2014-05-23,18.194276962395534,13.081671672268126,0.0,49.76764655213255,0.0,1.7136904890855942,0.0,6.5486885259635645,0.0,0.0,10.694025798154641
2014-05-26,7.1296175250363385,5.127034386251623,53.58254115210571,19.225838408480563,0.0,0.0,1.7587551458202386,2.530013819211349,0.0,0.765198314820829,9.881001248273344
2014-05-27,0.0,16.686769233401932,0.0,61.80356476935317,0.0,0.0,5.741406976737464,0.0,0.0,0.0,15.768259020507431
2014-05-28,0.0,14.794705700854744,0.0,54.777806002049225,2.222665362609061,0.0,5.177256448386317,7.534131120485619,0.0,0.0,15.493435365615039
2014-05-29,18.044387268921422,13.223570989447925,0.0,48.47816204479841,1.9748376058039225,0.0,4.712392266521253,0.0,0.0,0.0,13.566649824507065
2014-05-30,20.399788229451133,0.0,0.0,54.72457936828251,0.0,0.0,5.324239159009625,0.0,0.0,0.0,19.551393243256733
2014-06-03,17.07658384080945,12.571595355658891,0.0,45.76622008255132,0.0,0.0,0.0,6.314586158380175,0.0,0.0,18.271014562600158
2014-06-04,17.036178495575506,12.551659669646794,0.0,45.53374749896709,0.0,0.0,4.4315347948046675,6.311218197028769,0.0,0.0,14.135661343977176
2014-06-05,22.230181475724436,0.0,0.0,59.428046190682615,2.4211886161969165,2.0419818604730735,0.0,8.240605279702082,0.0,0.0,5.637996577220877
2014-06-06,8.001430016195211,5.85770215398924,59.19657084727794,21.245698173499665,0.0,0.0,2.1253115073060167,0.0,0.0,0.8533023289252931,2.719984972806629
2014-06-09,6.703240221495283,4.941844946711185,49.59534919590842,17.804359209024863,0.7438090038530792,0.6190542533288919,1.8159605963754895,2.520508159921995,0.0,1.4520470768256706,13.803827336555127
2014-06-10,7.4503184737194115,5.422749259220389,54.42675124010478,19.275761104750938,0.8172934763479137,0.0,2.014123661991132,2.7904630178170677,0.0,1.637109429675105,6.16543033637327
2014-06-11,7.6449683057718305,5.551958502028775,55.668499316362066,19.70595626908762,0.0,0.6995645745821518,2.0326010256130083,2.861364136414304,0.0,0.0,5.8350878701402475
2014-06-12,7.145577259777645,5.234150184557483,52.340701692215596,18.587202478736263,0.7961615420247713,0.6499133790631184,1.9093159344171111,2.7035053322634472,0.0,1.5714903265822422,9.061981870362326
2014-06-13,17.222095594405292,12.51798454882029,0.0,44.10713658169119,1.9255116974701523,0.0,0.0,6.447186184059992,0.0,0.0,17.78008539355308
2014-06-16,18.809009464686927,13.68695489599727,0.0,48.090442261921716,0.0,0.0,0.0,7.048782783851914,0.0,4.091930949338108,8.272879644204068
2014-06-17,20.033768326769703,14.543590054243802,0.0,51.15060121208046,0.0,0.0,0.0,0.0,0.0,0.0,14.272040406906035
2014-06-18,9.93989419627414,7.220217721373766,0.0,25.359204484493237,1.1303717632778916,49.095263922106305,2.595779530136031,0.0,0.0,0.0,4.659268382338632
2014-06-19,7.849961405450332,5.712675597237123,57.02929237187835,20.045760839317943,0.0,0.0,0.0,2.9356865371318737,0.0,0.0,6.426623248984374
2014-06-20,0.0,0.0,48.130645616139915,16.91982019723367,0.0,32.78522626614874,0.0,0.0,0.0,0.0,2.164307920477674
2014-06-23,4.909868502424001,3.5690187935071074,35.40486663631662,11.436552086095524,0.5571335381714941,24.13828042145599,1.276366789150429,1.8295651608316137,0.0,1.0583547879588553,15.819993284088369
2014-06-24,5.56425583051217,4.027332752061592,40.01462966416855,12.930266068493786,0.0,27.301628099730397,1.4566849218868003,2.079680438962192,0.0,1.196714273958305,5.428807950226208
2014-06-25,5.77788416670446,4.179232988270401,41.53823174841743,13.42791357851055,0.0,28.35595459147632,0.0,2.1510443017413268,0.0,0.0,4.569738624879512
2014-06-26,8.767253367219205,0.0,62.501992453086686,20.203724555606286,0.0,0.0,2.2721249309914135,0.0,0.0,0.0,6.254904693096414
2014-06-27,5.899128582520538,4.2369999508049805,42.075919588986125,13.604048297999771,0.0,28.751681350623777,1.5420809767338153,0.0,0.0,1.2774009325935727,2.612740319737421
2014-06-30,45.078498365284766,32.40611167407323,0.0,0.0,0.0,0.0,0.0,0.0,0.0,0.0,22.515389960642008
2014-07-02,10.638012163573165,7.622741610156986,0.0,24.427691658786053,0.0,51.623454121208056,0.0,0.0,0.0,0.0,5.688100446275744
2014-07-03,8.840637415339707,6.331132939447924,62.93831066512935,20.353608783611662,0.0,0.0,0.0,0.0,0.0,0.0,1.536310196471357
2014-07-04,7.966028002529519,5.718343857127255,56.76877933630274,18.372071375708877,0.9105262337224918,0.0,2.0909744141716957,0.0,0.0,1.7275489023666237,6.445727878070796
2014-07-07,9.884479554259482,7.0601968485065685,0.0,22.73633579274192,1.1461416051451168,48.018265788968456,0.0,0.0,0.0,2.1465334001400853,9.008047010238375
2014-07-08,19.006312220622334,13.516078141153592,0.0,43.50428311578468,2.1672749489887058,0.0,4.951078246167231,6.981630054046478,0.0,0.0,9.873343273236978
2014-07-09,7.962577647850032,5.656640706875179,56.31038946124285,18.217520089581786,0.8864329925778128,0.0,2.072991912679569,2.9519587502423152,0.0,1.7316660563335806,4.209822382616878
2014-07-10,20.152165598313854,14.312362853692095,0.0,46.02778263923618,2.2809111890789446,0.0,0.0,7.437579046315281,0.0,4.36823343680013,5.420965236563522
2014-07-11,5.105058754717386,3.6085582586410507,35.99611283843191,11.652716865820292,0.5796907305683807,24.6024476897376,1.3261078056011475,1.8807475293544522,0.0017420631050088695,1.1210554108425863,14.125762053180189
2014-07-14,17.26517889309979,12.262272314114869,0.0,39.50171123918345,0.0,0.0,4.478235028849655,6.389867501246134,0.0,0.0,20.102735023506103
2014-07-15,18.96957403063432,13.605656097467184,0.0,43.5810565530463,2.122852179427523,0.0,0.0,0.0,0.0,4.225342609477748,17.495518529946924
2014-07-16,5.631872830681276,3.9043567161897412,38.08092816298558,11.579625399225153,0.6013673736896561,26.033479027838556,1.3951788071323492,2.0017429278181993,0.0,1.185927069371018,9.585521685068471
2014-07-17,10.257162412231944,7.0349323740385366,0.0,20.878751107989697,0.0,46.94454973087126,2.5167626120134066,0.0,0.0,2.1056049334592704,10.262236829395883
2014-07-18,8.67053554265342,5.871032271214694,57.45285293579565,17.456840025526688,0.9143373377664719,0.0,2.1182924743829212,0.0,0.0,0.0,7.516109412660161
2014-07-21,5.969156069282249,4.064751131790785,39.71080172309448,12.074116581249065,0.6357737856967309,27.137366402478115,1.4667176370229316,2.103759277542846,0.0,1.222901423515165,5.614655968327638
2014-07-22,26.846631490351115,0.0,0.0,54.31141324800599,0.0,0.0,0.0,9.473896636921204,0.0,0.0,9.36805862472169
2014-07-23,0.0,22.54339120878744,0.0,66.88679451848412,3.5071019408952324,0.0,0.0,0.0,0.0,0.0,7.0627123318332
2014-07-24,0.0,22.111618643413724,0.0,65.61022703193355,0.0,0.0,0.0,0.0,0.0,0.0,12.27815432465273
2014-07-25,6.41694510073728,4.246436008002302,41.328427017020765,12.198317653970282,0.6558513542628304,28.24246477104583,0.0,2.188849552083746,0.0,0.0,4.722708542876964
2014-07-28,19.147249421366304,12.69941945809389,0.0,36.40065378023079,1.955986378538787,0.0,4.5746195493013975,6.479433631256501,0.0,0.0,18.742637781212334
2014-07-29,9.466986221857185,6.286790646980113,60.972027529304775,18.008226294013397,0.0,0.0,0.0,0.0,0.0,0.0,5.265969307844533
2014-07-30,6.224741479005058,3.9310808378537643,38.38493016587402,10.892712588767719,0.6249968638355295,26.21485768151658,1.4328681883395924,1.986138693308891,0.0,1.1852128506436033,9.122460650855244
2014-07-31,8.864554980614454,5.5939770203323125,54.435140300187754,15.468893786610197,0.0,0.0,2.0373044431777547,2.818243305730251,0.0,1.6813485524467713,9.100537610900506
2014-08-01,11.044955620252505,6.851272928584988,0.0,18.065277193662162,1.178967597297682,46.59824396457041,0.0,3.547619441449722,0.0,2.11139203888021,10.602271215302327
2014-08-04,9.381363142532535,5.796501815582662,57.765789506514196,15.304129960237404,1.0095298216903463,0.0,2.2406519752034537,0.0,0.0,0.0,8.5020337782394
2014-08-05,11.094815265890308,6.881036040405764,0.0,18.112561651475144,0.0,46.68649219074857,2.6657824669895964,3.564068667814757,0.0,1.9531512994507383,9.042092417225128
2014-08-06,18.214849902459196,11.167561365364003,0.0,28.926566416689088,1.9368098178246074,0.0,4.258162207729838,5.684791575839801,0.0,2.656831399696467,27.154427314397005
2014-08-07,6.209257775436816,3.7562349062691207,35.25541777945126,6.9641704713379715,0.6468713250226746,24.076947065137837,1.442713426285509,1.8402717299098017,0.005116559412165775,0.8615632836002212,18.941435678136628
2014-08-08,8.965812965196495,5.527045230751878,50.552855682634025,9.994185758160269,0.9227746548168585,0.0,2.111344500733168,2.5834912433833845,0.0,1.2087524906454297,18.133737473678494
2014-08-11,8.47541266816007,5.24160014643731,47.14087044494946,7.059157435456117,0.8707150363584024,0.0,1.9896266358967316,2.463240704238003,0.0,1.1722012573845055,25.5871756711194
2014-08-12,10.124847450127653,6.438196344509553,56.305427819928255,8.425260302807319,1.0299057045424194,0.0,0.0,2.941780656365746,0.0,0.0,14.734581721719051
2014-08-13,23.48277965618623,14.821125016690633,0.0,19.419920451448757,2.4241926605482016,0.0,5.453534251797814,6.715840585722545,0.0,2.094227701628434,25.58837967597738
2014-08-14,7.08353898841938,4.4808539587934355,38.9327027098032,5.891886339270617,0.7363953762102715,26.57016011806061,1.6653716740391715,2.037974997656671,0.0,0.6143420448271911,11.986773792919447
2014-08-15,9.013561738265887,5.7287954496720435,49.61124579047912,7.49184907382158,0.9345430909708707,0.0,0.0,2.4627732670553293,0.0,0.0,24.75723158973517
2014-08-18,8.572141508057596,5.431014576809464,47.05786878981979,7.120963493617991,0.0,0.0,2.0308598911576206,2.3385211184013337,0.0,0.774407298459918,26.67422332367628
2014-08-19,6.361438941754338,4.001076661929337,34.75428590574732,5.236660649928541,0.6531777360554785,23.7510853070917,1.5195177193857945,1.7063609148845589,0.0,0.5990790146517162,21.417317148571215
2014-08-20,6.460341545644738,4.107032326799877,35.00100880682288,5.3068499512758365,0.6781874880407666,23.928320533428668,1.579556744738858,1.6841075816010815,0.0,0.5904740835103516,20.664120938136943
2014-08-21,6.572022790845801,4.197041440248814,35.66055113621267,5.40868308727525,0.6705486191484987,24.39191810406339,1.5996825554811962,1.6849699582972075,0.0,0.5982101999944087,19.216372108432772
2014-08-22,5.77245174800985,3.68751357327304,31.394276513597084,4.761538188249039,0.5892625733613179,34.16762220407791,1.3976839738933253,1.4646344731635734,0.0,0.5360807138474716,16.22893603852739
2014-08-25,9.52327782387835,6.0273448416973,0.0,7.767237247494127,0.9715513884062067,56.08951681637863,2.367226808299973,0.0,0.0,0.8790995341960866,16.37474553964933
2014-08-26,22.54134271494915,14.224911515032485,0.0,18.3947201989082,0.0,0.0,5.7447567967257,5.742285731543274,0.0,2.1210312276298176,31.230951815211377
2014-08-27,24.500558334462426,15.333006159438709,0.0,20.07295457488408,2.5111997040548273,0.0,6.441744610039322,0.0,0.0,2.2963134722939893,28.844223144826643
2014-08-28,8.61747515654495,5.4010510031509575,0.0,7.081581229853557,0.8626541121578183,50.93185785679458,2.285980295205918,0.0,0.0,0.8089096987850773,24.01049064750713
2014-08-29,9.149298296368345,5.688368284921635,49.78154727153761,7.529993997256225,0.9360798762245193,0.0,2.4009653581595733,2.3336631550093174,0.0,0.0,22.180083760522773
2014-09-01,9.827381453073682,5.981677151808228,29.7706011016312,7.982520705176772,0.9880211803768839,0.0,2.6545178375096343,2.4453811939312096,0.0,0.9093046741056271,39.44059470238676
2014-09-02,7.127130059632552,4.260963427808398,20.13472723073651,5.702673247416739,0.7059000094834814,40.67965856440494,1.9756649746982693,0.0,0.0,0.6447364594740344,18.76854602634508
2014-09-03,9.660757203358234,5.78766442971545,0.0,7.694900928288538,0.9519510836179012,54.935440560620584,2.7210806856856142,0.0,0.0,0.0,18.24820510871367
2014-09-04,12.800497550724192,7.739074951815985,36.35331480811782,10.28633291213515,1.3076560920401477,0.0,3.6304716500134475,3.1138182883784435,0.0,0.0,24.76883374677481
2014-09-05,13.36019459042511,8.067154854540652,0.0,10.753360507206885,0.0,0.0,3.7832263984736936,3.254786195569037,0.0,1.2086152562569679,59.572662197527656
2014-09-08,13.214029565228902,8.009059153456784,0.0,10.799069410957747,1.3044693727754566,0.0,3.9024216669146026,0.0,0.0,0.0,62.77095083066651
2014-09-10,30.06922985929138,18.171390820514446,0.0,24.55394985118252,2.9489387716425175,0.0,0.0,0.0,0.0,0.0,24.256490697369138
2014-09-11,9.499853191475568,5.736932204119141,49.089788346670694,7.779261627815847,0.9718062986703716,0.0,2.7929359767646678,2.335195549451899,0.0,0.0,21.794226805031816
2014-09-12,10.156202483768134,6.1088287736092255,0.0,8.325382463562386,1.0335609347433463,58.747640539335485,0.0,0.0,0.0,0.9369793833667343,14.691405421614688
2014-09-15,0.0,20.773457742227784,0.0,28.509543331297643,3.331710322459489,0.0,10.203536407216994,8.575568884975507,0.0,0.0,28.606183311822583
2014-09-16,11.427951097252576,6.846004634496093,59.04426712415329,9.377560697976877,1.1078619352341776,0.0,3.355674443298268,0.0,0.0,0.0,8.84068006758872
2014-09-17,9.723892273270325,5.8439228423460765,50.37704769009383,7.997268670233986,0.9613558742573223,0.0,2.8550260922428343,0.0,0.0,0.8996350860567379,21.34185147149888
2014-09-18,8.8035318015836,5.5254301138797475,46.86688231400494,7.4447832442519495,0.9195830077190705,0.0,2.6615595088076307,2.2219890945602168,0.0,0.8512146982154193,24.70502621697743
2014-09-19,8.764283636661302,5.435008353527208,0.0,7.391766600141788,0.9283672695459355,52.16279094348306,2.643576473471448,0.0,0.0,0.8750926579674535,21.7991140652018
2014-09-22,5.9448163328174,3.6772687044226373,31.400125689712592,4.977648873789315,0.6515888589608188,35.158524647475055,1.7717958828848142,1.4896711419229203,0.0,0.5732651641956759,14.355294703818773
2014-09-23,26.479030014495418,16.295258972190123,0.0,22.169873151107424,3.019330330878769,0.0,7.882877185494894,6.609092386144291,0.0,0.0,17.54453795968908
2014-09-24,25.93824442749456,15.950399248833572,0.0,21.758771235188732,0.0,0.0,7.719126139466022,0.0,0.0,2.5991175344159574,26.03434141460116
2014-09-25,23.754884057847033,14.327619431806148,0.0,19.64943872332434,2.659273399482846,0.0,6.9779540433693095,5.835087055911199,0.0,2.341410058702887,24.454333229556234
2014-09-26,11.062876366698521,6.526040901174274,56.9944669310694,9.066967744881277,0.0,0.0,3.2235819512539745,2.7197368746852373,0.0,0.0,10.40632923023732
2014-09-29,0.0,25.396434673583407,0.0,0.0,0.0,0.0,12.623732156832862,10.655989810281277,0.0,4.266814375595213,47.05702898370724
2014-09-30,11.098720948934576,6.460987846033948,56.72288626679152,9.009872469717049,0.0,0.0,3.211537868292723,0.0,0.0,0.0,13.49599460023019
2014-10-03,6.212771285914378,3.5754601881549157,31.648762796738716,4.9997015848373225,0.6821782793997734,35.441208869822056,1.7733642375649294,1.5152264951276382,0.0,0.6201172682861839,13.531208994154087
2014-10-06,20.064018149151433,11.371488827053824,0.0,16.003694597064126,0.0,0.0,5.714054965705588,4.854355206135977,0.0,0.0,41.99238825488906
2014-10-07,11.685355816874612,6.609925725218099,59.06782267840446,9.296075781286852,0.0,0.0,3.3272384899896292,0.0,0.0,1.168666688345949,8.844914819880406
2014-10-08,27.039622612292852,15.265162349603745,0.0,21.386847721918382,3.0029899840637775,0.0,7.644322687167487,6.512523958416186,0.0,0.0,19.148530686537576
2014-10-09,37.82829856422704,0.0,0.0,30.112230842175357,0.0,0.0,10.747345749110096,0.0,0.0,0.0,21.31212484448751
2014-10-10,10.288591408736696,5.831063298259217,0.0,8.162301353031236,1.1486603227303038,58.238574753318105,2.9202738460730715,2.4839900689824708,0.0,1.0388207082875915,9.887724240581312
2014-10-13,9.49408772586945,5.432928217925187,46.58403201706764,7.544623189938076,1.0646334295116624,0.0,2.728920407340781,2.312979592441039,0.0,0.9895843154594176,23.848211104446744
2014-10-14,10.663426145660805,6.140737588902681,51.93393337658003,8.50619580252434,1.207194851156178,0.0,3.0686246482088833,2.623115693234107,0.0,1.117997473002118,14.738774420730849
2014-10-15,11.47692623442422,6.6312758124736275,54.66029370493217,9.067896022419394,1.2873171637507836,0.0,3.263431462478577,2.7610519422307527,0.0,0.0,10.851807657290475
2014-10-16,0.0,6.683089129654654,54.52339837204752,9.111800313743347,1.2918390229365762,0.0,3.268076531797858,2.788861656157825,0.0,1.2430559266690078,21.089879046993218
2014-10-17,0.0,4.435705755206229,35.70111904394515,6.003759915152083,0.0,42.315653033600356,2.156287958082278,1.840275910157018,0.0,0.8281514790531019,6.719046904803786
2014-10-20,11.152266114906448,6.446930007945939,51.560036769164256,8.75891397081589,0.0,0.0,0.0,2.6685557182366813,0.0,1.1870380915596197,18.22625932737117
2014-10-21,6.962874228537634,4.042364669808621,31.728343811900107,5.4869819079156805,0.0,38.085196108177904,1.9427346031619348,1.671530526656922,0.0,0.7397287152698665,9.340245428571329
2014-10-22,7.300342248837717,4.357312607531201,33.013372036484526,5.727911229769578,0.0,39.775545933970484,2.024376932178944,1.75012320982206,0.0,0.0,6.0510158014054936
2014-10-23,7.414004255884649,4.240164883826959,31.693918516045038,5.529072316765174,0.0,38.391662547550126,1.9573471822873771,0.0,0.0,0.7551233974157707,10.018706900224908
2014-10-24,8.167414979012634,4.677169511562469,34.766959945741775,0.0,0.834241407113712,42.28693890978339,2.151501830118013,1.8671670845611488,0.0,0.7938903860996686,4.454715946007187
2014-10-27,12.768264862483258,7.343931571396646,54.325531272124394,9.545807163057527,1.3399664210365556,0.0,3.2688567566171787,0.0,0.0,1.3444697119839433,10.063172241300503
2014-10-28,20.709266266230227,11.924197386867434,0.0,15.495043150286653,2.1985092321561535,0.0,5.286018336754446,4.751864706587981,0.0,0.0,39.63510092111711
2014-10-29,7.604896154372601,4.383915870980022,32.284547019656664,5.681869133300355,0.777587528871233,39.39381446812049,1.9397425411998463,1.759977707972085,0.0,0.0,6.173649575526714
2014-10-30,12.714958368301959,7.33993017337823,54.010111797292495,9.501489388612933,1.3008119549250052,0.0,3.240270433012356,2.9620507769807087,0.0,1.342667124368502,7.587709983127807
2014-10-31,11.933812008579071,6.861707349140114,50.013737721680194,9.028266544556715,1.2425835383707162,0.0,3.059109079713906,2.969497792026682,0.0,1.238756324987088,13.652529640945508
2014-11-03,7.555948672486928,4.341439147280577,31.460346344002367,5.725872943793685,0.0,39.19821423004446,1.9533701001697292,1.8934919977505436,0.0,0.7878800630592616,7.083436501412451
2014-11-04,7.791362977701791,4.443014043833501,31.875929326749393,5.840726837321845,0.0,40.32079378250387,0.0,2.098460224354752,0.0,0.8039357549894228,6.825777052545431
2014-11-05,14.099514527407104,8.060418273207306,57.3338555079205,10.534421634463083,0.0,0.0,0.0,0.0,0.0,0.0,9.971790057002018
2014-11-06,13.73528221109245,7.8405216470399886,55.862765925826466,10.254023415355858,1.4170950042759332,0.0,0.0,0.0,0.0,1.3963818349046146,9.493929961504689
2014-11-07,0.0,7.702931061701612,0.0,10.034101783569339,0.0,69.47978858994338,0.0,3.6211933695655634,0.0,0.0,9.161985195220101
2014-11-10,13.36028854928438,7.630072820225127,0.0,0.0,0.0,68.88481502063578,0.0,0.0,0.0,0.0,10.124823609854715
2014-11-11,8.153071520878367,4.650906709591263,33.08966033561554,6.076799414401667,0.0,42.10432295987404,0.0,0.0,0.0,0.0,5.925239059639125
2014-11-12,7.310679677669296,4.216448180553876,30.134680351785896,5.520215837405276,0.7745669147533228,38.36712101158319,0.0,1.9495142349178047,0.0,0.7536304097520603,10.973143381579279
2014-11-13,10.76816112068269,6.156103112473922,0.0,8.08751101246648,1.1325334825751945,56.33044584084287,0.0,2.860897266342067,0.0,1.0883829615174823,13.575965203099294
2014-11-14,0.0,4.854466330647615,34.86557640086059,6.379481778927146,0.8892857680295057,44.44643317876678,2.199845385025864,0.0,0.0,0.8572140747204563,5.507697083022042
2014-11-17,7.831011116833704,4.540419534082017,32.51228840308527,5.950113783531671,0.0,41.46640865909566,0.0,2.096071296902881,0.0,0.0,5.603687206468787
2014-11-18,12.314013851737522,0.0,0.0,9.34532772459796,0.0,65.27187910739207,0.0,3.2990648519393697,0.0,1.2658633973383766,8.503851066994708
2014-11-19,0.0,0.0,0.0,0.0,0.0,95.03144235259778,0.0,0.0,0.0,0.0,4.968557647402215
2014-11-20,0.0,8.154558350461853,0.0,11.40715012265298,0.0,74.83061985616008,0.0,0.0,0.0,0.0,5.607671670725077
2014-11-21,11.824293713174654,6.837767742621301,0.0,9.574512780774795,0.0,62.79443673072459,3.08877439519012,0.0,0.0,1.2098318742368825,4.67038276327766
2014-11-24,11.669374726982808,0.0,0.0,9.441909988576619,0.0,61.95932707016164,3.0514737538777426,3.0999682491913028,0.0,1.2083287398476528,9.569617471362236
2014-11-25,13.478784796457322,7.838583133453785,0.0,0.0,1.4254168023073615,72.02018612737852,0.0,0.0,0.0,0.0,5.237029140403006
2014-11-26,12.20380240864969,0.0,0.0,9.8453409534709,0.0,64.89600031198906,0.0,3.2317236533549023,0.0,0.0,9.823132672535458
2014-11-27,0.0,30.18349065917564,0.0,42.041195224873086,0.0,0.0,0.0,0.0,0.0,5.371409117027119,22.403904998924155
2014-11-28,0.0,8.6680495761046,0.0,0.0,0.0,79.41171519248655,0.0,3.9637775510175657,0.0,0.0,7.956457680391274
2014-12-01,12.252884975929696,7.056427381642921,0.0,9.792251342860649,0.0,64.64150258641122,0.0,0.0,0.0,1.2606194452369892,4.9963142679185175
2014-12-02,11.750576219988131,6.766852312270319,0.0,9.386251060043767,0.0,62.05531582061374,0.0,3.0152717271494893,0.0,1.2065594921792395,5.81917336775531
2014-12-03,8.418062346873958,4.8441679940026106,34.61372269337243,0.0,0.0,44.62942470709852,0.0,2.1601894856558377,0.0,0.8668924046592691,4.467540368337373
2014-12-04,0.0,8.60347828441653,0.0,0.0,0.0,79.36632724412091,3.830640413821295,3.838739207614148,0.0,0.0,4.360814850027122
2014-12-05,32.912097121167214,19.01102650685151,0.0,26.650041910004745,0.0,0.0,8.383147480471553,0.0,0.0,0.0,13.043686981504978
2014-12-08,26.1747210999394,15.213944204007435,0.0,21.199532369987462,0.0,0.0,6.769653357504519,6.686771536521137,0.0,2.699259255800101,21.256118176239944
2014-12-09,11.823097235788534,6.882023218476201,0.0,9.582013783565973,0.0,62.93324596345566,3.0929162810958846,0.0,0.0,1.217369964965563,4.469333552652181
2014-12-10,11.24057370609728,6.688803389583763,0.0,9.434796284959102,0.0,61.432275142769086,3.0080494428982236,2.948885675339257,0.0,0.0,5.246616358353283
2014-12-11,7.627158076897065,4.488911053647864,32.00418423819752,6.321766185892373,0.0,41.44877605037472,0.0,1.9849483207220446,0.0,0.8016273615962368,5.3226287126721745
2014-12-12,47.81375280804692,28.072001791380806,0.0,0.0,0.0,0.0,0.0,0.0,0.0,0.0,24.114245400572273
2014-12-15,11.58900706072047,6.794408211522325,0.0,9.29282268256338,0.0,62.9307744203455,0.0,0.0,0.0,1.2168803578105902,8.176107267037729
2014-12-16,13.112685856727651,7.698051611137226,54.92951557534538,10.288852340388896,0.0,0.0,3.4860246240623156,0.0,0.0,1.4399927744922996,9.044877217846235
2014-12-17,0.0,27.41698661761354,0.0,36.62518928805402,4.956595340322123,0.0,0.0,0.0,0.0,5.129371582823054,25.87185717118727
2014-12-18,35.27895207329113,0.0,0.0,28.29545258866312,0.0,0.0,9.353929493129518,0.0,0.0,3.8717128076680796,23.19995303724815
2014-12-19,7.880398765218858,4.618958639207304,32.98829154061956,6.425904823922693,0.0,42.83097661281292,2.098854772916049,0.0,0.0,0.0,3.1566148453026255
2014-12-22,13.04213539199533,7.62777957827062,54.62724845019776,10.670637585464798,0.0,0.0,3.5313703245306147,3.4029176408745263,0.0,1.4191205567699696,5.678790471896384
2014-12-23,34.868158136025585,0.0,0.0,28.81974034655966,0.0,0.0,9.462203742048466,9.056934004252247,0.0,0.0,17.792963771114046
2014-12-29,7.584587756075627,4.432275580452512,31.700371835857727,6.250488621497762,0.8136076341129611,41.30735979674921,0.0,1.9571071358710252,0.0,0.8211154934158184,5.133086145967356
2014-12-30,28.947467958074736,16.870045616505436,0.0,23.789937543385566,3.300172848320498,0.0,0.0,7.691024944411621,0.0,3.1481472511853585,16.253203838116782
2015-01-02,32.10653475358923,18.686029765320743,0.0,26.345476620274205,3.6869866363470853,0.0,0.0,0.0,0.0,3.486328479228816,15.688643745239917
2015-01-05,25.89280883089817,15.065536827899702,0.0,21.282448384610923,2.9943662656447523,0.0,7.003678726478073,7.042883908320584,0.0,2.9693778973897573,17.748899158758036
2015-01-06,11.045548027989529,6.671961688083415,48.1928846417594,9.382784627873038,2.0899658266442223,0.0,3.1259170677965007,3.0904799546923036,0.0,1.320805388632476,15.07965277652912
2015-01-07,9.839946842040739,6.014467365110622,44.004370801142734,8.705176038012146,1.9992080553533718,0.0,2.8489668950892395,2.871569723976498,0.0,1.2150854882757582,22.501208790998888
2015-01-08,21.431580375210928,13.12186737558888,0.0,19.004174471510105,4.441622948171987,0.0,6.2691809819168585,0.0,0.0,2.6395194172586876,33.09205443034256
2015-01-09,22.08273748394699,13.49800717615317,0.0,19.552479565202184,4.5695581455002205,0.0,6.47323597006067,0.0,0.0,2.7138531931167544,31.11012846602001
2015-01-12,10.979270594167039,6.688573189570925,49.15269475693317,9.725279953778603,2.2801849132443026,0.0,0.0,3.2248476515163356,0.0,1.3444964054096624,16.604652535379962
2015-01-13,9.855711862650386,5.971678847529881,44.00190077309991,8.708012344087981,2.0466529959753985,0.0,2.908138573138423,2.956902039462756,0.0,0.0,23.551002564055263
2015-01-14,19.64855823262894,11.90809123075207,0.0,17.494461061980893,4.09898335145819,0.0,5.928042554193192,5.914042839341195,0.0,2.407248455280417,32.6005722743651
2015-01-15,20.347399624508366,12.186084672967988,0.0,17.994425289105216,0.0,0.0,6.068317874153719,0.0,0.0,2.4743899096084983,40.92938262965622
2015-01-16,10.288978189282194,0.0,0.0,9.303381315393226,0.0,60.91064595239818,3.1375191104338085,0.0,0.0,1.2686500401274003,15.090825392365192
2015-01-19,21.545722316336786,12.921273910408015,0.0,19.267694827100293,4.510199850086154,0.0,0.0,0.0,0.0,0.0,41.75510909606876
2015-01-20,7.70243110579239,4.560983059902537,0.0,6.742490978684784,1.6257103990228585,43.49169445837479,2.2889935575385523,2.3648180391756677,0.0,0.9455043779562158,30.277374023552206
2015-01-21,18.215537533696065,10.550174956306195,0.0,15.555174919278041,3.7726170888273765,0.0,5.293064153786442,5.656234813854534,0.0,2.219527823057276,38.737668711194075
2015-01-22,21.71621103069537,12.56203373978896,0.0,18.417470790127805,4.483055281825201,0.0,0.0,6.700877747577986,0.0,2.668725128653079,33.4516262813316
2015-01-23,25.475198935625116,14.786989349316984,0.0,21.608705958540092,5.244141779561187,0.0,7.34367872644372,7.8651269228607505,0.0,0.0,17.676158327652153
2015-01-26,9.670863641819883,5.553658656166741,0.0,8.078172123375442,1.9629198401423682,52.45990513150043,2.748070605804984,2.9435235364857273,0.0,1.173839332158818,15.409047132545611
2015-01-27,7.816775612080232,4.496711572747452,32.23909204109396,6.513339081882501,0.0,42.296778568402694,2.1151204239137127,0.0,0.0,0.9489625880813973,3.57322011179805
2015-01-28,10.866262764221005,6.265033899834589,0.0,9.063850025801843,0.0,58.947390532762356,2.976888400292335,0.0,0.07585081330116768,1.3270901277299834,10.477633436056722
2015-01-29,12.461749354911825,0.0,0.0,10.337344669776257,2.5162360418782352,67.23917161308177,3.4057199806938785,0.0,0.0,1.5165179711972123,2.5232603684608144
2015-01-30,48.02756736955215,0.0,0.0,0.0,0.0,0.0,13.174668853453394,0.0,0.0,0.0,38.79776377699446
2015-02-02,7.248065333858627,4.179512166003869,30.01507978255659,6.058133529004513,0.0,39.39665760227488,1.9862641905203458,2.207717949274331,0.0,0.8952757519304969,8.013293694576348
2015-02-03,11.674817544522359,6.718119558792029,0.0,9.729468132861289,0.0,63.340757171281105,3.1968206845204317,0.0,0.0,0.0,5.340016908022787
2015-02-04,12.052909734690566,6.731964208278645,0.0,9.78223508965087,0.0,63.688090743932435,3.2356362403250274,0.0,0.0,0.0,4.509163983122452
2015-02-05,37.75572447908637,21.043521984265883,0.0,30.520534734230765,0.0,0.0,0.0,0.0,0.0,0.0,10.68021880241698
2015-02-06,10.455638750374941,5.641622402855935,0.0,8.195073336092019,1.9999086664093935,53.25241856623805,2.7443489339459033,0.0,0.0,1.2172618489424494,16.493727495141307
2015-02-09,11.864618600940108,6.404482108894213,0.0,0.0,2.268397793957807,60.46128473963313,3.107745778768346,0.0,0.0,0.0,15.893470977806402
2015-02-10,15.827643599631285,8.549495887564817,61.30515389454004,0.0,3.0395008717541776,0.0,0.0,0.0,0.0,0.0,11.278205746509673
2015-02-11,24.305889330806156,12.942141263840737,0.0,18.786113502824545,0.0,0.0,6.2939987358982386,7.1776080769381245,0.0,2.791960795832194,27.702288293860008
2015-02-12,11.371471928731053,6.094944406971618,0.0,8.767429858444146,2.1551269827131807,56.99721398039087,0.0,3.35963183232922,0.0,1.3126019790900505,9.94157903132986
2015-02-13,0.0,0.0,0.0,0.0,0.0,81.40244432976058,4.207882178876131,4.86549237486536,0.0,0.0,9.52418111649793
2015-02-16,33.901579720614556,0.0,0.0,26.093675883093503,0.0,0.0,0.0,10.304249211157877,0.0,0.0,29.700495185134063
2015-02-17,0.0,21.887614398458407,0.0,31.55242370349246,7.738359965356823,0.0,0.0,0.0,0.0,4.719951753990603,34.1016501787017
2015-02-23,0.0,74.29449993275712,0.0,0.0,0.0,0.0,0.0,0.0,0.0,0.0,25.705500067242884
2015-02-24,26.934850820366574,14.474138859095659,0.0,20.832690642192482,0.0,0.0,6.984003261520244,8.337453602060078,0.0,0.0,22.436862814764964
2015-02-25,0.0,0.0,0.0,0.0,0.0,94.53183445223259,4.894853934078198,0.0,0.0,0.0,0.5733116136892157
2015-02-26,0.0,26.60932068058986,0.0,38.31991027430565,0.0,0.0,0.0,0.0,0.0,5.701386835958432,29.369382209146064
2015-02-27,0.0,76.00661558070918,0.0,0.0,0.0,0.0,0.0,0.0,0.0,16.261626177678142,7.731758241612682
2015-03-02,26.762670061953376,14.377754584901675,0.0,20.70874223519932,5.0465489326496105,0.0,6.95880868996974,0.0,0.0,3.0563716181984346,23.089103877127844
2015-03-03,11.547702491730501,6.22448688688307,0.0,8.981622665034072,0.0,57.75004372289507,3.000284290981344,3.573349632075736,0.0,0.0,8.922510310400206
2015-03-04,32.5164339970301,0.0,0.0,25.340342570086595,6.25798917706205,0.0,8.599198360888504,0.0,0.0,0.0,27.28603589493276
2015-03-05,11.801764181037656,6.370770615039416,0.0,9.251651197510062,0.0,59.03319929812795,3.1067219602622798,0.0,0.0,0.0,10.435892748022638
2015-03-06,24.892309742855147,13.435253693220476,0.0,19.52077394673036,0.0,0.0,6.5433740158293325,7.98243035516405,0.0,0.0,27.625858246200643
2015-03-09,30.616785015020696,16.50882727729508,0.0,23.7028289205574,5.733598125282377,0.0,0.0,0.0,0.0,5.457063993275894,17.980896668568548
2015-03-10,11.716699571805622,6.305661433643399,0.0,9.029626052372617,0.0,58.253934966859546,0.0,3.798675430115122,0.0,2.2794043266719033,8.615998218531793
2015-03-11,28.239527869732058,14.981523495919152,0.0,21.67968864771578,0.0,0.0,7.3597726905363565,0.0,0.0,0.0,27.73948729609666
2015-03-12,24.926097240057903,13.196508319872366,0.0,19.187525253755357,4.619196209918221,0.0,6.495998622018551,8.176757152079258,0.0,4.822549540303878,18.575367661994466
2015-03-13,32.20810790359549,0.0,0.0,24.812675500133363,0.0,0.0,8.382903053735124,10.583941916860162,0.0,6.223753858929931,17.78861776674593
2015-03-16,7.156031550359811,3.5823791298190697,24.910706112894808,5.165252374053937,1.2384372974204856,32.836279106558955,1.7390855894498518,2.201568730727595,0.0,1.3308364171913178,19.839423691524175
2015-03-17,10.843455680783148,5.654924250395132,0.0,8.013466828792268,1.9184655607775887,50.77628258747926,2.7319315290825896,3.404698240260019,0.0,2.077807956622646,14.578967365807351
2015-03-18,7.688338504148431,3.9820964390050966,27.27522109941633,5.670622606486509,1.355005031472137,35.96589172528319,1.9467656457256355,2.4255339738722874,0.0,1.4693388186495915,12.221186155940787
2015-03-19,8.080145967243691,4.194765922067572,28.637824709115268,5.958696402906279,1.4230843769139958,37.77726143006088,2.046112936079994,2.5366957354788244,0.0,1.5328796788175627,7.812532841315936
2015-03-20,11.426619867189274,5.917895958395365,0.0,8.38083261945617,2.0093936572868945,53.48830309019211,2.8940096589233852,0.0,0.0,1.8063118179922404,14.076633330564558
2015-03-23,22.39010026710833,11.671618533692296,0.0,16.410715984464936,4.119416429062211,0.0,5.663854347388759,0.0,0.0,2.706975838384864,37.0373185998986
2015-03-24,20.61528808813341,10.699672613919944,0.0,15.172170198511264,4.6260441742196905,0.0,5.233877255988931,0.0,0.0,2.4888669223431084,41.16408074688365
2015-03-25,12.100080274388809,6.179880780862409,42.73824301979114,8.890020236177222,3.066686759165437,0.0,3.0541129009543635,3.759654901446302,0.0,1.42746817749328,18.783852949721037
2015-03-26,10.905663975756177,5.517782375593864,38.50073889540171,8.05967575602639,2.775598126534017,0.0,2.846682187909427,3.3915174584366317,0.0,1.319292029115423,26.68304919522636
2015-03-27,9.586024588575162,4.814047880602846,0.0,7.086667274483395,2.496692724939809,44.528226481478164,2.3950478357230596,2.9668044578411132,0.0,1.1418074413840293,24.984681314972427
2015-03-30,6.904717879357988,3.4010877729708873,24.28392859448428,5.073562118479632,1.9025324919828703,32.051233017166226,1.6605233908830581,2.1767729580367865,0.0,0.7375045038403436,21.80813727279793
2015-03-31,7.683129481259026,3.5136207576478022,25.89773790156407,5.370993733387903,2.041463831499757,34.17383677030195,1.7240968440053503,2.28804062685922,0.0,0.9897639006859131,16.317316152789008
2015-04-01,7.588824473978824,3.175747633988737,24.3754533535027,5.031832071391198,1.9281902834498372,32.21289932806706,1.5800972426159146,2.1645450142544638,0.0,0.9634719635809684,20.978938635170294
2015-04-02,8.529194466963986,3.0827649563681154,25.90262270638921,5.318001709052175,2.0344203295614354,33.96766955350506,1.4634583242464896,2.3156079521960558,0.0604902234342736,1.0017781582219805,16.32399162006121
2015-04-08,7.996443422517478,2.792492044097722,12.30627332454699,5.03445828974318,1.9407413295814562,32.1769398916661,1.2400977032892917,2.3734048923270645,0.05986611776533532,0.9917117656635865,33.0875712188018
2015-04-09,8.685811075277963,2.8897071328133053,13.071103882279726,5.2322157891222405,2.105390982419679,34.24459060173889,1.39201303662936,2.663917778197837,0.0,1.0355648178526689,28.679684903668328
2015-04-10,8.578783349857416,2.7681842100082585,12.496275011019064,4.6066860429983505,2.046269524963002,32.856781695467944,1.2796020558989563,2.522068588471359,0.15234134731306206,1.2553370288832788,31.437671145119307
2015-04-13,8.5265559099003,2.7119098703881632,12.528705039379687,4.624423178513932,2.035994020308573,32.89987693431314,1.2905084168443266,2.556375148107526,0.2458056618591722,1.2337795191399017,31.346066301245287
2015-04-14,9.009341488335068,2.8297172081506687,13.146526974133845,4.896863394151589,2.1634657813904936,34.53766061925135,1.3679779960592728,2.73059510115477,0.3478891806251678,1.3012367925578627,27.66872546418991
2015-04-15,8.627904304211384,2.665058027834813,12.608641834182164,4.678877366597104,2.065078600917995,33.22044333124473,1.3008584485855865,2.5675621085022677,0.4695761698409403,1.3332610699120224,30.462738738170994
2015-04-16,10.179304215517169,3.219354818198098,0.0,5.505484130308626,2.4436999108518225,38.529471623950954,1.57522666797367,2.6375168958728055,0.5536603547976362,1.6277950727493087,33.7284863097799
2015-04-17,9.044137104827966,2.9121218797271244,13.112012368197265,4.936218940623632,2.2508630659228266,34.40438820338703,1.4154889897797631,2.384665062112362,0.5098118838095048,1.4770278003766877,27.55326470123584
2015-04-20,9.074885408166296,2.9011797286623797,12.77111121229821,4.963467858233499,2.1620058780016,33.49508568493038,1.3954351508674654,2.32012940776462,0.539419081045569,1.482267506275622,28.895013083754357
2015-04-21,8.947207868339765,3.037228446842252,13.84054653142276,5.140621379112342,2.223684761128349,34.233628653316686,1.461584426054567,2.37525940541516,0.5353178829846724,1.431582255271625,26.773338390111824
2015-04-22,9.177000816760472,2.9671737455297373,13.735509428227733,5.130923762317764,1.770448213791033,33.92100802391314,1.5050560905702293,2.3930113629720933,0.6121696074268896,1.4750859201456248,27.312613028345286
2015-04-23,9.373281896583762,2.8901454085096647,13.961606486167305,5.192550837520499,1.8352714407791932,34.450865180699566,1.5052790327923011,2.455967352475899,1.137942993434787,1.7338239390311139,25.46326543200591
2015-04-24,9.98605558737307,3.145242218481809,14.408696118974254,5.4121706297591725,1.902758080562682,35.60506895881085,1.5710321213616498,2.535649479678627,1.2350967007884983,1.759982220986843,22.438247883222548
2015-04-27,10.221810830560646,3.120101575156015,14.911961175457513,5.6829199471626595,1.9556164198513335,37.407232116701216,1.6141776869677116,2.731274115963413,1.303583567569274,2.099933952490123,18.9513886121201
2015-04-28,9.16149663251424,2.8279438837884814,13.446655237489482,5.099223068959926,1.745261289551793,33.62020269193929,1.4416234877968654,2.3950004039622956,1.277443643593118,1.8811982721625182,27.10395138824199
2015-04-29,9.294625981148757,2.9686326462277766,13.782233715335657,5.291624571481746,1.7996968138359566,34.465281112217696,1.4877687726794064,2.463426110441563,1.303822974459075,1.9279620620619835,25.214925240110386
2015-04-30,8.78554661124951,2.8539532972998147,13.239314710375671,5.098366500694602,1.7186974973681153,33.123244147133285,1.5652441666926795,2.3689594342278917,1.304052819018967,1.757435533706873,28.185185282232588
2015-05-04,8.99407788652368,2.840580258845393,12.949282214797195,5.196155104166871,1.7496655996119006,33.35938147351716,1.605547697420355,2.3924749760762456,1.290634349996816,1.5342128337521082,28.087987605292277
2015-05-05,10.149215889937924,3.1723285253018547,13.704042785256737,5.742967246626358,1.949626630638796,36.640661994481775,1.657766916065368,2.6415191039578323,1.3952172584521525,1.5500109987024153,21.39664265057879
2015-05-06,9.637140912942808,3.1059048776614286,13.32887559735939,5.5779521250841695,1.8378893165979713,35.631674599632674,1.529672236495891,2.5618482337828987,1.351412697485537,1.5257365871048783,23.911892815852354
2015-05-07,8.648246846122184,2.713415373880986,10.934363824856847,4.820652380603996,1.5896186037603086,31.993555454673977,1.2812267104510722,2.375590420919137,1.2795501991790759,1.6707815635980905,32.692998621954324
2015-05-08,9.175407616307982,2.8511108350433076,11.659435001164798,5.129519453207458,1.735364054499765,33.53882311635121,1.3770606338081257,2.558036746429429,1.4920033861503192,1.8702863223611594,28.61295283467645
2015-05-11,8.92130473047416,2.7747499229423047,11.311150651523741,4.979528373322757,1.72968968594142,32.54572883725923,1.3827815478781253,2.5654894017526644,1.452010287154709,1.814682381709962,30.52288418004093
2015-05-12,9.071615743292824,2.8452146616872467,11.030447985625797,4.872667677839465,1.6946114484330932,31.79728297833197,1.379185088239464,2.5659187868980338,1.4491858233567547,1.755751042309698,31.538118763985654
2015-05-13,9.868086031763571,3.137726840607812,12.112165068150164,5.361421335861985,1.871000648918533,34.86399509889237,1.5318220747903732,2.9379320429545825,1.5802010882922668,1.926591442473707,24.809058327294636
2015-05-14,9.519074564514353,3.0652457760039056,11.741828612791357,5.236374901158904,1.8323538052200634,33.879409455044026,1.4982002366823965,2.8286610866887116,1.526931610436265,1.8655224544579945,27.00639749700202
2015-05-15,11.193562562586983,3.568887283103164,0.0,6.156461001753262,2.1394892843526367,39.87234459686867,1.766413019046169,3.2676052996282374,1.7993333755052303,2.037342430036186,28.19856114711946
2015-05-18,9.42271813760528,3.015602066290857,11.683964147508163,5.216520762950685,1.8078246004490977,33.743275415538406,1.5273661520117625,2.7581387504403683,1.5202566612758672,1.7263468244111142,27.577986481518398
2015-05-19,9.106982385041178,2.9451333966031004,11.101896018135795,4.998248765199512,1.7580272783194395,32.078352093142584,1.4638820927073037,2.558292203856155,0.7354224356089284,1.4737875330269574,31.77997579835904
2015-05-20,10.317155459824745,3.3593120109713923,12.019215162103569,5.653147752570682,1.9735419837392816,36.199580422689834,1.6469520736705365,2.8753806247938907,0.6577697357726809,1.6327484249484154,23.665196348914968
2015-05-21,11.475628827014216,3.709778946047007,13.287411496601395,6.2790894242384026,2.1951626191941807,40.032767301714415,1.8217853506569772,3.189648238224213,0.7160574004065338,1.7974049376460557,15.495265458256608
2015-05-22,10.731264647376817,3.4495687365232,12.408687541729291,5.886884544811489,2.059953791014667,37.48427200812467,1.7038496436251989,2.9176362038180708,0.0,1.756320486695056,21.601562396281544
2015-05-26,9.456331552267114,3.0254049368025204,10.990110697482775,5.221272261269229,1.8264206578874072,33.17266853449468,1.4951339389577176,2.6093646335726537,0.5870906553484097,1.6362325511510043,29.97996958076649
2015-05-27,10.662187263319876,3.400228767211258,12.365812087517938,5.843974044981529,2.301054597235848,37.29521738996534,1.6740529021416417,0.0,0.5640775255066108,1.7662487710681123,24.127146651051845
2015-05-28,9.348150513785482,3.056439131028787,11.058672478906455,5.045299301485709,2.1071151326751703,33.34848777319402,1.538323816588554,2.6095590176747554,0.5099054492638626,1.4919770873519878,29.886070298045205
2015-05-29,9.552100824477803,3.1948395576489084,11.313846982790736,5.232344886855007,2.184484261868979,34.099921830587185,1.5847189598421245,2.6441381013906646,0.6075970258630439,1.5283114918473542,28.05769607682819
2015-06-01,9.678812330965478,3.2793394090319663,11.330844570006846,5.226734641333627,2.181524570316552,33.92829719048802,1.6016192553588025,2.6283912385224784,0.4851698278588705,1.6140572168878458,28.04520974922952
2015-06-02,10.035562072755202,3.3217093058423393,11.76682698688689,5.432371159361488,2.4604197796599254,35.14161040990596,1.6725258701064185,2.7306067040817186,0.0,1.642594244300135,25.795773467099924
2015-06-03,9.224169222161484,3.073288063218233,10.92296476871554,5.027779857919545,2.28703040337856,32.636391415690234,1.5553454394066792,2.531998894635648,0.7832449373281308,1.6299292928502664,30.32785770469568
2015-06-04,10.702657720314543,3.55824247190946,12.71051178129131,5.830356104365664,2.6618126992015183,38.03073802364786,1.8303493202689696,2.9356359786005566,1.1425610512770301,1.9668801651410166,18.63025468398208
2015-06-05,10.362627202921761,3.37362199438677,12.224361916780394,5.553942059186007,2.5469411900888876,36.57370780925662,1.7363095980045837,2.8136382194717076,1.1113960322400664,1.9805055057949785,21.72294847186823
2015-06-08,16.054134822666946,5.105095629559709,18.704487452117284,8.545751789656782,3.9145792473684895,0.0,2.68732560680247,4.270195683627436,1.6685937625832301,2.86211200776765,36.18772399785001
2015-06-09,9.496825456797112,3.0317955565654273,10.636505359602578,4.990761725690348,2.3187747352994843,31.780074482500257,1.6525564663346692,3.050370970153627,1.1706655627944624,1.8113834427177222,30.06028624154431
2015-06-10,10.034718346759828,3.192434479901428,11.268546805647382,8.7020071109542,2.500645446674307,33.67765275906173,1.7583334394671097,3.2304642033225637,1.5598588872819292,1.9032318830525579,22.172106637876965
2015-06-11,11.936995574160889,3.762560548664341,0.0,10.311436044304438,3.0553410555196647,39.72329718791612,2.075126361076312,3.823912839141455,2.050852122704639,2.3216054992663078,20.938872767245833
2015-06-12,9.54622228576357,2.9631150187074558,10.612216442820777,8.151131378948987,2.4288392088082458,31.71610408189179,1.6296430893848857,3.0914346297556126,1.7891613316348525,1.8532639796024024,26.21886855268142
2015-06-15,10.177412231808724,3.1854098234008275,11.127920387222856,8.60381529478017,2.650880974213755,33.43785959579992,1.750573139686258,3.286436752258641,2.083863316827929,1.9533145961503973,21.742513887850528
2015-06-16,9.995822399306432,3.1107651638552065,10.821047309588652,8.31970519165928,2.8252482337098375,32.03341104967471,1.70121720910711,3.302298739522854,2.1761776248767934,1.8692104401694083,23.84509663852971
2015-06-17,17.21888756772819,5.3201685018414,18.428583575007647,13.69035755837141,4.828086777605094,0.0,0.0,5.5809446332146395,4.026839458104396,3.176693375590204,27.72943855253702
2015-06-18,15.962994802898145,4.838196220456849,16.85447213828689,12.484856207799409,4.76019445929775,0.0,2.649465028706098,5.105171886938123,3.6853878937352964,2.8914880509088596,30.767773310972576
2015-06-19,10.354565876901841,3.1398776397245665,10.942036949576758,6.460102632114753,3.132512199716536,32.34352218268587,1.7077728097786813,3.3176792007258453,2.3928757668668768,1.8638622689238407,24.345192472984436
2015-06-22,9.99620840977687,3.156599944305173,10.988024545450523,6.561612943281517,3.171129088899316,32.48393991955286,1.691073982761924,3.474227280385473,2.4204424568702083,1.8458717816239227,24.21086964709221
2015-06-23,10.3084227456493,3.2796078821153,11.203637922565738,5.957610683099606,3.3833939463129696,33.13950704673149,1.7786107241870501,3.2034471140077923,2.474571436171298,1.9092144562857614,23.3619760428737
2015-06-24,18.98934166206506,6.030453892808717,20.596863780545288,10.957196842556648,6.2439355644611325,0.0,3.2591801689814197,0.0,4.526720301214854,3.5286051675356394,25.86770261983124
2015-06-25,12.580615931575684,3.9894630065663947,0.0,7.210796050661263,4.152084304635287,40.10769487508167,2.144691975627957,4.12863476899868,0.0,2.3173456371065946,23.368673449746467
2015-06-26,10.387894463276512,3.2590663987063624,11.03642064088245,5.874821631624686,3.3788470919940763,32.6510439897252,1.7302275479045262,3.1460499073950516,2.508788912086761,1.8895448981126859,24.137294518291686
2015-06-29,11.414252733507345,3.581784171021078,12.047968913069802,6.414528255518512,3.942539106129449,35.67346866092258,1.8921334804967185,3.432772955009442,2.586909193899264,2.061815622256623,16.95182690816919
2015-06-30,21.479955007724794,6.7433413525171755,0.0,12.066140210338467,7.468542578498316,0.0,3.577664758934777,6.447577070823344,0.0,3.872140369095875,38.344638652067246
2015-07-02,10.201690819708599,3.0457941315936767,10.74962308192386,5.826814351811683,3.6355372594677506,31.90734363674706,1.7061629560941087,3.200603795051904,1.939114414926077,1.7494662290419876,26.03784932363329
2015-07-03,10.655211320764641,2.902793494496061,11.041065533691691,5.96796674531738,3.8825158346187085,32.80636502564816,1.7620916369379773,3.262172671492356,1.96447237810214,1.7957905563101486,23.959554802620737
2015-07-06,12.940716008309275,3.45658438882503,0.0,7.096107249761512,0.0,39.28392031993523,2.0911758714536934,3.8586393264452137,2.5599093620764424,2.0392819945951497,26.673665478598462
2015-07-07,11.117961274946374,2.9527243232865876,11.1730332437082,6.017886329411304,3.9289454756314326,33.3299261527617,1.771178952429265,3.2638726085567984,2.1427409947148237,1.7257591196410844,22.575971524912433
2015-07-08,10.802068479804086,2.9218393519554238,10.91979334264114,5.761093028161643,3.9837127446900005,32.41458875308608,1.7605453410434668,3.427642556532888,1.9050241006790585,1.5712463107314667,24.532445990674745
2015-07-09,10.88781965209986,3.0683614163546125,10.92794878592121,5.667280360315609,3.883039805360385,32.24717881247544,1.7794528073345313,3.4044217572107383,1.8887017225113785,1.5742228385678145,24.671572041848414
2015-07-10,11.478100887629317,3.2130898167003825,11.822781803639923,5.860181510454736,4.1275246242850905,34.31005526040161,1.8831459315357049,3.6090708514994194,0.0,1.752573023991564,21.943476289862247
2015-07-13,11.159670532662972,3.103032688581961,11.396042513566744,5.698515084603995,4.017746129264186,33.34741362164304,1.8326416577192448,3.4945540420867562,1.9525258715868763,1.7138356004709014,22.284022257813326
2015-07-14,10.83183401674359,3.0343245018085927,11.028150509443655,5.561760867623342,3.9258370626155106,32.59479520224325,1.790463678760032,3.4047595655144023,2.0827122049060307,1.8941433896373532,23.85121900070424
2015-07-15,12.170663511137539,3.421053912532036,12.538668121588447,6.325978440638726,4.4699615133251065,37.0765879648388,2.030036415491325,0.0,0.0,2.141264078344309,19.825786042103708
2015-07-16,11.950016649870978,3.3737619963221173,12.30584163827148,6.235360512980403,4.404250752416947,36.53108761026322,1.9873540037934967,3.8181297646944965,2.335680312534699,2.086353863757872,14.972162895094291
2015-07-17,11.690286946899999,3.297249639018239,12.056306190902955,6.102041376612076,4.3015955689235374,35.68937379394884,1.9408565108523852,3.741273892275617,2.2845897416371814,2.0504151215500386,16.846011217379136
2015-07-20,14.352113752082085,4.105302036860389,0.0,7.478528838763955,5.287184393593135,43.785143870404106,2.3907201528362747,4.582760808530475,0.0,2.514596460653222,15.503649686276356
2015-07-21,12.712214118500908,3.6458525551482235,13.088507536335841,6.47817406039652,4.687727044986136,38.75495265876315,2.11129722195084,4.054821894828927,0.0,0.0,14.466452909089448
2015-07-22,16.46459146212159,4.705418770603314,16.876571038075888,0.0,0.0,49.97639978053404,2.726788549138859,0.0,0.0,0.0,9.250230399526313
2015-07-23,15.658533293934079,4.4772262457929095,0.0,7.958985650316813,5.7565346619908615,47.609627100230604,2.588006133552092,4.969121302698875,0.0,2.7362161140516226,8.245749497432143
2015-07-24,17.57483584252777,4.996771815612828,0.0,8.879924711729807,0.0,53.22064334865665,2.890397715685188,0.0,0.0,3.0271548775738983,9.41027168821386
2015-07-27,15.053655624059795,4.289947498964269,0.0,7.5984466539965325,5.535904879043418,45.82772081216838,2.4732584837823497,0.0,0.0,2.6064764220500756,16.61458962593518
2015-07-28,0.0,5.1490800959266965,0.0,9.037887995861519,6.6532894195409975,55.04059455578226,2.969961347457854,5.774589494445391,0.0,3.135002606142219,12.239594484843067
2015-07-29,13.265531187852813,3.770669139257285,0.0,6.629372307869981,4.858206458479259,40.25341475329782,2.173782963813798,4.211827489594608,2.563064857338313,2.255283519192216,20.01884732330391
2015-07-30,15.482934676038749,4.431685625024574,0.0,7.785290234373793,0.0,47.11532382828825,2.555121644666176,4.909851492404704,0.0,2.542931857238797,15.17686064196496
2015-07-31,15.485681380172666,4.449472149337247,0.0,7.777543058280638,0.0,47.08765015447588,2.561395329024254,4.901446634437911,0.0,2.483696584755255,15.253114709516149
2015-08-03,13.805604931778962,3.9686577724826364,14.108242675931331,0.0,5.056735217466468,41.98278430741839,2.279637019220113,4.356487861954945,0.0,2.2163394235962084,12.225510790150944
2015-08-04,16.17392222381445,4.6562554373673795,0.0,8.123868376826792,5.912704889774951,49.23716377172372,2.6644262204645908,0.0,0.0,2.597515021682794,10.634144058345324
2015-08-05,13.639850420008608,3.9296470768626643,13.927735304304589,6.839681698275438,4.985985039954425,41.497690296303126,2.2299523018334364,4.3255677798314895,0.0,0.0,8.623890082626225
2015-08-06,13.015131581340922,3.749660496320569,13.28832875965843,6.5356010441087475,4.77178469084428,39.619686565910925,0.0,4.176569901477849,0.0,2.0913890055071924,12.751847954831083
2015-08-07,17.771975308147695,0.0,0.0,8.85374257713198,6.520695398230572,54.077915392627126,2.9013869682548195,0.0,0.0,0.0,9.874284355607806
2015-08-10,0.0,4.939776927818731,17.45515312122903,8.530202390577198,6.283132596664707,52.052486103668926,0.0,0.0,0.0,0.0,10.7392488600414
2015-08-11,21.75109086637958,6.297273584439001,22.167918065664256,10.828286453258244,0.0,0.0,3.5691270843321394,7.0014496695897614,0.0,3.4741035110753526,24.91075076526166
2015-08-12,13.553137645830681,3.9176023719590134,0.0,6.777393371413367,5.016210547989786,41.33147377818866,2.247977969573761,4.4397151269598565,0.0,2.183298748814687,20.53319043927019
2015-08-13,12.411875689557736,3.574922751190774,0.0,6.2094992993701865,4.59338921059103,37.859238229719196,2.0565334776495816,4.072288169770047,2.4067867072153524,1.9986552587747286,24.81681120616137
2015-08-14,14.452787743347118,4.142725064209558,0.0,7.2282711585777815,5.352781937822818,44.12722697436555,2.3965259134165198,4.748502852988592,0.0,2.33719273333755,15.213985621934519
2015-08-17,12.435228856643555,3.5668414783069564,12.734612089269698,6.217655136836699,4.6078936795093925,37.96601517164478,2.062883906994336,4.0994093181891404,0.0,2.013669831156035,14.295790531449411
2015-08-18,12.249146686532809,3.5056820785615774,12.592935245309555,6.134449344097173,4.5678911267885525,37.552652840011724,2.0285353889149427,4.037610642865029,0.0,1.9829934458290712,15.348103201089563
2015-08-19,11.198609007874314,3.2027330130623715,11.530518411384472,5.6020495179443195,4.186913823429412,34.38882084249782,1.848732768315893,3.7637380991101184,0.0,1.7953348868227927,22.482549629558484
2015-08-20,12.241017591736524,3.4917957588382937,12.598050418788286,6.118088940854706,4.573635497671853,37.606441981584595,1.9880926466798479,4.201606744367081,0.0,1.9481341628929443,15.233136256585867
2015-08-21,0.0,4.597433442192247,0.0,8.048463923371955,5.960062095407296,49.4883540340037,2.616445682981805,5.528875575041313,0.0,2.563289224668861,21.197076022332823
2015-08-24,14.539949460356889,4.1464593782098085,0.0,7.273687129318211,0.0,44.79722444334459,2.3696656469373902,5.0015045982484665,2.8476051750598965,0.0,19.023904168524744
2015-08-25,11.467581374499982,3.1540508057507104,11.743004248805585,5.718731993217009,4.168683410684812,35.10139826395946,1.8608467461730769,3.922031834135564,0.0,1.8449621140956138,21.018709208678185
2015-08-26,10.500645827549159,3.0269429661743175,11.03283155180389,5.379116760267606,3.9607144037725335,32.94523381303559,1.7466278661954642,3.6873829939648664,2.0945422364910895,1.7625173531243095,23.863444227621173
2015-08-27,11.41020538095218,3.3170484098522723,11.992478713148092,5.846871589210231,4.303809057268359,35.800011706853375,1.9035410803323258,4.002599818673323,0.0,1.9176610527194313,19.50577319099041
2015-08-28,12.523128395319175,3.6695946685291982,13.173267317552973,6.439335232572402,4.774830016243204,39.354816523123844,2.0923237137343067,0.0,2.500473485918151,2.1097941922548014,13.362436454751943
2015-08-31,12.555738570920342,3.6559971807095533,13.188816340753077,6.441685127578263,4.723998557097888,39.41087451605039,2.1024806834484124,4.463812611394878,0.0,2.1155439390972557,11.341052472949936
2015-09-01,12.055045860798323,3.4976151688810915,12.617848436295617,6.166936222521216,4.538633581278298,37.687203382283094,0.0,4.252874961550533,0.0,2.0134848297933505,17.170357556598468
2015-09-02,10.600505071414062,3.0951483709081757,10.858280055364881,5.28007907194136,3.858246470587319,32.557420593327954,1.7340082412309072,3.704952412783433,2.123843712132352,1.7707564425451776,24.416759557764376
2015-09-04,10.64794722724658,3.1008420987767997,10.941137476452226,5.592607060176098,3.878054052292405,32.8772299407748,1.736562946414389,3.7377798125364605,2.1148379050504698,1.6864557363589165,23.686545743920853
2015-09-07,12.283516920175014,3.5710861239233447,12.654749716511255,6.4343913948109055,4.552383151386049,38.04099431994569,0.0,4.332855364559223,0.0,1.943925790545529,16.186097218142983
2015-09-08,14.79092931673644,4.307396345524603,0.0,7.764251247947991,5.490437864982116,45.885179644431666,2.427391926233502,5.2510986508139785,2.95818620360335,0.0,11.125128799726351
2015-09-09,15.74024791906991,4.5604367649051865,0.0,8.241282870875471,5.831090697071883,48.71986705911602,2.5835741995219563,0.0,0.0,0.0,14.323500489439574
2015-09-10,28.2440092642593,8.225763141199117,0.0,14.773965817469264,10.41680494798524,0.0,0.0,0.0,0.0,4.473298696830718,33.86615813225636
2015-09-11,11.292597331904853,3.250665398504736,11.623990515902372,5.9127311527085205,4.177025442487926,34.998768971251664,1.865101654445724,4.000818289213467,0.0,1.791815348583864,21.086485894996876
2015-09-14,35.98965003152932,10.318460266116318,0.0,0.0,0.0,0.0,5.938315334378606,12.72763124424176,0.0,5.710195312792377,29.315747810941623
2015-09-15,15.512753146357532,4.465254082751145,0.0,0.0,0.0,48.05156814864199,2.579352929059698,5.493491174057906,0.0,2.4596455221261584,21.43793499700557
2015-09-16,25.582086334620442,7.344883488978334,0.0,13.391533740548283,9.532696245114094,0.0,4.257837445286985,9.046863674956217,0.0,4.057656940812527,26.78644212968312
2015-09-17,14.94363726542572,4.269385561568524,0.0,7.817814659973463,0.0,46.276292132175335,2.5462216752489137,5.28041698419991,0.0,2.368295763146706,16.49793595826143
2015-09-18,13.180411657520242,3.7628208192253085,0.0,6.898992985631244,0.0,40.798059795391715,2.2274818293185406,4.654294216831642,2.6285701296550315,2.0887510074533595,23.760617558972918
2015-09-21,14.046398597500417,4.021603385510816,0.0,7.3837699353590525,5.241725331206366,43.614349413909345,0.0,4.983621425241413,2.7767668570780146,2.239465271855694,15.692299782338878
2015-09-22,13.733487710942443,3.931450127331971,14.143768647402732,7.242340826200815,0.0,42.577022603419834,2.3314950489709116,4.864479622410842,2.7030678684328207,0.0,8.47288754488763
2015-09-23,37.570809182557724,10.701109168971662,0.0,0.0,0.0,0.0,6.329888569059329,0.0,0.0,5.933744340649772,39.46444873876152
2015-09-24,24.292051556711762,6.918556066889112,25.01048429726309,12.623503471845812,0.0,0.0,0.0,8.569383884490241,0.0,0.0,22.58602072279998
2015-09-25,19.033276035292783,0.0,0.0,0.0,0.0,58.70373352481002,0.0,6.7150805678096335,0.0,3.0022798518915845,12.545630020195983
2015-09-29,0.0,6.169209774384861,0.0,11.272393927186327,8.036820790764716,66.9226946600979,0.0,0.0,0.0,0.0,7.598880847566193
2015-09-30,26.26464210191696,7.455039450893934,27.00004203771656,13.62772140948045,0.0,0.0,0.0,9.250154149620315,0.0,0.0,16.402400850371784
2015-10-02,11.787673477606372,3.3553913411894722,12.13344710927599,6.118134965557939,4.363415608083033,36.35488309579152,1.9746985942850677,4.215118112890771,2.2914822029258253,1.8592456972999105,15.5465097950941
2015-10-05,17.395480489231815,4.958057105431648,0.0,0.0,6.449596559208322,53.71002695440168,0.0,0.0,3.3896220820768943,2.745771738116016,11.351445071533623
2015-10-06,17.31855296825553,4.9927037335294795,0.0,8.998150498398463,0.0,53.490320258935476,2.9095290375404206,0.0,0.0,2.7338006504187793,9.556942852921853
2015-10-07,17.82730463901886,0.0,0.0,0.0,6.612969583376651,55.08052342868404,2.99222445529011,6.38200909849071,0.0,2.8146388440518346,8.290329951087795
2015-10-08,15.169126146879956,4.370639997366585,15.633614697407788,0.0,0.0,46.881940348438114,2.5501222058210713,5.427249684350814,0.0,0.0,9.967306919735673
2015-10-09,0.0,6.149885023218934,0.0,11.028369577657973,0.0,65.73769479824846,0.0,7.590605401369961,0.0,0.0,9.493445199504672
2015-10-12,18.378551850545964,5.304192404548743,0.0,9.54120311546038,0.0,56.82475281873677,0.0,6.5746743485353,0.0,0.0,3.3766254621728424
2015-10-13,0.0,5.200560584143011,0.0,9.34449953365278,6.691964347672724,55.78567122903814,3.039693172629184,6.41287230501314,0.0,0.0,13.524738827851026
2015-10-14,15.494890768924394,4.425015585543184,0.0,7.946855991336898,5.712561927403967,47.57170289890904,2.604823597220817,5.458969246290039,2.9916373398215725,0.0,7.793542644550094
2015-10-15,15.340610930998777,4.387384958049346,0.0,7.876321666646175,5.689677970856282,47.15655502098353,2.6285363168717533,5.398658557001029,0.0,2.371459261499002,9.150795317094103
2015-10-16,16.395016927802242,4.658298803449892,0.0,8.380959200146478,6.0526205534878414,50.12634160230337,2.7996664194490375,0.0,0.0,0.0,11.587096493361145
2015-10-19,26.594027106909895,7.516190758748939,0.0,13.587519420410796,9.848113962047316,0.0,4.467678848999551,9.291424622879418,0.0,4.089715256156389,24.605330023847692
2015-10-20,26.362323025006816,7.452860852180863,0.0,13.453020826274573,9.752795550342004,0.0,4.4417883732113665,9.188401949121426,5.099272177368224,0.0,24.249537246494725
2015-10-22,48.51588898546698,13.653097512430751,0.0,0.0,0.0,0.0,8.168638152518252,0.0,0.0,0.0,29.66237534958403
2015-10-23,14.942451953631577,4.2130380639108,0.0,7.612443508354231,0.0,45.55181532856277,2.520817830678035,5.198852489891466,0.0,2.2876523377036917,17.67292848726743
2015-10-26,15.498913505295153,4.3502738830979375,0.0,7.803884797604739,5.67909460686193,46.92617252558966,2.607059882590739,5.313399318942319,0.0,0.0,11.821201480017526
2015-10-27,12.059806533974212,3.3236092055751274,12.203718816377915,6.077146076733008,4.414006439577434,36.40204753735273,2.038254023692296,4.122289922417983,2.2951072843844904,1.8304314509643174,15.233582708950491
2015-10-28,11.884946968619355,3.275190661608076,12.033470375358077,5.9646247589432475,4.2310034773347365,35.81713905405858,2.011977313754531,4.070931624834176,2.246868377323702,1.8039623484704514,16.65988503969507
2015-10-29,16.533329195375558,4.575072832862135,0.0,0.0,5.946136041000584,50.07487700656321,2.806332147434701,5.689197325827464,0.0,0.0,14.37505545093634
2015-10-30,13.942780122245773,3.896571761314532,14.303914931615697,7.101912654320565,4.8102539686796435,42.58770153314489,2.3902076267104726,0.0,0.0,2.2266270568403015,8.740030345128128
2015-11-02,11.61050508939862,3.377366550634015,11.886018255439994,5.910724198450456,4.014243769838657,35.47037602528822,2.001976371720145,4.052347269661551,2.238730239970598,1.8527710332054452,17.584941196392297
2015-11-03,18.332876394951825,5.406473307367381,18.77442566534638,9.349866917212893,6.383864044321267,0.0,3.161564897190894,6.351338618205406,3.5390494482889063,2.915810652806041,25.784730054309005
2015-11-04,30.428963332873447,8.953608622136723,0.0,15.58659624506722,10.658863078916568,0.0,5.242222729623968,0.0,5.860729574107067,4.856362944191457,18.412653473083548
2015-11-05,0.0,5.1809136295894165,0.0,9.01176339456797,6.148875123071322,53.51039616096976,0.0,6.111241470286858,0.0,0.0,20.036810221514667
2015-11-06,11.215560064798634,3.282449669153351,11.685356412754706,5.776388583668423,3.936737859305439,34.15389841547246,1.9229492695446742,3.87647611179168,2.1601577835968095,1.7866537480697866,20.203372081844037
2015-11-09,11.522945395862925,3.3704278416812055,12.135686082000738,5.920904954479069,4.063432111299335,35.04170996930191,1.9761075180256,3.950319850836872,2.219580532592791,1.863595793924273,17.93528994999528
2015-11-10,11.294686601759398,3.2792069190081716,11.895582343562841,5.8102668225998855,3.9720471190305418,34.30316148864605,1.9237310271789827,3.8630039210637985,2.2272150947342007,1.85962226614496,19.571476396271176
2015-11-11,12.50194350406282,3.630397766339509,13.124084648587777,6.412098530714035,4.408587731983918,37.85476376503071,2.126422904204062,4.263848224946926,2.4644032745176743,2.0537315090096886,11.15971814060288
2015-11-12,15.95863422862989,4.601159912944847,0.0,0.0,5.591806204884718,47.991685942676206,2.6926757902122076,0.0,3.132179690051163,2.6121244239997994,17.419733806601172
2015-11-13,14.722589657864004,4.252947841037107,0.0,7.490394765822379,5.1473608298236915,44.171619907567994,0.0,5.003842821907331,2.887962376561876,0.0,16.323281799415618
2015-11-16,11.005893637143283,3.0638341823447766,11.444837322453136,5.579581432508239,4.136733708354987,33.03710822861322,1.8501757675019894,3.7666700628660412,2.916155027832307,1.6962316356500764,21.502778994731948
2015-11-17,10.318883601114448,2.782330157319065,10.70942637058971,4.908522297509798,3.849387056655848,30.569255446149274,1.6889058131291328,3.6386160252784876,3.8288782266418284,1.5570265719413405,26.148768433671062
2015-11-18,6.635849842372828,1.8386752881191557,6.232207410888015,3.076042588351506,4.484444584092344,17.907491886472883,1.1242543389069628,3.378923403139288,2.2458930187539985,0.9297973979854433,52.14642024091758
2015-11-19,10.44481722879315,2.8281505915135834,9.739897216682605,4.8840587089612715,7.111005252548774,27.911842317726094,1.7652961258611397,5.284620440306719,3.625038909952447,1.461429437770487,24.943843769883724
2015-11-20,7.348166498132482,1.9957354302360817,6.931364037166866,3.627859042436839,5.055317205898051,19.963096723735703,1.2810224569751056,3.717670611569786,2.6968667389513747,1.0938347069950878,46.28906654790262
2015-11-23,7.180995717464858,1.9908603396705256,6.746533810943801,3.645165439948096,4.92648379574211,19.439750928237945,1.2473342814900839,3.6146199099381255,2.6466387765606543,1.1529030026663163,47.40871399733748
2015-11-24,11.13910808200905,3.1120018307797928,10.464181306837451,5.630765079069045,7.611998814426944,30.164141791121395,1.9483272576777189,5.595326194421804,4.102299623794776,1.8137253001107272,18.418124719751294
2015-11-25,19.77617621754771,5.566864703540158,0.0,10.021658256671074,13.59241213709201,0.0,3.427134163420531,9.928398399040802,7.324238557052258,3.238856320557203,27.12426124507825
2015-11-26,6.952308836888392,1.9931917517459734,6.65235582938876,3.6011759958677225,4.872982186813661,19.20969815798241,1.207305820376594,3.5499244572454556,2.650308465544371,1.1615518530122675,48.14919664513438
2015-11-27,9.92309670438953,2.8502517215024126,9.508288708809795,5.161377797374895,6.970371705162676,0.0,1.7173683335200294,0.0,3.797406270002767,1.664353837646829,58.40748492159106
2015-11-30,9.3790839343557,2.698339490735548,8.990871716947755,4.882803602468256,6.602865019378572,0.0,1.6258204929753717,4.7994069076577945,3.6083243395645686,1.5750423562036646,55.83744213971278
2015-12-01,7.627562475112628,2.1885525122251095,7.306471727957472,3.970593741308433,5.371013014250146,21.106043921269592,1.3271324984299309,3.88836375052991,2.9457266191088176,1.274720934793031,42.99381880501492
2015-12-02,7.065396921977328,2.0189955375468265,6.763374727102714,4.03932782337343,4.839289074720636,19.52263863662903,1.2388124471492827,3.5908528359281844,2.713714053182041,1.1734162728048496,47.034181669585685
2015-12-03,8.6298440903177,2.4743575395747364,8.186280612064149,4.891896577678823,5.820798932033765,0.0,1.5144363487446908,4.353739404209035,3.288906101090482,1.419814999296671,59.41992539498995
2015-12-04,15.75429162093892,4.504126913730635,14.901065162044686,8.99770514931874,10.75865316562976,0.0,2.753787668758478,7.8914408473751045,5.993011155593544,2.579405615401322,25.866512701208812
2015-12-07,11.24992288092365,0.0,10.650259467155498,6.434437328128373,7.690043072189025,30.70306617744716,1.9579895909645544,5.594636754832977,4.279895578777764,1.8994922031980985,19.5402569463829
2015-12-08,13.954758676724843,4.034755188339634,13.159630969753215,7.933697939729415,9.673898078400976,0.0,2.425913835367461,6.853858500027103,5.22245025941064,2.2998310169763454,34.44120553527037
2015-12-09,11.162979833022309,3.2262408845250468,10.520179663950392,6.353355529438513,7.3938926945404315,30.337786665067036,1.9445493297532916,5.4665353373467624,4.250408244914976,1.853206033758276,17.490865783682963
2015-12-10,7.223365022301199,2.0856120527057653,6.782535376240931,4.096411537034913,4.651815221480754,19.55325447700635,1.2749049385264986,3.5171449753072452,2.768985670907922,1.1944628894108926,46.85150783907753
2015-12-11,7.581093918982604,2.1992513150033624,7.10568807697616,4.303964638253088,4.878066237985745,20.50586280757023,1.3382519561419808,3.678955991075091,2.898108016617042,1.2579361736649888,44.25282086772971
2015-12-14,25.981413061779822,7.570503075645448,0.0,14.755552467280584,16.742291596128332,0.0,4.565239521335841,0.0,0.0,0.0,30.385000277829974
2015-12-15,16.14394812298958,4.706914555988556,15.12268049728322,9.169677277141863,10.387409230424232,0.0,2.825434485877142,7.80105540187403,6.164353613586872,2.6871208608313792,24.991405954003124
2015-12-16,22.034753051985078,6.439631804053965,0.0,12.515466013613278,0.0,0.0,3.887265276300742,10.530723032616827,8.425390040371262,3.6709075826709943,32.49586319838785
2015-12-17,6.340430943989066,1.852490529006243,5.938189506544654,3.633410822367264,4.072760303970665,0.0,1.1212259080445783,3.0273956332362224,2.422500371723205,1.0577530767138128,70.53384290440428
2015-12-18,22.225028058663966,6.508971669511225,0.0,12.72344001596136,14.254621506749995,0.0,3.926480771485567,10.422974948839087,8.483086002263937,0.0,21.455397026524864
2015-12-21,8.45811590811497,2.4701717473180618,0.0,4.833769183913176,5.417907824543248,22.747648239908795,1.4934440917224536,3.957849547859651,3.243854636262801,0.0,47.37723882035684
2015-12-22,15.825369859762242,4.539892168750806,0.0,8.902040444864435,0.0,41.90132092201074,0.0,0.0,5.971347883999316,2.5713403190925135,20.28868840151995
2015-12-23,8.756842214000228,2.5107394190191616,0.0,4.924342386938934,0.0,23.16668144716395,1.5188501697087564,4.024251830500431,3.3303950143510237,1.4172440786296026,50.35065343968792
2015-12-28,11.767100678529353,3.359173257886187,10.793096110511154,6.61532832387005,7.415353260768665,31.117279749765146,2.0340273288869213,5.396669895147567,4.453972050758774,1.902444536850724,15.145554807025462
2015-12-29,11.232639282408147,3.2702222489049553,10.326270899443662,6.332577545119307,7.091000538955869,29.733874728894232,1.9375072195445018,5.142118878078846,4.2921298094011355,1.8055322511061702,18.83612659814317
2015-12-30,12.340897952646147,3.653277115300658,11.401842734437198,6.981760219439649,7.831867847195132,32.807768609296495,2.139145109973873,0.0,4.741234609640272,1.9894607169448428,16.11274508512573
2016-01-04,13.958355104105499,4.127910928951799,12.924789376495266,7.908709986952271,0.0,37.23029210711877,2.4232269468600465,0.0,5.35814324049947,2.253199750040603,13.815372558976271
2016-01-05,13.708413761253539,4.051794555845718,0.0,7.772052819726838,8.715268076156876,36.58666778413732,2.3631903915294483,6.311684129160907,5.268117296317487,2.2131064615775675,13.009704724294306
2016-01-06,12.250341575041723,3.6340585728334593,11.336664113762758,6.9430627420154085,7.794510054714558,32.658711154190314,2.1188086533712993,5.6224044705410945,0.0,2.0098743481771075,15.631564315352279
2016-01-07,8.898982731987722,2.642597130666257,0.0,5.044354425265417,5.664866417439979,23.72789697222548,1.534370479717897,4.094320630310714,0.0,1.4656024368901204,46.92700877549642
2016-01-08,13.961277646165929,4.174455256899197,0.0,7.89123475430437,8.86860012482065,37.130597011252625,2.400575142265993,6.386315356291675,5.342935300844041,2.2987884529265794,11.545220954228938
2016-01-11,11.549405122581746,3.46082175632409,10.662629589709931,6.53265783772961,7.346226518617706,30.67745916903907,2.007855383042227,5.294078771679083,4.433245523046185,1.940876439951493,16.094743888278856
2016-01-12,16.068053460310807,4.816094970224598,0.0,9.070017309676444,10.222535141422936,42.6412027605022,2.7913008680758904,0.0,0.0,2.693208758589138,11.69758673119798
2016-01-13,15.214376766644117,4.631688081306121,0.0,8.596445196748235,9.690145507445976,40.410506314736494,2.6745237156149533,0.0,5.839966106178123,2.472076286318305,10.470272025007674
2016-01-14,15.62009073908145,4.7623591350458145,0.0,8.803208497787063,0.0,20.861275656939736,2.768220414727649,0.0,5.973995862884009,0.0,41.210849693534286
2016-01-15,13.7519229538178,4.18830409247015,12.652680621400888,7.741932638909531,8.747686773419174,18.350906498400203,2.446484026291923,6.285006723129073,5.252015598337854,2.231149373065651,18.35191070075775
2016-01-18,14.45508948128855,4.458281880311624,13.338729292784556,8.165973887827938,9.224461113761016,0.0,2.5787476471887634,6.665712359312165,5.5594959075273795,2.3437936840933626,33.20971474590465
2016-01-19,18.374850464307222,5.648552550398947,16.921144194039698,10.360515804585319,11.702205060118501,0.0,3.2724430905369695,8.426992971181166,7.169879476623948,0.0,18.123416388208227
2016-01-20,13.9525229999995,4.300549113878948,12.894314626217223,7.884909787742099,0.0,15.789476174398084,0.0,6.443020557037503,5.489719076728465,0.0,33.24548766399818
2016-01-21,13.652314205797039,4.224972803676498,12.656925932147622,7.781041944291251,8.73424021953625,0.0,0.0,6.312405390563784,5.393819708422681,2.22403114000232,39.020248655562554
2016-01-22,17.909724090803454,5.575963039891339,0.0,10.30669799216493,11.564405214994325,20.366171329343477,3.203863316422205,8.312855569044208,7.083304131031482,2.915323660741498,12.761691655563087
2016-01-25,15.804718351905112,4.91255238658365,14.665971913977579,9.105834287518686,0.0,0.0,2.8256330199349136,7.309137052559918,6.23721596466809,2.5755870843476862,36.56334993850437
2016-01-26,0.0,5.924866730933235,17.66407966202776,10.971472981055651,12.26575582621559,21.548246820939685,3.4063504873508488,8.798744181142869,7.524715509129774,0.0,11.895767801204588
2016-01-27,0.0,6.4008242881047765,19.021948300270566,11.860192140279121,0.0,23.50513095557961,0.0,9.50440163608025,8.100392756474106,3.3331306764616113,18.27397924674996
2016-01-28,0.0,7.1507169029175195,0.0,13.370693835449462,14.871152419265742,26.318669591875725,0.0,10.609707164800115,9.06684977958704,0.0,18.61221030610439
2016-01-29,20.782242052144294,6.446151868664475,19.215368262580174,12.18267799000156,0.0,0.0,0.0,9.540174048735082,8.149029787704915,3.328473861804367,20.355882128365135
2016-02-01,21.362452518654614,6.63490020962707,0.0,12.545870726947793,13.800812287664222,0.0,0.0,9.81308174919564,8.364009043160404,3.413578598507739,24.065294866242517
2016-02-02,28.854299321155867,0.0,0.0,16.9861731524139,18.643331353882385,0.0,0.0,13.25973213092164,0.0,4.612861702960631,17.643602338665577
2016-02-03,13.488988966570897,4.209891089803565,0.0,7.997457685787356,0.0,0.0,2.4189986942421147,0.0,0.0,0.0,71.88466356359608
2016-02-04,25.795720822133788,8.057414841192077,0.0,15.392674252326552,0.0,0.0,4.6247029288337,11.94960533325833,10.203899001409775,4.1545247245682475,19.821458096277528
2016-02-05,23.35182342994781,7.281767052515921,21.753725087792667,13.97534643125261,15.180468986580278,0.0,0.0,0.0,0.0,3.7021082148286997,14.75476079708201
2016-02-11,20.92220749348822,6.5369909106645485,19.474537790760298,12.366008569144066,13.784902674433472,0.0,0.0,9.691573846046635,0.0,0.0,17.223778715462764
2016-02-12,38.59720017144201,0.0,0.0,22.808560037373876,25.617160158953396,0.0,0.0,0.0,0.0,6.118290280353075,6.8587893518776415
2016-02-15,14.754561631553823,4.596877237978059,0.0,0.0,0.0,0.0,0.0,0.0,0.0,2.326432217509098,78.32212891295902
2016-02-16,14.126422123187185,0.0,0.0,0.0,9.360664725706048,0.0,0.0,6.555803162463132,0.0,0.0,69.95710998864364
2016-02-17,35.78889770240599,11.128951872857167,0.0,0.0,23.690660183102025,0.0,0.0,0.0,0.0,5.610562387378666,23.780927854256156
2016-02-18,4.705186587056706,1.4619999462967082,4.375874206640447,2.7996375982788595,3.1413450306360065,5.409556426434206,0.8425542371141024,2.1815782507396984,0.0,0.7165287652204695,74.3657389515828
2016-02-19,15.513075204210214,4.7946899732935515,14.41284204113088,9.21610210393413,10.397325189088912,17.802103354152756,2.7737399715701123,7.193197300175338,6.093452022403206,0.0,11.803472840040897
2016-02-22,22.74538936980833,7.019852804699195,0.0,13.504871663804582,0.0,26.07247756980201,0.0,10.554112606218013,0.0,0.0,20.103295985667874
2016-02-23,13.734408150165406,4.184955039274698,12.60341957325091,8.265943659935623,9.08067232017829,15.551124399698631,2.435153453333072,6.287900002178199,5.323562335814898,2.048257006114499,20.484604060055773
2016-02-24,5.439667360839754,1.6552093844799887,4.999873157288341,3.3046954362052787,3.5835773703983103,6.160777793085419,0.9646784212911309,2.4907721348733354,2.1103984938765934,0.0,69.29035044766185
2016-02-25,17.357818066743373,5.269921060165015,0.0,10.582706863172588,11.433941641172224,0.0,3.074665554972705,7.963689269891056,0.0,0.0,44.317257543883045
2016-02-26,21.302642257957217,6.45213200999825,0.0,12.961455072172374,13.98848879495897,0.0,0.0,9.756093031087206,8.269272123502518,3.1744667958713135,24.095449914452153
2016-02-29,19.825643220236884,6.005427326909687,0.0,12.059190227403995,12.989652075571401,0.0,3.5214343761213622,9.07295396667059,7.680057455641813,2.9297798109524082,25.915861540491854
2016-03-01,25.30017091185689,0.0,0.0,15.416955835566789,16.51911354548251,0.0,4.501519260519136,0.0,9.782921731285972,3.7499026920383436,24.72941602325036
2016-03-02,25.308369138712226,7.646623758436755,0.0,15.577032706878224,16.505219824352896,0.0,4.497930745628088,0.0,0.0,3.772235299870973,26.692588526120833
2016-03-03,0.0,0.0,0.0,17.5455008614985,18.605726984027932,32.2313632971717,5.053305045588089,0.0,0.0,4.2400744807681345,22.32402933094565
2016-03-04,11.38201612312742,3.4436433573137344,0.0,7.113164370625874,7.386055615322634,0.0,2.0001899650052906,0.0,4.4005749437975705,1.681235366359715,62.59312025844777
2016-03-07,23.155567669277545,7.010645063192494,0.0,14.469186691967998,14.97029173131238,0.0,4.1095098485240715,10.600678637852646,8.945259752801872,0.0,16.738860605070997
2016-03-08,20.406853495094683,6.1772814320815534,0.0,12.75076950430961,13.149791612585252,22.99585765315395,3.5833327107160904,0.0,7.89962818973885,3.0128164790044916,10.023668923315523
2016-03-09,27.034501788987438,8.178165144912066,0.0,0.0,17.168758838700487,0.0,4.700789699313093,12.302806827981557,0.0,4.126320095988016,26.488657604117343
2016-03-10,29.243154959010216,8.928280717341998,0.0,18.123384738493563,18.502793124775692,0.0,0.0,0.0,0.0,4.489743758332408,20.71264270204612
2016-03-11,21.323486084586424,6.553374490457996,19.338589281404847,0.0,13.48905278049424,0.0,3.695547272965961,9.672504672861002,0.0,3.266356102750419,22.66108931447911
2016-03-14,8.73836810789612,2.6896508432870703,7.909686904073832,5.43523986790475,5.521789433369078,9.74816233215937,1.5165278715990729,3.973224767063123,3.3505483542010066,1.3395555530873011,49.77724596535927
2016-03-15,0.0,14.848087028515977,0.0,29.921348643625024,30.420233365531473,0.0,0.0,0.0,0.0,0.0,24.810330962327527
2016-03-16,16.845706812991768,5.20588991415049,15.283820030138095,10.5352582112965,10.62385142106556,18.843853068216056,2.946257405399556,0.0,6.491477414614372,0.0,13.223885722127608
2016-03-17,27.794818055566406,8.55296889568342,0.0,17.299683615911302,17.377486913491886,0.0,0.0,0.0,10.663634666177574,0.0,18.311407853169413
2016-03-18,9.882092204947938,3.050953725379487,0.0,6.050817270107082,6.16771291054709,10.988600872671071,1.7208161540954146,4.477315531753769,3.784399571131536,1.5119913975734138,52.3653003617932
2016-03-21,26.266771480125634,8.100790989916856,0.0,16.124946622145615,16.39950135187816,0.0,4.600407119329607,0.0,10.176055549485422,0.0,18.331526887118706
2016-03-22,10.974981187053059,3.3884955801914076,0.0,6.7472841794481955,6.840489927356015,12.232262323405795,0.0,0.0,0.0,0.0,59.81648680254553
2016-03-23,12.222902388436015,3.785826606156305,0.0,7.531982072120888,7.606800788916973,0.0,2.139720616044339,0.0,57.36641141106043,1.8610992148750112,7.485256902390037
2016-03-24,24.356253334112324,7.50326205056128,0.0,14.973765539033884,0.0,27.11989082755157,4.24993793610718,0.0,0.0,0.0,21.796890312633764
2016-03-29,0.0,3.8047228957191983,0.0,7.582311375438853,7.624630601730428,13.700428834505427,2.1489859415942494,0.0,57.60036677899145,1.8549409303014384,5.6836126417189545
2016-03-30,30.226355019804064,9.353395443330765,0.0,18.624572779218507,18.71159622906989,0.0,5.273505067058273,0.0,0.0,0.0,17.810575461518503
2016-03-31,25.796504036091623,7.981509214905556,0.0,15.889081864698994,0.0,28.66797566161577,4.492345448036596,0.0,0.0,0.0,17.172583774651457
2016-04-01,12.288683021273615,3.810302149640224,0.0,7.617020089216816,0.0,13.686162450976507,0.0,0.0,57.51928727181009,0.0,5.07854501708274
2016-04-05,9.690424348344886,3.012297532637986,0.0,6.092983369524939,5.996983830539047,10.81989866878601,1.6794171367705895,4.37576822154397,45.294104741133296,1.4539372032038413,11.584184947515435
2016-04-06,0.0,7.707461142587643,0.0,15.669910016438749,15.299481058234276,27.81345466216356,0.0,11.177079863083488,0.0,0.0,22.332613257492284
2016-04-07,10.733439711681143,3.3298807187496617,0.0,6.800380140938671,6.605168562822699,12.048243100827012,0.0,4.831295791215248,50.18345896924791,0.0,5.468133004517664
2016-04-08,8.950652560672845,2.7752141445846723,0.0,5.650163354926127,5.508935471523515,10.111564842124501,1.561352628241502,0.0,42.06025669055548,1.3409629358764468,22.040897371494918
2016-04-11,22.979669396736263,7.093744290355608,0.0,14.55049457262576,14.105525164801206,25.885101382531555,4.000296540387699,0.0,0.0,0.0,11.385168652561907
2016-04-12,28.976685721414913,8.929816012046286,0.0,18.410982335361144,17.700291025965083,0.0,0.0,13.01868688160087,0.0,4.322309573947812,8.641228449663892
2016-04-13,23.36315533065834,7.175689283700717,21.170232306325694,14.946181867258531,0.0,0.0,4.09307417191858,10.809398146561074,0.0,0.0,18.442268893577058
2016-04-14,9.514876992146116,2.9596084974137784,8.695958913618664,6.129692057578631,5.924693913265401,0.0,1.6821223394919413,4.552030920605909,45.12851491090355,1.418027927167155,13.994473527808855
2016-04-15,7.259930611847956,2.2388494584366034,6.651761451843298,4.692079529557903,4.528681243521436,8.372070529139757,1.2843123164524783,3.4792058306128957,34.51740775955173,1.0736726983481837,25.902028570687765
2016-04-18,10.773052556361037,3.301974646868792,0.0,6.950393889274445,6.686267408926428,0.0,1.934298610826158,5.169576705062475,51.27607696485982,0.0,13.908359217820848
2016-04-19,10.155986367277494,3.1157890509122783,0.0,6.612004988948278,6.305987029448827,0.0,1.814012869388057,4.87148330739792,48.40972617477541,1.489375071957738,17.225635139894
2016-04-20,11.39612973099185,3.4725744666958076,10.51432185531117,7.4503503141793646,7.094301370739819,13.235635450801956,2.0149941492971153,5.493108542222004,0.0,1.681127803342211,37.6474563164187
2016-04-21,17.184184614735045,5.270040811444109,0.0,11.214320046380983,10.711402670022334,19.99318082089343,3.041662071826049,8.278389454502676,0.0,2.4559143768846563,21.85090513331072
2016-04-22,10.08906701144842,3.1156424669826874,9.330173964653039,6.622577384896547,6.289054341050145,0.0,1.7764244960042295,4.865560090393526,48.46295731479801,0.0,9.448542929773392
2016-04-25,10.406460753857848,3.2171533567489203,0.0,6.837248336992724,6.477354374578683,12.128822055540935,1.837459185040248,0.0,50.00396450071351,1.4768688154834893,7.614668621043645
2016-04-26,7.358256811385945,2.298972460899856,6.898208084808627,4.891017760926609,4.596823760929716,8.678537579114112,1.3132788150897254,3.591826245560118,35.840085106478305,1.0527016108519383,23.48029176395505
2016-04-27,8.188688430185847,2.5463662498600126,7.745604428353567,5.475457708891317,5.111634895117918,9.748763572980613,1.4680123669033744,4.025944173529268,40.19963589854424,1.1817675512333559,14.308124724400487
2016-04-28,6.6685439419271475,2.190094893050694,6.4107829218084635,4.410711456677075,4.158240548778847,7.952420148640386,1.1755237721582077,3.3248795511209317,33.26568601890991,0.964411146321951,29.478705600606382
2016-04-29,8.073266083401741,2.657915451004466,7.777757001427416,5.356578381278326,5.044622620799105,9.556356301323806,1.4347019425929564,4.031834782397449,40.37788488902489,1.2045391838452582,14.484543362904581
2016-05-03,9.131217726518122,3.054211226927884,8.785611584964244,6.012896038197821,5.690552930244535,0.0,0.0,4.551061005876707,45.5753111639773,1.361234600061774,15.837903723231612
2016-05-04,7.935662516677552,2.66426995332082,7.630894366580178,5.21001385729027,4.924028203865491,9.389515603997399,1.4171244777282692,3.9539843317685808,39.65532623138995,1.174513589690848,16.044666867690644
2016-05-05,9.045756593951367,3.0361641140939413,8.6886029006806,5.9527035097157395,5.6027262504758095,10.685183322456107,1.6117690099875446,0.0,45.123657528833675,0.0,10.25343676980522
2016-05-06,8.678309331338456,2.8936237037128927,8.317850111890321,5.669728873069411,5.358124677522999,10.230855576234804,1.5501416762543703,0.0,43.18424371758559,0.0,14.117122332391158
2016-05-09,9.194291654870518,3.090793973000395,0.0,6.012979220126725,5.6829811657391875,10.856207496256447,1.657675434826777,0.0,45.820746358255526,1.4004677011335733,16.28385699579085
2016-05-10,7.9993351764253315,2.6625237852749484,7.678008441653176,5.22293594493942,4.936929345332083,9.45202169084499,1.4354265989410213,3.9694330125057435,39.8216917749391,1.218172157121227,15.60352207202296
2016-05-11,9.075588038047291,3.0155451678679777,0.0,5.879878556873548,5.572709121092554,10.723496295649712,1.617091213836917,4.499126130941156,45.16903533820657,1.396653686466575,13.0508764510177
2016-05-12,15.098936283861653,4.989423465482849,14.478455049965358,9.708749825236952,9.223912893945856,17.82047245633248,2.690406278806392,7.476447244789523,0.0,0.0,18.513196501578935
2016-05-13,8.370660543887047,2.7573355945014764,8.01127108140939,5.3841321243130364,5.114473146374307,9.880494834881992,1.4954545091434643,4.143214349233507,41.57257219407468,0.0,13.270391622181098
2016-05-16,15.039901864183655,4.957437399608198,14.381217106140138,9.6170699181478,9.183913159380833,17.783836824465542,2.689547788418498,7.458398975989359,0.0,2.3261522010882003,16.562524762577773
2016-05-17,17.506780245098692,5.790615479845305,16.723666808223033,11.197146317628352,10.712831043100126,0.0,3.123772400782542,8.682982334967761,0.0,0.0,26.262205370354188
2016-05-18,9.73985475745483,3.228491177618626,9.329421164101074,6.215671959997264,5.962119517611039,0.0,1.7419348503383325,4.846232064909541,48.48091217529344,0.0,10.45536233267585
2016-05-19,8.296134252987237,2.740717850824943,7.916315139747327,5.259864976123762,5.025635697317494,9.849205430415678,0.0,4.107411578787341,41.1239865243566,1.2713850493794494,14.40934350006017
2016-05-20,17.829207947324193,5.888170890072172,0.0,11.269211599071168,10.76337556881607,21.256962972732442,3.1563263624098536,8.842089532173391,0.0,2.7527504354823407,18.241904691918364
2016-05-23,22.53694329274888,7.4473542678601135,21.45093905351669,14.197080098477022,13.547810983495925,0.0,3.9921306619965775,0.0,0.0,0.0,16.827741641904787
2016-05-24,9.414183493410686,3.110221025589898,0.0,5.913052112246128,5.632716885521778,11.173523326827885,0.0,4.663112838296854,46.55034828655529,1.4518782795922855,12.090963751959197
2016-05-25,10.015514441683509,3.3049430881093946,9.51301268287987,6.290641681671335,5.956799403872327,0.0,1.7725551764065108,4.954033378172442,49.43631928418332,0.0,8.756180863021298
2016-05-26,25.068375819824805,0.0,0.0,15.006794518869057,14.861299886273532,0.0,4.426725658439637,12.348645278164245,0.0,0.0,28.288158838428725
2016-05-27,8.476470346638978,2.780337815555931,7.997992523664219,5.009536896969545,4.984746104870412,9.978340705686458,0.0,4.155417604948434,41.55977459501318,1.2977449586601206,13.759638447992725
2016-05-30,12.43871643205128,4.072925112501811,0.0,7.376458838500712,0.0,0.0,0.0,6.097911189903256,61.009807978163124,0.0,9.004180448879817
2016-05-31,8.912073853691641,2.9178263216381275,0.0,5.297801073370458,5.239224635593074,10.498187431662036,0.0,4.333483612065074,43.7125877185973,0.0,19.088815353382287
2016-06-01,7.47523190582071,2.4552158403739455,7.058133350583986,4.431796797419089,4.372176660383364,8.808381342516613,1.2987762604340056,3.6321726987112273,36.65336523884349,1.1294709425497433,22.685278962363817
2016-06-02,9.106918539478652,3.029342059888304,8.703944445512203,5.027668585529315,5.407026854901663,0.0,1.6070882002005609,4.483135439582012,45.23996884369471,1.4044181786207983,15.990488852591776
2016-06-03,9.665815828935639,3.2194998402638153,0.0,5.316732340404339,5.729924118325179,11.522583129556848,1.703686829100278,0.0,47.984558206904296,0.0,14.857199706509611
2016-06-06,8.902592319700656,2.966980059605864,8.497025852590818,4.867840085637718,5.270802171800313,0.0,1.5694617158389947,0.0,44.15512228344577,1.370749074214381,22.399426437165488
2016-06-07,9.134086913876867,3.057964094828651,8.71250535729757,4.986641145134514,5.401797883983362,10.90266093393265,0.0,4.489276089506084,45.275905323651685,0.0,8.039162257788611
2016-06-08,10.466912648164408,3.5029633337098764,0.0,5.703664253694132,0.0,12.482942505601278,1.8403430207541922,5.135619981136474,51.82406852272554,0.0,9.043485734214096
2016-06-10,9.139279536280188,3.0577353926694686,0.0,4.941881515657819,5.399672610952653,0.0,0.0,4.484047614938973,45.23838016520148,0.0,27.739003164299422
2016-06-13,11.976314363656684,3.9913201810282217,0.0,6.447532002510603,7.085780689836868,0.0,2.106950854144946,0.0,59.272636182144645,0.0,9.119465726678033
2016-06-14,37.265709015552375,12.410975967882651,0.0,0.0,22.042977416670446,0.0,6.551592990457375,0.0,0.0,0.0,21.728744609437157
2016-06-15,9.216325002844938,3.2479699380824463,8.758411688048641,4.94525612252591,5.4606021394306685,0.0,1.6166064337087755,4.502250267988785,45.533079860159944,1.3966167742146551,15.322881772995235
2016-06-16,7.041038501371702,2.4799905511220635,6.691012319084276,3.7779134720256944,10.451749545961613,0.0,0.0,0.0,0.0,0.0,69.55829561043466
2016-06-17,9.344858017327999,3.2894794588884677,0.0,5.012248710114102,13.864575464383774,11.108813064201986,0.0,0.0,46.15119232135129,0.0,11.228832963732383
2016-06-20,7.859245758478557,2.8389751827151537,0.0,4.204352107209319,11.64234206665439,9.32385066149468,1.3732992805481463,0.0,38.735930414370955,1.1817471166742477,22.84025741185455
2016-06-21,9.20694745571035,3.3260800488790676,0.0,4.923048477367799,13.60250147804751,10.919051297904332,1.6089608265702173,0.0,45.3578198826047,1.4045354602205569,9.651055072695463
2016-06-22,10.630649722588307,3.847182080216685,0.0,5.69319019756184,15.682199980086958,0.0,1.86470176641081,0.0,52.45772882001165,0.0,9.824347433123743
2016-06-23,9.87434041256409,3.581515055328645,0.0,5.261632777823203,14.324922509260741,0.0,1.7396547636440371,0.0,48.96444908875821,0.0,16.25348539262108
2016-06-24,8.801716895647214,3.1759265497449056,8.304009906784179,4.654353240487182,12.508311605056576,0.0,1.5432836228114784,4.270142349798501,43.44026253982206,0.0,13.301993289847903
2016-06-27,9.984260594435408,0.0,0.0,5.281339680959575,13.978447928205384,11.933055994344324,1.7477212210663304,0.0,49.31636793803732,1.5367959974757253,6.222010645475939
2016-06-28,7.10403513418372,2.5515391830690946,0.0,3.7630124655123263,9.70442167285079,8.505174866781076,1.239917343757587,3.4174358691543874,35.01039214558311,1.1003026836275405,27.603768635480368
2016-06-29,9.751140179148274,3.5079883470010667,0.0,5.163518668103098,13.143833051934001,0.0,0.0,4.690875023468258,48.05930446243546,1.5152480996561275,14.16809216825371
2016-06-30,9.21330591899583,3.3092463139442065,0.0,4.8865967750203385,12.18920128902925,0.0,1.61668304288375,4.428509592265527,45.36264925548548,1.4331398889584706,17.56066792341715
2016-07-04,10.388032095347766,3.726832047448477,0.0,5.504090332164088,13.602443000079257,0.0,1.8183647937273033,0.0,51.04942703668907,1.619608902604754,12.291201791939292
2016-07-05,8.00777597015519,2.939513249518302,7.5718957450205,4.223729866128237,10.382485210731838,0.0,0.0,3.865682113556848,39.514218504088625,1.2580000524304553,22.236699288369998
2016-07-06,9.941171780279792,3.6693100000388226,0.0,5.282107444083135,12.72731414164802,0.0,1.7473863660010438,4.809918220594944,49.13500698368393,0.0,12.687785063670315
2016-07-07,9.348512718169891,3.422571409095582,0.0,4.940969236559911,11.6746294925571,0.0,1.6354016486111556,4.505580098657506,45.849986279826936,1.4603396022036617,17.162009514318257
2016-07-08,15.567569556814064,5.706811811257193,14.559628072986861,8.195768405203403,19.121218288270452,0.0,2.7068165722116655,7.478033515340635,0.0,2.4212060663580584,24.242947711557665
2016-07-11,15.629031603842533,5.73784403567301,14.614032800673392,8.23771496205775,18.93746963638007,0.0,2.7320905203511736,7.506983790666542,0.0,2.4172477866352913,24.187584863720236
2016-07-12,9.625321195781087,3.5436252814441476,0.0,5.088145798064912,11.543703571117472,0.0,1.6877668054501547,0.0,46.899737046240624,1.4973488179431675,20.114351483958433
2016-07-13,16.46869920509737,6.075706030843635,0.0,8.692062049156577,19.467217909371293,19.47948625071037,2.8827152711216084,7.903676406206086,0.0,0.0,19.030436877493063
2016-07-14,9.411660805100462,3.5982134565466923,0.0,4.9583220914618416,10.60685318528671,11.138774350893202,1.6781016319460718,0.0,45.69726029018002,0.0,12.910814188585
2016-07-15,7.371522161801974,2.8432721243917816,0.0,3.90335970166866,7.808479654799129,8.641150669853712,1.3278461638096382,3.494024718181235,35.3961027204088,1.1337686207409758,28.0804734643441
2016-07-18,8.624447965368438,3.2882776869139443,0.0,4.465836427645534,8.679666783333825,0.0,1.5180070751924721,3.989453200400538,40.41109462805554,1.2948529181262844,27.728363314963417
2016-07-19,8.562460527971913,3.286180257729865,7.6919896039709865,4.439225866074816,8.530271857647271,9.83523151427198,1.5002066941087566,0.0,40.1499881238035,1.2488527043507842,14.755592850070123
2016-07-20,8.132056487151663,3.1120037686689543,0.0,4.2231477602909875,8.078727991457855,9.30698174651113,1.4300858349413474,0.0,38.17366378568233,1.1763092629076677,26.367023362388068
2016-07-21,0.0,4.269541134416134,9.977706430926526,5.784012252332369,11.067055841706644,0.0,1.9633299200564336,5.144885409292205,52.38538266697328,0.0,9.408086344296407
2016-07-22,10.286777434952107,3.924071526912702,0.0,5.336443008727527,10.217148339815257,11.769973403215355,1.8046225703833838,0.0,48.397891267617865,0.0,8.263072448375802
2016-07-25,8.587242504901697,3.271555069254337,0.0,4.4634392236829985,8.534942631061055,9.83334261752623,1.5025244912281237,0.0,40.51264690690355,1.234697383254053,22.059609172187958
2016-07-26,8.851340078363808,3.3475310942103236,0.0,4.594525850583199,8.8026564543622,10.166799786659316,1.5430328412642957,4.111569643330644,41.8278823837451,1.3226290215470158,15.432032845934101
2016-07-27,8.02159545364561,3.0563558559834325,7.161543335122071,4.144446264543582,7.936364526999465,9.153149256460342,1.3909061712215933,3.7004046232710577,37.72840397177905,1.2881418029641987,16.418688738009592
2016-07-28,9.445681532587146,3.5888919648192337,0.0,4.874760316592927,9.344130073311211,10.783122834725368,0.0,4.356802121762427,44.380816180307576,1.5139552968406647,11.711839679053444
2016-07-29,9.6349631622634,3.6538078537577157,0.0,4.978485726002544,9.40156081320068,11.01901209240283,1.672316121576419,0.0,45.33269466834025,1.5421438610562075,12.76501570139995
2016-08-01,10.614876679597847,4.027939209923941,0.0,5.487909811206336,5.995831199888286,0.0,1.8435067258512712,0.0,49.947446118726816,1.69486379542196,20.387626459383547
2016-08-03,11.509120671964066,4.362093225166352,0.0,5.944225295615961,6.497254892579098,0.0,2.001124087571601,0.0,54.11469432470442,1.8349261777104422,13.736561324688052
2016-08-04,11.718979954054515,4.447179224792616,0.0,6.059335635507856,6.61940741563618,0.0,2.0370377608621193,0.0,55.13060832794745,0.0,13.987451681199264
2016-08-05,11.648336249823291,4.414346657289382,0.0,6.027497804192508,6.642405329471533,0.0,2.0195545056947832,0.0,54.856520472703544,0.0,14.391338980824969
2016-08-08,13.332463545229814,5.058513149508408,0.0,0.0,7.5974563952167635,0.0,0.0,0.0,62.679987437147986,2.1259510701737008,9.205628402723327
2016-08-09,36.80211854755686,13.97004455544609,0.0,19.024249771525255,0.0,0.0,6.364797061149612,0.0,0.0,5.870729523920961,17.96806054040122
2016-08-10,10.189099654790185,0.0,9.099676150017618,5.269417968283864,5.812105841766739,11.649498371360787,1.7626039885188138,0.0,47.90103573932677,0.0,8.316562285935223
2016-08-11,38.96286944990577,0.0,0.0,20.13942371578387,22.236490112403555,0.0,6.704502969321559,0.0,0.0,0.0,11.956713752585246
2016-08-12,32.412979155609314,12.301985245081438,0.0,16.793352775697336,0.0,0.0,0.0,15.108042631100696,0.0,0.0,23.383640192511216
2016-08-15,0.0,5.218395532796877,0.0,0.0,0.0,15.799422765091142,0.0,0.0,65.0073650040761,0.0,13.974816698035877
2016-08-16,18.3437742730223,6.974301473611833,0.0,9.584136317393046,10.593331983803932,21.217708967769923,3.1975807830581333,0.0,0.0,2.9703271127519955,27.118839088588842
2016-08-17,0.0,12.341836683266589,0.0,17.03880601278134,18.814241432162554,0.0,0.0,15.35076539521797,0.0,5.280092814750792,31.174257661820754
2016-08-18,25.429450901187188,9.638308809447956,0.0,13.298355576918269,14.698018272190005,0.0,0.0,0.0,0.0,0.0,36.93586644025658
2016-08-19,9.028175606307908,3.4980685339513866,8.350535271789608,4.871830627624415,7.980002467855522,0.0,1.571088932344316,4.344395169569261,44.21409087894717,0.0,16.141812511610407
2016-08-22,11.75616126606401,4.599851794796498,0.0,6.341163691239385,10.385010064205161,0.0,0.0,0.0,57.550036396210636,0.0,9.367776787484308
2016-08-23,12.181529430157815,0.0,0.0,6.618671188083243,12.242254717684403,0.0,0.0,0.0,59.661555524350774,0.0,9.295989139723762
2016-08-24,0.0,16.376908680533038,38.730618739142884,22.745713004057617,0.0,0.0,0.0,0.0,0.0,0.0,22.14675957626646
2016-08-25,10.74126336505095,4.220980564412349,0.0,5.6814357252983445,0.0,12.690034170716055,1.861985796110802,0.0,52.45694732036399,0.0,12.347353058047515
2016-08-26,18.568946560041734,7.260928369816264,17.108986991225528,9.819529160018465,18.601577961407422,0.0,3.216043563518229,8.930636253785783,0.0,0.0,16.493351140186572
2016-08-29,11.018873018272648,4.283520654140281,0.0,5.880543833384134,11.016931678194572,0.0,0.0,5.271744190797176,53.63916642742821,0.0,8.889220197782981
2016-08-30,0.0,0.0,0.0,8.479183362778441,0.0,0.0,2.7395828062500716,0.0,77.17729628886819,2.6127063370888806,8.99123120501442
2016-08-31,0.0,0.0,0.0,6.650733058594609,0.0,0.0,2.092236539486712,0.0,59.68042033987076,2.0137482666012283,29.5628617954467
2016-09-01,25.771330256293627,10.028282630026121,0.0,14.044787428081568,0.0,0.0,0.0,0.0,0.0,0.0,50.155599685598695
2016-09-02,8.846339536188209,3.465030228880776,8.163424526606144,4.880950463441333,8.91098726455541,0.0,1.5081242366961962,4.241746025841646,43.203682492320596,1.456925590023832,15.322789635445858
2016-09-05,0.0,4.392869022520718,10.462889528693173,6.338737682956552,0.0,14.154348216611625,1.9295093742967155,0.0,54.6335850263461,1.8641278241524866,6.223933324422633
2016-09-06,7.678903799333391,2.890359658300654,7.085644622304297,4.3377865134929205,7.774065282432699,9.568556814525188,1.3011860784469593,3.6768402388763137,37.01981134255733,1.264833557084322,17.402012092645926
2016-09-07,22.53418457704928,5.981080138824546,0.0,9.017240485904946,9.384649841850486,19.808065181799623,2.677759441040982,7.606330825942341,0.0,2.6147636358084214,20.375925871779373
2016-09-08,13.392762298517772,3.552348247668792,0.0,5.35664429679632,5.5853202155146064,11.762382197835604,1.5895843031029417,0.0,45.52703151790306,0.0,13.233926922660904
2016-09-09,12.913413635568796,3.414650181620581,8.389425239660719,5.156552331986554,5.3864720899112255,11.31268089895251,0.0,0.0,43.821110168201876,1.4920033611063408,8.113692092991396
2016-09-12,26.05979831727928,6.966164642778633,17.068894115283314,10.511253703918621,10.998573848550224,0.0,0.0,0.0,0.0,3.0366680753895956,25.358647296800328
2016-09-13,10.900934780729823,3.0034421925884134,7.276696651507872,4.483403769119362,4.694465453315703,9.815399709532514,1.3305736859838926,3.7752700575143647,38.01256468989848,1.2963758911728245,15.410873118636749
2016-09-14,21.065133818769084,6.428894955187063,14.610652887951298,9.047152459718315,9.474364704825188,0.0,2.6843983801355447,7.574410926374962,0.0,2.6210249843364535,26.49396688270209
2016-09-15,24.150595832028227,7.461654866897624,16.912096767742828,10.503014976376805,11.071934849872436,0.0,3.1303908407297376,8.770639665403671,0.0,3.0348873424293945,14.964784858519279
2016-09-19,10.193040282336732,3.21828586677358,0.0,4.509617825185047,4.750943289194517,9.768494481781362,1.3602679133948157,3.7654986198130804,37.80004070472239,1.3030751590829048,23.330735857715567
2016-09-20,11.990466916936555,3.8904063199905483,0.0,5.413554197462524,5.681229863814502,11.676071126562478,1.6404984663523006,4.502539646874826,45.20296846455765,0.0,10.002264997448616
2016-09-21,19.744558842417558,6.468737564225065,0.0,9.04491045567287,9.462086116559263,19.402941687609086,2.7417189085997093,7.487081615422943,0.0,2.590583240913331,23.057381568580176
2016-09-22,21.61170127588071,7.201002198970956,0.0,10.033777758501921,10.537743340204187,21.528866948189698,3.044250681751324,0.0,0.0,2.895261053773107,23.147396742728105
2016-09-23,26.2775731037038,8.916845750476716,0.0,12.37337674653484,13.099449580514797,0.0,3.768117969077826,10.221149047305099,0.0,0.0,25.343487802386925
2016-09-26,28.049944877204673,9.559698289623798,0.0,13.339752422589315,14.059952506281467,0.0,4.0479931032012555,0.0,0.0,3.8469038372482105,27.09575496385128
2016-09-27,13.910456721467982,4.80595354129001,0.0,6.707183333494632,0.0,0.0,2.0830217630295538,5.512832821514166,55.248855057626756,0.0,11.731696761576895
2016-09-28,17.924284413611257,6.704619253845497,13.273514919905121,8.736128810976734,9.145125128657453,18.541081309908098,0.0,7.178687494036604,0.0,2.507964851473785,15.98859381758545
2016-09-29,8.699255853951888,2.5133681818158027,4.973197159874802,3.2748183812955056,3.4285104291456245,6.951222175955795,1.0160021252173186,2.7027260884325015,0.0,0.9454429189344576,65.49545668537631
2016-09-30,28.570620121023673,8.396598824821117,0.0,10.953302555421073,11.432546514683715,0.0,3.394191598363632,9.019829831244062,0.0,3.17759445475196,25.05531609969077
2016-10-03,14.814012556923254,4.4130388906095765,0.0,5.785198944058533,5.998218192024755,0.0,1.7836997846537745,4.771887712277381,47.006975658711994,1.6857267590983702,13.74124150164236
2016-10-04,19.45553649026949,5.900106464023193,11.636419096042939,7.768380368372149,8.017780878104114,16.27154199442749,2.4421978932037067,6.396707552931943,0.0,2.267007353532431,19.844321909092542
2016-10-05,22.281137752307593,6.8718542960851225,0.0,9.019104295283048,9.306037878179643,18.874781858943713,2.843562637468757,7.422514205585857,0.0,0.0,23.38100707614627
2016-10-06,18.39324998194649,5.788947166861994,0.0,7.567006825943986,7.8036815489159626,15.951662313402085,2.3892731550844046,6.220769999435073,0.0,0.0,35.88540900841001
2016-10-07,19.59799782541074,6.288040050390419,12.275938326561166,8.231592472397175,8.47991253750204,17.411308951982775,2.603120267069811,0.0,0.0,2.396735557252609,22.715354011433263
2016-10-11,16.968263283175318,5.541258296422865,0.0,7.187690662152854,7.450852347246929,15.224818477284577,2.2913283036474117,5.915062131570257,0.0,2.0937023322552677,37.32702416624451
2016-10-12,14.826583558090533,4.863392831816327,0.0,6.302675984014729,6.518216394529007,0.0,2.003857879483002,5.176026960627316,50.73905821830248,1.8375725605611621,7.732615612575444
2016-10-13,24.181961844675584,8.016704839589849,0.0,10.333131800012543,10.666254216868376,21.833957656974643,0.0,8.47460683632594,0.0,0.0,16.493382805553065
2016-10-14,14.5227054019602,4.847452547764037,0.0,6.2334265830650075,6.43163997288323,0.0,0.0,5.0895576086346965,50.122947857696644,0.0,12.752270027996179
2016-10-17,6.716511156485656,2.2758623715101467,4.373125521279868,2.929365561304126,3.0623035758927584,6.1806440706507555,0.9293213553833994,0.0,43.5650128710282,0.8522930225594709,29.115560493905615
2016-10-18,16.2835506378739,5.665621356274069,10.839028397766166,7.259649752815835,7.62371529174069,15.299421102523963,2.3169831689624685,5.90833685600369,0.0,2.107278135817239,26.696415300221975
2016-10-19,22.83782634931905,8.073556663861822,15.424942375067499,10.309438504597884,10.8176417167668,0.0,3.339819938279668,0.0,0.0,3.000816331511675,26.195958120595606
2016-10-20,8.225624865211834,2.9970785699407783,5.7206618495928145,3.869714662337769,3.9649394420572768,0.0,1.2442327756737128,3.1064158727947166,56.92133198871263,1.1464282474230785,12.803571726255392
2016-10-24,23.566573383498852,8.66484989847614,0.0,11.214752370569112,11.483993976690542,0.0,3.6028133809813956,9.01832676396986,0.0,3.315559504648237,29.13313072116586
2016-10-25,23.080151416713257,8.477820291777324,0.0,10.9748511916056,11.224836248606863,22.821439489018225,3.5222479399817104,0.0,0.0,3.2360233571869372,16.662630065110086
2016-10-26,7.810391618240745,2.9298171888596025,5.566382388424289,3.7866638284948095,3.8803916790512103,7.8712057630912255,1.2090190250389512,3.0345585664448422,55.457007153225476,1.1282321761006848,7.326330613028162
2016-10-27,18.537515551878002,7.086637973067898,13.426302313175395,9.133163978872942,9.450497939564642,18.97763042904274,2.9184179369322356,0.0,0.0,0.0,20.469833877466144
2016-10-28,8.371831474323121,3.4293548891969574,6.194890463628939,4.229358297525959,0.0,0.0,1.3515888774137617,3.377197326179456,61.63240648347217,1.2554479984190454,10.15792418984059
2016-10-31,7.47705947582264,3.132332722217146,5.623173077201667,3.850517215694217,3.9573347265372147,0.0,1.2273317767846603,0.0,55.9410423920022,0.0,18.79120861374025
2016-11-01,25.330146417842204,10.614432673365695,19.012881470794557,13.035228770230594,0.0,0.0,0.0,10.374068294342424,0.0,3.858546930825431,17.774695442599096
2016-11-02,26.021805933867142,10.994048938132519,0.0,13.464092577131783,13.813114934812006,0.0,4.285989784662283,10.703340801703455,0.0,3.9835580294267725,16.734049000264037
2016-11-03,26.698538122450504,11.352349630795203,20.240951602361754,13.91342438958058,0.0,0.0,4.44399092056728,0.0,0.0,0.0,23.350745334244674
2016-11-04,14.192128549527277,6.193298646356028,10.918748587033654,7.478296060866947,7.700065791431879,15.423009000442612,2.4086353845270447,5.964747732838743,0.0,2.2260646847957566,27.49500556218006
2016-11-07,15.649422389821261,6.902102176094929,12.184783439095302,8.307605390768204,0.0,17.11259757580027,2.6905056194360157,6.6606584821664985,0.0,2.469466990104177,28.022857936713343
2016-11-08,8.188224739421722,3.6556280423557324,6.352447221466109,4.330545685689172,0.0,0.0,1.4044698317103197,3.4709465687305845,62.81538840513791,1.2897539204198891,8.49259558506856
2016-11-09,29.383920886109465,13.098748967645577,0.0,15.522008420159572,0.0,0.0,4.99571962825933,12.35897715544972,0.0,0.0,24.640624942376334
2016-11-10,24.09054181839224,10.759859285612116,18.695602010725445,12.750341385932762,0.0,26.246965807455364,0.0,0.0,0.0,0.0,7.456689691882071
2016-11-11,22.95273008401847,10.386766186813196,0.0,12.272211996414395,12.634243378413364,0.0,3.9432423842634865,9.754224486508178,0.0,3.637534293723698,24.419047189845212
2016-11-14,8.295268065818442,3.7969051566006433,0.0,4.490012742919493,4.622618966862132,0.0,0.0,3.5657758200698892,65.03126354555373,1.328024320253917,8.870131381921752
2016-11-15,7.616579345662254,3.5498310816400576,6.096984175744499,4.199997597317424,0.0,8.567656594395832,0.0,3.3148572125402342,60.382575467525314,0.0,6.2715185251743835
2016-11-16,19.266047485265897,9.020569151880817,15.51000135619079,10.805321690033724,10.918290671493978,0.0,3.3929195256475455,8.324514585433889,0.0,3.059874628410425,19.702460905642937
2016-11-17,24.00173913463374,11.3641602858213,0.0,13.528503856811897,13.744087428240709,0.0,0.0,0.0,0.0,3.8451253207035476,33.516383973788805
2016-11-18,20.494765600000754,9.875049604224294,0.0,11.704923830681434,11.94892289004642,0.0,3.7308778503095974,9.030530832101809,0.0,3.332743463296586,29.882185929339105
2016-11-21,15.720309130586369,7.634159952030603,12.831490094426517,8.968931540857698,9.128050598753058,18.179722541127035,2.8787201182434576,6.962331390557565,0.0,0.0,17.696284633417694
2016-11-22,17.1547833800768,8.318218326436057,0.0,9.793032503606774,9.939106285644876,19.634622642742357,3.138162953725071,0.0,0.0,0.0,32.02207390776807
2016-11-23,26.44709875074232,12.844108717307092,0.0,15.090982614849402,15.347173247229929,0.0,4.845728867893305,0.0,0.0,4.3026213693550845,21.122286432622865
2016-11-24,16.69196931442794,8.189062591639283,0.0,9.586623282901103,9.828427646011585,0.0,3.099828185128923,0.0,0.0,2.7374550153822077,49.866633964508964
2016-11-25,27.79939415335489,13.654872524792339,0.0,15.986844893766856,16.42728212929894,0.0,0.0,0.0,0.0,0.0,26.131606298786977
2016-11-28,41.04732857557094,20.16368416838245,0.0,23.611690789158498,0.0,0.0,7.632049605820577,0.0,0.0,0.0,7.545246861067542
2016-11-29,6.414287488683641,3.1456144379453903,5.273186107489599,3.6866192378594107,3.8023452454532576,7.448114774859016,1.194062870751437,2.855087980887936,52.71181496647968,1.0547353001357282,12.414131589454911
2016-11-30,24.97278840463429,12.282780026778468,0.0,14.316123047265675,14.817771292470686,0.0,4.6562551056531305,11.187139807924332,0.0,0.0,17.767142315273418
2016-12-01,6.643505963093306,3.2708785961843296,0.0,3.8099783679974966,0.0,7.740731134483372,1.2343852060450144,0.0,54.59330303059213,1.097474796983955,21.609742904620397
2016-12-02,24.61189630086026,12.108727587271627,0.0,14.1200756225215,0.0,28.738504134015674,0.0,0.0,0.0,0.0,20.42079635533094
2016-12-05,23.08266904483459,11.217658460434238,0.0,13.280772231165663,13.687641750455295,0.0,4.276793160730462,10.317674894047386,0.0,0.0,24.136790458332364
2016-12-06,23.0834581150871,11.249844129453166,0.0,13.290972989848834,13.709994588646401,0.0,4.2861158593645925,10.270861018414989,0.0,0.0,24.10875329918491
2016-12-07,6.0959296189411125,2.96389540383052,0.0,3.4946003853700764,3.5956947957144383,7.0215448021903635,1.1404329811892238,2.687965512871206,49.6694118552716,0.9987237769670907,22.331800867654376
2016-12-08,16.671475561816244,8.070125560736704,0.0,9.548833398820463,9.901156761570718,19.19076050138756,3.117833153120183,7.35208080024865,0.0,2.7304971387995685,23.417237123499905
2016-12-09,13.216184932420283,6.3317751729074345,10.7060093222168,7.549986276648739,7.833025634923647,15.111326182240859,2.4971104470189136,5.796017594459134,0.0,2.163815550160434,28.79474888700375
2016-12-12,16.897586692042367,8.163859160407485,13.682448683367927,9.640959833586827,10.017121221229617,0.0,3.1856121036655236,0.0,0.0,0.0,38.41241230570026
2016-12-13,20.35684469697186,9.81205227068761,0.0,11.572032487629684,0.0,23.213405748114454,3.8248565079968757,0.0,0.0,3.328314289769059,27.89249399883046
2016-12-14,24.612165467371767,11.851296641079037,0.0,13.989728534611789,14.577682956489463,0.0,0.0,10.770190870637643,0.0,0.0,24.1989355298103
2016-12-15,0.0,23.77490685314479,0.0,27.977791509961786,0.0,0.0,9.244708735215465,0.0,0.0,0.0,39.002592901677964
2016-12-16,21.016556125884637,10.133552313606064,0.0,11.947373877845408,12.370701611842568,0.0,3.9581615950695817,9.117764212423985,0.0,0.0,31.45589026332776
2016-12-19,21.582938301665532,10.473563597029676,0.0,12.342277337747188,0.0,24.629105110116218,4.1130786819299505,0.0,0.0,3.5570891884636446,23.301947783047794
2016-12-20,28.527029289183893,13.855898742058173,0.0,16.32723836954742,0.0,0.0,5.44679358219229,0.0,0.0,4.705856613077721,31.137183403940508
2016-12-21,27.283204616907764,13.234288649476422,0.0,15.61534083611657,16.19511263908216,0.0,5.200366928037724,0.0,0.0,0.0,22.471686330379363
2016-12-22,18.986676257391178,9.197985114858051,15.44951579275922,10.845023662805827,11.273209092282979,0.0,3.5942111006087623,8.282549826426607,0.0,3.1476344768149254,19.22319467605245
2016-12-23,22.22481409111475,10.777112540917733,0.0,12.702954261944027,13.218805972922443,0.0,4.21129262263167,9.699834031028892,0.0,3.6894917649452332,23.475694714495248
2016-12-28,27.486658056223423,13.325529644406373,22.37590202298894,15.429762571831581,0.0,0.0,5.202737614438143,0.0,0.0,0.0,16.17941009011154
2016-12-29,17.2622986054218,8.346211847372388,14.025160758717197,9.66481531226103,10.305699023653576,0.0,3.2595703295151752,7.5486172755662855,0.0,0.0,29.58762684749255
2016-12-30,7.517730624523178,3.6356378900863358,0.0,4.2133746140110135,4.492186885244041,0.0,1.4158375114757618,0.0,60.99724103759016,1.2457160236862683,16.482275413383242
2017-01-03,19.211766330387558,9.27541052663502,15.588557094027669,10.717774994973256,0.0,21.840672596994214,3.6153056876558933,0.0,0.0,0.0,19.750512769326388
2017-01-04,22.458442972977537,10.823748487032983,18.19900565411108,12.522671296193064,13.254579895232036,0.0,4.223338029250351,0.0,0.0,0.0,18.51821366520295
2017-01-05,36.34373167493234,17.509957093744564,0.0,20.26267031497444,0.0,0.0,0.0,0.0,0.0,6.003321461804814,19.88031945454384
2017-01-06,45.098679465170974,0.0,0.0,0.0,0.0,0.0,0.0,0.0,0.0,7.448909909524063,47.45241062530495
2017-01-09,21.423342601464284,10.34689284145975,0.0,11.909263800171813,12.684261908899908,0.0,0.0,9.366664045125372,0.0,0.0,34.26957480287888
2017-01-10,31.52148009295549,15.207815247987133,0.0,17.500881389661117,0.0,0.0,5.912254735246182,0.0,0.0,5.206389193387648,24.651179340762432
2017-01-11,21.826055746212937,10.547587373456546,17.688396589159474,12.11976943127432,0.0,24.807821861453174,0.0,0.0,0.0,0.0,13.010368998443548
2017-01-12,21.04838169980989,0.0,0.0,11.65960845313337,12.433185784893945,23.935373881203294,3.941204552833144,0.0,0.0,3.4721908543480904,23.510054773778272
2017-01-13,24.962266791262483,12.089536168040006,0.0,13.795747237861173,14.725158908129654,0.0,4.67378693956563,0.0,0.0,0.0,29.753503955141053
2017-01-16,30.14832470712589,14.564064440658022,0.0,16.6382315837444,17.940235175671177,0.0,0.0,0.0,0.0,0.0,20.709144092800514
2017-01-17,9.557137429322824,4.621557915738392,0.0,0.0,0.0,0.0,0.0,4.167572317488393,77.10788302048405,0.0,4.545849316966344
2017-01-18,23.08400687678616,11.17115640376589,18.65441806543433,12.74240856284278,13.754452255526372,0.0,0.0,0.0,0.0,0.0,20.59355783564447
2017-01-19,33.6116809578062,0.0,27.128344844191155,18.534375076460478,0.0,0.0,6.25966983237274,0.0,0.0,0.0,14.465929289169424
2017-01-20,26.589186156109157,12.784918141743,0.0,14.633124385149706,15.814514915464297,0.0,4.944927705852708,0.0,0.0,0.0,25.23332869568113
2017-01-23,43.464473234300314,0.0,0.0,0.0,0.0,0.0,8.098018995908056,0.0,0.0,7.1512935277435465,41.286214242048075
2017-01-24,9.792352562454466,4.715140384138376,0.0,5.3970494807165235,0.0,0.0,0.0,0.0,78.99521747604973,0.0,1.1002400966409018
2017-01-25,25.47831338444414,12.258724411462028,0.0,14.046327626978194,0.0,28.91593607264747,4.759457489520457,0.0,0.0,0.0,14.541241014947708
2017-01-26,65.23270583183634,31.40656625125351,0.0,0.0,0.0,0.0,0.0,0.0,0.0,0.0,3.3607279169101574
2017-02-01,0.0,11.541045396617369,0.0,13.212477071209367,14.304670080460252,27.22671630449615,4.485402931890234,10.439257360044211,0.0,3.95666147556553,14.833769379716884
2017-02-02,21.85838421150317,10.598556923835819,0.0,12.04865691417199,13.043227166264657,24.828808579365045,0.0,0.0,0.0,0.0,17.62236620485932
2017-02-03,28.698456043950515,13.807052962196153,0.0,15.790895946795247,17.111749517849567,0.0,5.3484794090145575,0.0,0.0,4.770803523856512,14.472562596337449
2017-02-06,23.021866274927095,11.064417982936334,0.0,12.6024728461857,13.612324111919543,0.0,0.0,10.021917659916054,0.0,3.7863717763990343,25.890629347716242
2017-02-07,36.40162345357447,17.4627995705785,0.0,0.0,0.0,0.0,0.0,15.84129936129813,0.0,0.0,30.294277614548896
2017-02-08,29.99361588854754,14.364751090523967,0.0,16.39813018488002,17.72641999925079,0.0,0.0,0.0,0.0,0.0,21.517082836797677
2017-02-09,29.744931245941753,14.205064807605924,0.0,16.175138239861248,17.52878985846914,0.0,5.524356107220087,0.0,0.0,0.0,16.82171974090185
2017-02-10,31.92587380575017,15.270439435808719,0.0,17.38620174689189,0.0,0.0,5.936929786102369,13.830181795936557,0.0,5.229371302054816,10.42100212745548
2017-02-13,11.000424029292029,5.352746313623749,8.83566518104724,5.998089252666373,6.498541552115814,12.4134808979749,2.062605314105876,4.785409687535486,0.0,1.8285447637160797,41.224493007922455
2017-02-14,6.8829434495573425,3.3182664793877485,5.494132693730389,3.733776762523147,0.0,7.719958540294567,1.277749404030137,2.983499293696885,54.9025246494682,1.1247079290297668,12.56244079828182
2017-02-15,7.379057270343041,3.566840820217046,0.0,3.9999132028057036,4.3390491957182045,8.286633427056337,0.0,3.2275993886065812,58.94025380169769,1.2088673887435797,9.051785504811814
2017-02-16,8.531819917529484,4.119128233941645,0.0,4.606426078035442,0.0,0.0,1.585706834774039,3.728559810213092,68.14932573191793,0.0,9.279033393588373
2017-02-17,22.47255090655432,10.841643205758887,17.96734524660851,12.131519760005498,0.0,0.0,4.17631127238971,0.0,0.0,0.0,32.410629608683074
2017-02-20,29.207633166798868,14.04539449168336,0.0,15.762902253922501,0.0,0.0,5.426878068254876,12.761528131504155,0.0,0.0,22.79566388783624
2017-02-21,0.0,14.418164772588582,0.0,16.17383424148959,17.673912774384974,0.0,5.589074473540006,13.099143356919166,0.0,4.945017712717674,28.100852668360012
2017-02-22,7.775773020142079,3.0666159511529996,5.154860058373093,3.4275766357136845,3.726229130783571,7.179005575065774,1.2428012248121758,2.840470658506036,49.68830783688095,1.0502786580911976,14.84808125047844
2017-02-23,7.95709051975934,3.1451052252629412,5.282196772335859,3.5134332451396606,3.8048537628472663,0.0,1.2572661415554305,2.90676368301754,50.754344476087276,1.0741265174962908,20.304819656498392
2017-02-24,6.9732428824220385,2.596222215531517,4.6970470844621985,3.0731677097861145,3.3382673120201956,6.439237182184209,1.0975552927997057,2.5985781722916172,44.74746316071212,0.9468759107114709,23.492343077078807
2017-02-27,5.082003769487226,2.2428731871514045,3.886728676518277,2.5465380972301017,2.7765541871649395,5.278507386224769,0.8569047248412793,2.183380845723784,36.69970523955394,0.7744029251743612,37.67240096092992
2017-02-28,5.9903439422105125,2.8275743737757835,4.763358007272685,3.1099540690193908,3.412160477618272,6.514642538821174,1.1117103879192611,2.709030358066229,45.28546802251145,0.9621321581724549,23.313625664612786
2017-03-01,6.503355994197096,3.1429000654907635,5.135749101795705,3.348696887731569,3.688271164339353,0.0,1.2291037435806669,2.930490195261581,48.86176736408762,1.0363660998185853,24.123299383697056
2017-03-02,12.08784314754037,5.8131059541012915,9.453060045066861,6.162871270796002,6.786010296386625,12.932459726634072,2.3087378119447353,5.3971713797528,0.0,1.903687598664589,37.15505276911266
2017-03-03,10.700909715515458,2.47997776655394,3.9255477700434445,2.5610826099931616,2.8172351626102836,5.387677905738259,0.9684463369040155,2.2469733458592795,37.30687517472778,0.7907273273703499,30.814546884684038
2017-03-06,12.345922415647802,2.867379606606716,4.541929946202969,2.9725371555506497,3.2683747327108783,6.234772449376245,1.115384340903112,2.5948315632678582,43.184613409553144,0.9369434062442416,19.937310973936384
2017-03-07,15.133027455975178,3.520859108348584,5.580695045593721,3.651874713365652,3.9791224662040103,0.0,1.3617524533038277,3.146097859662901,53.02780343473413,0.0,10.598767462811995
2017-03-08,12.03650341930215,3.0335242786483154,4.676764508758105,3.0841471806052243,3.335567362359954,0.0,1.2019193273260687,2.6320924490244404,44.394227818917074,0.9627518287164464,24.642501826342226
2017-03-09,10.942645274461709,2.999946326050282,4.500564588129896,2.9756442983024742,3.2010691277870573,6.156171389776152,1.1731591420141376,2.530156997586372,42.5317624489908,0.9604219149069297,22.0284584919942
2017-03-10,18.86868654666565,5.575910751817445,8.156178022205616,5.3867425560509465,5.7850139716335365,0.0,2.1597706596010124,4.562518702496988,0.0,1.7466788998803686,47.75849988964844
2017-03-13,18.908163256587812,5.737173873420476,8.310354779296054,5.491895840635287,5.887896720723218,11.284460813521498,2.190371824694506,4.6294953172533235,0.0,1.7704272120120317,35.78976036185579
2017-03-14,12.115158436721133,3.754885874752414,5.382646638752718,3.5524391113134395,3.815887884459578,0.0,1.3778434834938378,3.0066981046575365,50.44960037088462,1.1582563790203588,15.386583715944367
2017-03-15,9.992091720114711,3.2770704711707435,4.5860577307117465,3.0427516829812746,3.256127758678886,6.245133991218491,1.1869145637717358,2.5569786439495163,42.96514680150647,0.9913013137967999,21.900425322099625
2017-03-16,8.786169063209051,3.0188311890613244,4.198897730179978,2.8244703675009957,3.058290282266296,5.7238381540226015,1.0965850991115054,2.3359261186723392,39.31465787805356,0.9035433511773647,28.738790766744984
2017-03-17,19.507143731815578,6.940058889057678,9.540522284833223,6.470150795608235,6.9384309789768785,12.995694870323703,2.4770632447574563,5.2680509339862835,0.0,2.0756429473732383,27.78724132326773
2017-03-20,8.768331577658964,3.5134849560601324,4.664102533668891,3.1672899635521543,3.3671454746071374,6.287109369732356,1.2398974437065988,2.546063945055285,43.08120026258845,1.0153671635349062,22.350007309835128
2017-03-21,19.26089243225758,8.093114529379108,10.669141333954714,7.237178598952029,7.717185752903871,0.0,2.898296287335707,5.838786870073141,0.0,2.354570074072305,35.93083412107154
2017-03-22,15.639450084753841,6.756155416493895,8.88635068904421,6.005734461367365,6.415754069889654,11.861211760356506,2.397178839251742,4.820611598495134,0.0,1.9311582572733816,35.286394823074275
2017-03-23,8.157913058321798,3.6495871672241034,4.7186274624225995,4.319104746654608,3.428685432757229,6.333291403852416,1.2996699521567936,1.4962022541425737,43.39584498431711,1.0362987824650323,22.164774755685738
2017-03-24,8.813162612033423,4.075789015177453,5.266254891021153,4.812602521937581,3.835387609262084,0.0,1.4455851019641979,1.6611128551334196,48.21044461119456,1.155557996145606,20.724102786130516
2017-03-27,16.990634419096633,8.064614150545056,10.4141637001746,9.502783728417844,7.572876373024473,13.897992226975783,2.8570758676617047,0.0,0.0,2.2813062234341026,28.4185533106698
2017-03-28,18.278561543644933,8.918871685368044,11.411171578980474,10.398057041446897,8.336929833941083,0.0,3.152304252667292,3.6101232817368807,0.0,2.5024894259906927,33.39149135622371
2017-03-29,20.0338276597733,9.85386275385193,12.65622940364085,11.558044610355168,9.262356866173107,0.0,3.4886096952265397,4.003152020337879,0.0,2.7755840995444445,26.36833289109678
2017-03-30,16.09841441016116,8.011314712043498,10.287398264554612,9.39265629908502,7.5633958721529755,13.715632819677651,2.8667128724928705,3.2680270954360116,0.0,2.2712181181513333,26.525229536244872
2017-03-31,14.489961701269744,7.2857543083343845,9.573038923036188,8.500348202285766,6.847807566176139,12.421868954057517,2.611439828295849,2.8236091607595344,0.0,2.0372029412073154,33.408968414577565
2017-04-03,14.610358363222216,7.614786578029877,9.986483064038591,8.882433814418809,7.169902209486359,12.926686172619432,2.731721624776677,2.9258121153988035,0.0,2.1245930339491945,31.027223024060042
2017-04-05,12.376551546356005,6.470503045722601,8.599080385571492,7.535448104538004,6.134613430410905,0.0,2.3212028647615703,2.4743665294135604,0.0,1.7968731555570918,52.29136093766877
2017-04-06,6.814746474513106,3.8715117011160545,4.928154911267393,4.36928016382746,3.596593242362187,6.428548171699296,1.345978315976861,1.4240268792978852,43.299667059626465,0.0,23.92149308031329
2017-04-07,6.389084814475436,3.840492883710355,4.636121468397647,4.125301458613532,3.500613989457942,6.331442435327163,1.268880780589196,1.3356558458066528,41.14520614221482,0.97550789860029,26.451692282806967
2017-04-10,11.621779023670713,7.006369354006754,8.416466226211975,7.4637975182967535,6.328747768291236,11.552621696655741,2.3113273047701943,2.433169388867676,0.0,1.7511376834996004,41.11458403572935
2017-04-11,7.02721855766845,4.250410395356096,5.141523301000243,4.564225131665844,3.8174091342987326,7.054654464832789,1.4387220902194664,1.496468214118842,45.383468419419884,1.067782818184117,18.75811747323553
2017-04-12,13.880718456263994,4.671614261004833,5.618592854277652,4.9888641272741046,4.206186632575548,0.0,1.5599758985420393,1.6356859767056628,43.272770944776894,1.1644331500647611,19.00115769851452
2017-04-13,13.767115366142516,4.571187600639596,0.0,4.940570440210578,4.2098505156870925,7.6333312149742625,1.5471134564018547,1.5333839225851869,42.88216924294035,1.1586896407348533,17.756588599683713
2017-04-18,19.13941217219157,6.320484711471693,7.660893497371993,6.815950093564005,5.886599401095731,10.573124781787117,2.159808187173412,2.1344277767323585,0.0,1.6124993636382887,37.69680001497383
2017-04-19,17.406372036836846,6.282893126403912,7.419760582345406,6.607369946439197,5.586123487290293,10.210118978003798,2.0856202649558684,2.1845451744960878,0.0,1.5922474142799243,40.624948988948674
2017-04-20,16.836547786857455,7.082105230694396,7.753932928360713,6.916776276157786,5.916396493455147,10.667334031171377,2.188253198175463,2.314378234233559,0.0,1.6800013014655117,38.64427451942859
2017-04-21,10.735557488100198,4.9408677506009395,5.305457446313539,4.75614695996328,4.075376457368824,7.287916738687632,1.5392559501325902,1.5841189717987492,40.82551618089761,1.1750314260617891,17.77475463007485
2017-04-24,16.862984881445414,8.010051904370425,8.645164519462256,7.691827727819893,6.643920708001281,11.752310352096561,2.508367487628747,2.561017306395223,0.0,1.9136881524163956,33.4106669603638
2017-04-25,9.074516735541417,4.878638303996674,5.102978926306824,4.595772108257655,3.9465190818818745,6.934672970782109,1.497742577471774,1.5104594727449396,38.780433067058574,1.1522728933356499,22.52599386262251
2017-04-26,10.273131427114086,6.781641893325971,6.741694173011636,6.21128909075095,5.396090609107676,9.192531051209478,2.0896372607904823,2.071964832519412,0.0,1.6092422722970914,49.63277738987322
2017-04-27,9.412756305758109,6.074425573705534,6.17505826906709,5.666079702077473,4.947350659415582,8.41959349702552,1.877675210261001,1.907408687832474,0.0,1.5197421647268399,53.99990993013037
2017-04-28,12.945449074527485,8.590842224351507,8.608371278776389,7.879826528946918,6.921495073365364,11.718317830129466,2.6663587230596772,2.4701927230501317,0.0,2.102946323650659,36.09620022014241
2017-05-02,15.802898662666223,10.52086878523015,10.512302291923232,9.600715160104304,8.448532177570904,0.0,3.249771033793852,2.8774679634384666,0.0,2.5314005772061092,36.45604334806676
2017-05-04,7.925600743566316,5.253283337525164,5.245329003822128,4.750880814669004,4.30648694353397,7.111106782802189,1.6048765001964709,1.4259132348852945,39.77059080590226,1.2723477593389558,21.333584073758246
2017-05-05,15.453095716634973,10.328036810405909,0.0,9.255080650879622,8.3138270077145,13.84311140356947,3.11852940937512,2.8034748448010705,0.0,2.4885768769577425,34.39626727966159
2017-05-08,8.486523603738776,5.654378362184038,5.593655429983231,5.033259715330149,4.501516351984635,7.584167055263388,1.7193832605131556,1.5462560052952121,42.3523787131918,1.3761645500632387,16.15231695245238
2017-05-09,9.54596520787002,6.324566301676689,6.260609585851603,5.619257239358597,5.038297517596173,0.0,1.930486690676554,1.7403437875763372,47.394954210063936,1.560474553548944,14.585044905781142
2017-05-10,10.153573072088594,6.725663661990479,0.0,5.943662003949064,5.3716299776586975,0.0,2.0529933131064486,1.850018935102072,50.303702349068516,1.6572185679353961,15.941538119100734
2017-05-11,17.330496053641152,11.377376511671992,11.290865823374316,10.123860040996652,9.028018437666168,0.0,3.551768162182261,3.016992561477645,0.0,2.815277474188021,31.465344934801795
2017-05-12,18.191474422188637,11.911887662411317,11.80787690206073,10.584921117449465,9.367698500822934,0.0,3.707966576490449,3.226972158691538,0.0,2.971807706342615,28.22939495354231
2017-05-15,15.757481672710192,10.307656911893565,10.224964751363991,9.168183960114225,8.148919040892867,13.906837027758318,3.217696750243057,2.7978535329871375,0.0,0.0,26.470406352036647
2017-05-16,25.434543843390784,16.654405286718656,0.0,14.81473723203726,0.0,0.0,5.200430470764717,4.528828096055678,0.0,4.133601067864714,29.23345400316819
2017-05-17,18.316614477716975,12.064712294661687,11.945192046056091,10.732133221451704,0.0,16.32288051282118,0.0,3.2969820901873654,0.0,0.0,27.321485357104997
2017-05-18,13.722512149902569,8.839637746072263,8.855002427078247,8.059322647873664,7.087970617896734,12.16735595279583,2.666731737048617,2.3693857195685997,0.0,2.2027862672534835,34.02929473450999
2017-05-19,8.372783961396294,5.34111870089257,5.334079317385719,4.880980075520194,4.27434769269028,7.3346494759699175,1.6048674421192806,1.4284094016501747,40.48335738064488,1.3544717840598752,19.590934767670813
2017-05-22,15.509712635025267,9.908580303635793,9.902698528123405,9.035582958708716,7.949675676400412,13.633348768857845,2.9829116994865763,2.639280572682374,0.0,2.5114067273957725,25.926802129683843
2017-05-23,18.198746131806356,11.766628704792367,0.0,10.663231959283443,9.45758753080265,0.0,3.511771551238253,3.1209116461374706,0.0,2.9702707008450946,40.31085177509436
2017-05-24,16.59142336232604,10.734433822502634,10.656677440003318,9.729469023812387,8.650729076648442,14.663728034548646,3.2042847932956775,2.8470241568169614,0.0,0.0,22.922230290045896
2017-05-25,12.853158587227862,8.368601333348474,8.20362989470985,7.575921066461669,6.766140392680374,11.393504630776295,2.4887519784923833,2.210198407948164,0.0,2.0973583050666917,38.04273540328823
2017-05-26,17.032445293577343,11.001262552052047,10.883882708328306,10.010983900226272,10.118209038516488,0.0,3.2639603049959254,2.944425764836155,0.0,2.7620131567289516,31.982817280738512
2017-05-29,13.003989227107212,8.444023480056677,0.0,7.671368896226715,7.774987384597072,11.561439000062236,2.5102786302353355,2.2617457538303074,0.0,2.137359383235467,44.63480824464898
2017-05-31,17.82525193295855,11.568179365151943,0.0,10.518475626059768,10.65209578780158,15.844894665177053,3.4386119909172037,3.120102104879141,0.0,2.8630197085973546,24.169368818457404
2017-06-01,19.184833573208614,12.457799548071073,0.0,11.328063422840625,11.473300845191483,17.05735912888555,3.706101152631215,0.0,0.0,0.0,24.79254232917144
2017-06-02,15.370985963489353,10.09406286986216,9.942310886301483,9.183755102461976,11.36140379910474,13.78967888258606,2.9932259230514218,0.0,0.0,2.4599319243668023,24.804644648776
2017-06-05,20.66563036910297,13.589648323851472,13.396207099048404,12.388298684131385,15.312359919896801,0.0,4.019403764705411,3.661890386084077,0.0,0.0,16.96656145317948
2017-06-06,17.863880843855327,11.77736087001149,0.0,10.742713862108054,13.27513580767628,16.094659115703557,3.480281341300672,3.1637935846543472,0.0,2.845175054560244,20.756999520130027
2017-06-07,8.791825938745978,5.776438254768186,5.716305441154192,5.273077658547957,6.564131719015444,7.925097852677494,1.9804362325154394,1.5453409727404768,43.66880493919186,1.3973952090614628,11.36114578158151
2017-06-08,11.768777819533245,7.758909230049961,7.846219601365472,7.104765793388319,8.989662991678886,10.871883617672868,3.3712612589472286,2.0355917141604,0.0,1.8976811192954877,38.35524685390813
2017-06-09,9.217684071301656,5.9812352221903105,6.233713011344628,5.599321865037867,7.082551595658999,8.58449177597555,3.1014088726168563,1.6003321838744942,0.0,1.4912487980688875,51.10801260393076
2017-06-12,10.465109721073649,6.807004258265971,7.145628418203562,6.407036606277727,8.104286814867539,9.829558598546257,3.8318025715924415,1.8185207202599047,0.0,1.6890204475963357,43.902031843316614
2017-06-13,9.319291151896824,5.90673755701223,6.309432475459411,5.607338842394234,7.114736367613456,8.643609928483837,3.662771854578062,1.6078110009478623,0.0,1.5198310304749634,50.30843979113912
2017-06-14,12.75968254764516,8.184323311117694,8.732681840444924,7.721508624652408,9.830804766402835,11.892682049744698,5.331531713040831,2.2042477484316323,0.0,2.034003815518108,31.30853358300171
2017-06-15,13.61603639357744,8.778827350480448,9.32973399403207,8.213512983632647,10.475058742288077,12.666277527583917,5.885136199274326,2.3555985307001497,0.0,2.1598189264570773,26.519999351973844
2017-06-16,8.548685218458797,5.5110202100310905,0.0,5.149691213232273,6.600811965005411,7.9861794097355885,3.812661593263779,1.4858051799101017,44.11539400395761,1.3520490157079408,15.437702190697403
2017-06-19,8.156457654328673,5.25329264964021,5.6020580450349415,4.919558254261794,6.311976336240652,7.648126295605417,3.7973901935828813,1.421669598113287,42.17603378524063,1.2951301754839686,13.41830701246755
2017-06-20,14.812693288060471,9.507548627815865,10.162948469917788,8.936925837231458,11.464289704648195,13.922303482059686,6.855119548018758,2.572723378289494,0.0,2.3484498258600115,19.41699783809827
2017-06-21,13.746511763151869,8.821320998586263,9.468620262489363,8.26229370338677,10.680816202380914,12.972723487931988,6.336326651040997,2.399172415861722,0.0,2.1720708937395306,25.140143621430585
2017-06-22,13.775749923723543,8.81854803473965,9.518468786031496,8.296243571547882,10.731012094436318,13.012991863238218,6.337131345918631,2.403066995514915,0.0,2.188975574695412,24.917811810153935
2017-06-23,11.067897977397195,7.087245972069497,7.69737776168803,6.7400424202595985,8.53011154418028,10.496443684050325,5.096071878046906,1.9488640418361767,0.0,1.7781218162292585,39.557822904242734
2017-06-26,0.0,4.718454219179582,5.200381439033195,4.5783486819250925,5.791736067615951,7.121927360787278,3.4473128758035614,1.305487017491575,39.277299755420444,1.201985317768366,27.357067264974958
2017-06-27,7.048666944991851,4.4374344580942005,4.917273966096413,4.3162948996431565,5.382437754463209,6.7652409253541945,3.2649786180517433,1.2232504614470177,37.158303684968445,1.1298512134035101,24.356267073486258
2017-06-28,16.388873337534644,0.0,0.0,10.044750316830207,12.509007642252525,15.732062252664914,7.583426147121471,2.8400648589088777,0.0,0.0,34.90181544468736
2017-06-29,13.774149977542516,8.487061640990627,9.584736791845257,8.425463792478455,10.50360881020479,13.224968846724849,6.35797274087558,2.3817364782526433,0.0,2.188577529609891,25.07172339147539
2017-06-30,7.191961564648349,4.423634087175559,4.937666714764869,4.388709393838309,5.466540178308924,6.897083181117865,3.305598167320837,1.2398816560199577,37.75518950173857,1.1404860707968325,23.253249484269926
2017-07-03,14.467160273952512,8.882002457308783,9.675151322222163,8.794672837731571,10.960041902058393,0.0,6.610825398957466,2.486696808810547,0.0,0.0,38.123448998958565
2017-07-04,13.061289553402325,7.842480413280669,8.709870176550071,7.907943269607191,9.875976204495702,12.442458252145213,5.946171322600851,0.0,0.0,2.055613826519029,32.158196981398945
2017-07-05,11.632829454679731,7.0236935601496935,7.774460564926882,7.048661797682697,8.908544098667008,11.11083795339683,5.28616032363396,1.9970356882484084,0.0,1.8235526695202127,37.394223889094576
2017-07-06,13.468442907638098,8.129309958567971,0.0,8.165560399010054,10.407385636551684,4.393648463672935,6.102771576011654,2.3129057207952917,0.0,2.0806413252425626,44.93933401250975
2017-07-07,7.996160600421441,4.834936839187665,5.337612265233087,4.841191751680574,6.171269749631944,2.605461292614144,0.0,1.364724829741577,41.74916241051543,0.0,25.099480260974133
2017-07-10,15.452899862613704,9.386095959717258,10.351809614271328,9.385325744055004,11.975915500325383,5.08772793822019,7.023234888815215,0.0,0.0,2.374181213636272,28.962809278345645
2017-07-11,9.249762417943774,5.609001139208328,6.20562515344147,5.619938002685604,0.0,0.0,4.209582082347023,1.5869101761621014,48.55061059032476,0.0,18.968570437886942
2017-07-12,19.417030060097407,11.773293011320787,13.034756063103686,11.793017550510067,0.0,6.3488710981797025,8.827858783135763,0.0,0.0,2.9567363079860898,25.8484371256665
2017-07-13,13.826452550658336,8.406837638273949,0.0,8.398993213188541,10.724857765552029,4.5204739071043685,6.271982435505636,2.3724325418389123,0.0,2.1231254667731974,43.354844481105026
2017-07-14,19.336179549335245,11.791481575800015,0.0,11.789914102673505,15.058992603663985,0.0,8.760577621549807,3.370817790932927,0.0,3.0147232025397392,26.87731355350478
2017-07-17,17.380315615637777,10.563891259398625,0.0,10.591431178273702,13.552390285779756,5.715491287656703,7.8819144080458186,3.022967296055248,0.0,2.7107177481083258,28.58088092104405
2017-07-18,6.239219818435769,3.7537761947386663,4.201205398036778,3.803564399995824,4.860282745139902,2.060065622126651,2.840633373324162,1.0891161597082781,32.9007185380444,0.9551550934658303,37.29626265698374
2017-07-19,7.360387843906515,4.444226320188729,4.955303825546182,4.491346273269513,5.733631596503921,2.431425031518884,3.3542556177613805,1.2892678979635075,38.74657529904357,1.12747089595785,26.06610939833995
2017-07-20,17.13103091635179,10.287957989892924,11.561674705056948,10.449480733350686,13.37425363287969,0.0,7.8281350540759025,3.0034651425177894,0.0,0.0,26.36400182587427
2017-07-21,16.722076096421333,9.986741473985694,11.287589847172976,10.18139464224716,13.055820691305733,5.533791300080937,7.615544667609947,2.9350962484732035,0.0,2.5706020251604556,20.11134300754256
2017-07-24,8.341451120521985,4.9692930300187,5.6371991954855005,5.082445680744241,6.52286224128259,2.7638934598272233,3.8133844337521405,1.4693455336871035,44.13392518508964,1.2631032056263087,16.00309691396457
2017-07-25,11.576514813969101,6.899625153806185,7.715783424103899,7.081125776336656,9.038093455492563,0.0,5.372726363699691,2.033386446074143,0.0,1.6882403728614332,48.59450419365633
2017-07-26,8.975300973881005,5.343711845233345,5.978302502399675,5.478897708349043,6.993680281285449,0.0,4.197146330013853,1.575810424874707,47.40896390727099,1.307299022341915,12.740887004350014
2017-07-27,17.03106404286181,10.085272741171725,11.320312951164894,10.360876423658036,13.245006116445579,0.0,7.943668532214371,2.9871973828256038,0.0,0.0,27.026601809657983
2017-07-28,7.61674111346875,4.495444291242106,5.061790189242878,4.621230243302701,5.913471859552217,0.0,3.5431449315975283,1.3325712240558438,40.015327103575046,0.0,27.40027904396293
2017-07-31,8.534693103692657,5.0862792819396985,5.630776172079262,5.237273669420659,6.68072034015133,0.0,4.03335658729829,1.5010439046044683,45.144075292817014,1.25879987023629,16.89298177776033
2017-08-01,7.852239806619897,4.6831818835614225,5.19542105486389,4.824718412808928,6.147772957035806,0.0,3.7608800038420243,1.3972503081619936,41.43565164467814,1.2002721259022835,23.50261180252561
2017-08-02,12.631637023562254,7.552312067468432,8.384101384801907,7.796227602561448,0.0,0.0,6.065862038264714,2.2643799018270476,0.0,1.944394576998542,53.361085404515656
2017-08-03,18.374988349715068,11.069565056948907,0.0,11.393608431450971,14.543848796721573,0.0,8.86391888385576,3.3151420181825118,0.0,2.84179918262724,29.597129280497967
2017-08-04,8.731154518416794,5.20421513892867,0.0,5.40130710953771,6.873644533982285,2.9071590168230323,4.199264959662719,1.562267904997421,46.490319994213685,1.3335784074324384,17.297088416005245
2017-08-07,17.474639419483797,10.284171822963216,11.564628846743133,10.73104664873376,13.663305193003117,0.0,8.340427638098149,0.0,0.0,2.642920586258879,25.298859844715945
2017-08-08,22.692443062821575,13.431101886093156,15.108530396125644,0.0,0.0,0.0,10.92240445789721,0.0,0.0,3.4363143402640364,34.40920585679838
2017-08-09,17.42870604520237,10.36423550479512,11.643209315172689,10.827514032485906,13.777686923534816,0.0,8.419641354432983,3.1311476412524097,0.0,0.0,24.40785918312371
2017-08-10,17.269112917413707,10.28373746051022,11.53811031640728,10.737977942996723,13.60403248343076,0.0,0.0,2.8239771718534104,0.0,2.6293228270529085,31.11372888033499
2017-08-11,17.9972600822182,10.688751600553244,0.0,11.173111235586779,14.101157176723907,0.0,8.756457572533336,3.085491258138044,0.0,2.747362174565406,31.450408899681083
2017-08-14,20.49727489595759,12.15769734451482,0.0,12.786924015033255,15.932074980743307,0.0,10.026437815865389,3.5420587868466704,0.0,0.0,25.05753216103897
2017-08-15,18.61684292489391,10.969366730388588,0.0,11.648270534869674,14.54165123781561,0.0,9.209082564294183,0.0,0.0,0.0,35.01478600773803
2017-08-16,20.20846812190791,11.909610932650306,0.0,12.682353149758443,15.94513216453718,0.0,10.165448115307694,0.0,0.0,3.1026712234951836,25.986316292343282
2017-08-17,17.92044091027053,10.491770711057672,0.0,11.216877088962764,14.114017833985603,6.043412106539028,8.973871675009951,0.0,0.0,2.729962851355122,28.509646822819327
2017-08-18,21.22441159264996,12.429964293341735,0.0,13.289403962390297,16.634964189976408,0.0,10.633233594305864,0.0,0.0,3.2230743345360655,22.564948032799666
2017-08-21,16.87629099699364,9.817715865759988,0.0,10.2058271946728,13.316799096928236,5.675228840405239,8.440885321022023,2.912848079245197,0.0,0.0,32.754404604972876
2017-08-22,16.776466920235002,9.774565984998636,11.309037626822432,9.961839561699021,13.481783332729552,5.643928845070141,8.402724492077569,2.858786218096519,0.0,0.0,21.790867018271125
2017-08-24,8.786488691122333,5.10713338304204,5.9520227643290795,5.054977896765646,7.13498164032366,0.0,4.393357156754208,0.0,47.28559115804627,0.0,16.285447309616764
2017-08-25,8.700810063524678,5.05464910229073,5.908718326243288,5.191810035763327,7.117824741596265,2.9214789941062445,4.336751748560916,1.4948838404416862,46.75018802231127,1.3190356620658215,11.203849463095777
2017-08-28,11.021199857619518,6.420943308530778,7.696737482740729,7.097238554705508,9.350288622406497,3.757389899346355,5.568577372846507,1.9295606772422254,0.0,2.020195536777667,45.13786868778422
2017-08-29,5.918792292288245,3.4315313424627,4.111364517545417,3.793148044887825,5.012190903074207,1.984331495363843,2.991531558605948,0.0,32.47394475981304,1.0711602802272782,39.212004805731496
2017-08-30,15.490738753740594,9.044499382242659,10.791237756386126,9.963611052607435,13.165005276686713,5.217497937491126,7.856608623671539,2.700372285986005,0.0,0.0,25.770428931187805
2017-08-31,14.545773784290269,8.560006294899514,10.253452636872414,9.378728772317737,12.464929413454138,4.933468807175589,7.43805834688113,2.5555008915161466,0.0,2.604254918714072,27.265826133878985
2017-09-01,18.417455046604445,10.829334441184614,12.978355905861441,11.865096505275972,0.0,6.231748349300919,9.409929949070625,3.234558956923167,0.0,3.292996566117618,23.740524279661198
2017-09-04,18.079841043705375,10.590054102750686,0.0,11.625709904618404,15.524355591671563,6.108017573019922,9.209616536906559,0.0,0.0,3.2238799992654235,25.63852524806207
2017-09-05,9.657053630067221,5.611858446934905,6.790120873668427,6.225294633482982,8.306687105967248,3.26646648546014,4.928473282027769,0.0,0.0,0.0,55.214045542391304
2017-09-06,7.934559083629239,4.610401127861619,5.611423307433246,5.140542790287521,6.915890791332534,2.7066616141656517,4.106733239177461,1.4022076259945468,44.37255778927408,1.4276824300894169,15.771340200754679
2017-09-07,16.932329269754465,9.814783091000105,11.970480611827696,10.960674112778621,14.787199501054657,0.0,8.69488102209615,2.9938694452417476,0.0,0.0,23.84578294624656
2017-09-08,16.367708900149992,9.476875665473603,11.602997029205401,10.598635416277302,14.109022376841482,0.0,8.397392544414513,0.0,0.0,0.0,29.4473680676377
2017-09-11,17.61928846497388,10.132802446691851,12.40859493103866,11.342150355614491,15.091137741709975,0.0,8.973594611621543,0.0,0.0,0.0,24.432431448349597
2017-09-12,12.696619912162888,7.27539776010242,0.0,8.134809375598174,10.857878694217526,4.27663381624982,6.426033459693866,0.0,0.0,2.2588104372806246,48.07381654469468
2017-09-13,15.031943860166002,8.561470855259415,10.503082526163887,9.585533551994118,12.877825391172607,5.0299508649508535,7.5524142370030525,2.640795323630477,0.0,2.6177631676875412,25.599220221972047
2017-09-14,14.755007598285038,8.40847719926853,10.371594140444683,9.465262028599756,12.800427847869958,4.958882710928524,7.451828021618794,2.63129080656716,0.0,2.608360514174307,26.548869132243247
2017-09-15,6.588941637457479,3.741091489160618,4.674691689283339,4.284786911178313,5.74808724065573,2.215416466270958,3.313386421004641,1.1826817900358748,36.90118239730534,1.160033159165817,30.189700798481894
2017-09-18,8.101446560666497,4.597654498947842,5.721580554207795,0.0,7.087352762857874,2.6993614977689724,4.0556913193660025,1.4473583695321453,45.11426008842287,1.4493821711874262,19.725912177042577
2017-09-19,14.828922095953187,8.449970513863233,10.362139801166334,9.623596714648148,13.102043717647058,0.0,7.440142752237902,2.652476242893426,0.0,2.6527965965411617,30.88791156504955
2017-09-20,8.57422602986194,4.903268103897674,5.996930594642662,5.568029634428672,7.632126622047516,2.860527300875605,4.304698900521401,0.0,47.81765270245552,1.528668973890005,10.813871137379003
2017-09-21,9.357593568429024,5.328113437164122,0.0,6.080951461478099,8.342317888173007,3.118156238656281,4.704630116866052,1.6726647503430452,52.139142362654276,1.6534671331691373,7.602963043066957
2017-09-22,12.028905350853197,6.827881657775177,8.425916219789524,7.8338976955831825,10.785960498665787,4.0030458646969755,6.059734781573195,2.151781227620111,0.0,2.0886789049494934,39.79419779849336
2017-09-25,14.920805533208195,8.455640668580616,10.457876357208033,9.727427969384955,13.483328776372625,4.966233638860891,7.536918100598696,2.667024738679383,0.0,2.542476759208372,25.24226745789823
2017-09-26,9.808507258308016,5.555147700853088,0.0,6.403447310730527,9.47129760239984,0.0,4.965745508254498,0.0,54.91824018340918,0.0,8.87761443604485
2017-09-27,13.208411360646824,7.479579051234151,9.314208442007372,8.635624642974307,12.782024271163111,4.448544409903566,6.709681993257428,2.3382544376070893,0.0,2.2592160431489408,32.824455348057214
2017-09-28,10.58627987064846,6.039604057793635,7.537861960965249,6.977696389232676,10.299679805559732,3.5757659551699503,5.439285379210608,1.9261321299364986,0.0,1.8176771114768044,45.80001734000639
2017-09-29,12.23820813799782,6.972840183123413,0.0,8.076245816473596,11.915697350174858,4.125634802760557,6.365565848497422,2.2243293660929475,0.0,2.2139483763059182,45.86753011857347
2017-10-03,15.847560392683386,9.002008568483085,11.259073523843364,10.425978427430596,15.427343340880995,5.356564635963955,8.215774290581153,2.8786960637019012,0.0,2.857155411856805,18.72984534457476
2017-10-04,19.430326428138166,11.011656580936997,0.0,12.777504676525432,18.732453129067522,0.0,10.071013879726012,3.625381859280657,0.0,0.0,24.35166344632522
2017-10-06,13.304356437785367,7.563420770738729,9.402434795045291,8.640557914087827,12.832552909287983,4.466629089969426,6.87096149864326,2.408332696286739,0.0,2.398226153313254,32.11252773484213
2017-10-09,15.698022197794618,8.917669640128457,11.087886885001442,10.195907018539838,15.133867303461763,5.268177071028744,8.107974613553832,0.0,0.0,0.0,25.590495270491306
2017-10-10,15.630709834145987,8.914072185106372,11.065314677109967,10.177361959242898,15.182365626286323,0.0,8.063548750437215,0.0,0.0,2.818620549907016,28.148006417764222
2017-10-11,18.284593821770127,10.473582974135045,0.0,11.92200111978847,17.75601630446313,6.194246081630278,9.454090690860964,0.0,0.0,3.3065321239135588,22.608936883438425
2017-10-12,14.672286513518024,8.383036455716617,10.408821146015859,9.555860862996758,14.234334689989868,4.968718795615072,7.583272870344157,0.0,0.0,2.6561441565477533,27.53752450925589
2017-10-13,15.939680680388454,9.118954001286957,11.325141526538838,10.40427099734249,15.494534159959986,0.0,8.242517169054722,0.0,0.0,2.896568907260338,26.578332558168213
2017-10-16,15.623599431979171,8.936623432123024,0.0,10.218438441008875,15.200532518689847,0.0,7.932113391512201,2.877190000818065,0.0,2.8600290988096515,36.35147368505917
2017-10-17,20.52260218996115,11.782409633320466,0.0,13.524507176053138,20.08277538887639,0.0,10.592544350542186,3.8007734869476626,0.0,0.0,19.69438777429901
2017-10-18,20.205974076689255,11.634369383088549,14.494896422711292,13.345606958536365,0.0,0.0,10.487697236626158,3.7143675757692023,0.0,3.736348976149908,22.380739370429275
2017-10-19,18.436741830577898,10.665880641898069,0.0,12.23160146076411,17.09720336384039,6.324841809400416,9.691223190421809,3.3993171919869924,0.0,3.4349546586062574,18.71823585250406
2017-10-20,7.170775080688441,4.1629770948299925,5.1788929485181106,4.773754869527207,6.667521167423645,2.456687478869382,3.787707782616544,1.3182262949816055,41.309211345299886,1.348338579064456,21.825907358180736
2017-10-23,0.0,7.904928691162177,9.88946789792506,9.112676222984051,12.724349417051547,0.0,7.240530594677466,2.510407115451574,0.0,2.579871095980539,48.03776896476759
2017-10-24,20.426906348048625,11.815939221257485,0.0,13.633275937012964,19.022760268930742,0.0,10.827107903304913,0.0,0.0,3.865322541589981,20.40868777985529
2017-10-25,23.261447666758013,13.534890075041156,16.869276388565407,15.546532141573302,0.0,0.0,12.375967313765846,0.0,0.0,0.0,18.411886414296273
2017-10-26,6.267291483267878,3.6394463453370043,4.596669856744254,4.225245785398683,5.892028853399954,2.160129020132766,3.4078486819983573,1.1762378749180942,36.671540544097134,1.3718059393440893,30.59175561536179
2017-10-27,5.029097783360523,2.992536000318048,3.897068205111799,3.404555917541183,4.992063320635461,1.765972512145932,2.8468570469653915,1.018318438283193,31.180741685529938,1.3761623125183495,41.49662677759018
2017-10-30,4.95783648023915,3.05400059644147,3.829613765291415,3.362206148453433,4.902524457713095,1.7387881875522542,3.025229481040676,1.0080992796883221,30.539369233327335,1.4001226776727052,42.18220969258015
2017-10-31,6.373833442459582,3.9312451950481635,4.885111512560232,4.313063757856707,6.254717795531841,2.2553947777095567,3.903434474800496,1.2653127285611643,38.9626037255499,1.854104668299374,26.00117792162299
2017-11-01,6.77005572797125,4.193767223701379,5.262551134277737,4.663149209420468,6.69645486457294,2.389369689409835,4.184883604059308,1.3319923011676504,41.6690142468,2.1746365665470444,20.664125432072385
2017-11-02,7.399634590687895,4.545565300591908,5.733306980980145,5.098066333417443,7.290249569841648,0.0,4.625573557589351,1.4476831773085173,45.37246413932735,2.291226974628412,16.196229375627333
2017-11-03,7.014367676871489,4.273426838570024,5.413268569297693,4.743370719504527,6.878375914948823,2.4505937718994675,4.4994996389822965,1.363191645481635,42.78851006087467,2.1697715111740874,18.405623652395285
2017-11-06,6.231678465154462,3.820878795866763,4.825217715428338,4.205965849209135,6.120630268328255,0.0,4.032443456070724,1.2105781437064038,38.09876241524645,1.9297775577036547,29.524067333285817
2017-11-07,6.105724162745083,3.681517104987262,4.690064684707929,4.078906562870716,5.944261224386941,2.122471020801966,3.9555047286294687,1.1737145904064579,37.01941395123928,1.8986876588388133,29.32973431038608
2017-11-08,13.323788375503915,8.082590813558541,10.255414488550239,8.895254205246271,12.984755474229178,4.642883037845586,8.676889103960846,2.5886961481005755,0.0,4.124453505466059,26.425274847538788
2017-11-09,6.9749494420265155,4.231330159560591,5.37008357773415,4.661227564860621,7.076254288234956,2.1848770144479723,4.5307061748430915,1.33250154611059,42.396971256413494,2.1566782717531567,19.08442070401486
2017-11-10,6.837000822185366,4.198250828939461,5.2901717431324204,4.607010435049102,6.984498048965746,2.1742803584392005,4.51730216842091,1.309317923129202,41.83657804090404,2.128445866728674,20.11714376410588
2017-11-13,12.836582225559939,7.825790552618865,9.847725631238157,8.61541005127138,12.980651431230786,4.074638837711851,8.280214949521596,2.480980795369981,0.0,3.9239120487635235,29.13409347671392
2017-11-14,12.564251328958226,7.6782267162615465,9.563362606419675,8.420506413337588,12.800214781654953,4.032643699152449,8.066693828542304,2.4159702638040326,0.0,3.955984641052895,30.50214572081633
2017-11-15,7.466089620817315,4.550498124580616,5.6714733726212305,4.966166609839243,7.579877940522921,2.3765545031793964,4.796487651881931,0.0,45.106605935439866,2.3477360904001663,15.138510150717316
2017-11-16,10.60126656434148,6.562824422474269,8.159966517215912,7.118632325886775,10.984195950788719,0.0,6.915079169335267,0.0,0.0,3.372454575352541,46.285580474605034
2017-11-17,6.221577676522454,3.8578404687283374,4.773177079280529,4.179469970864455,6.3905286193822715,1.9984621771158717,4.075977168505783,1.2129436196822894,37.93713396914858,1.9814456907401103,27.371443560029316
2017-11-20,11.448241759789317,7.188212570776067,8.779471309102156,7.724154462227715,11.760507509853326,0.0,7.515550830755665,2.224277747004216,0.0,3.6538508477390006,39.705732962752535
2017-11-21,17.751595828435242,11.130408699537863,0.0,11.97514315875387,18.220824916768898,0.0,11.660561138063773,0.0,0.0,5.729487641769686,23.531978616670663
2017-11-22,15.142259370982622,9.495396800854731,11.615879971543515,10.205465827640205,15.49580516954385,4.883458432247057,9.959498101753368,0.0,0.0,4.888850090793724,18.313386234640923
2017-11-23,10.146403211993633,6.368839555656845,7.781852587261856,7.024203783240426,10.386046560742573,3.298847046742346,6.626311732263542,0.0,0.0,3.3156866963254346,45.05180882577335
2017-11-24,14.646925979333908,9.208594662234898,11.267493810975447,10.198120736585802,15.018083582669849,0.0,9.58320140103436,0.0,0.0,4.80918124420791,25.268398582957825
2017-11-27,8.071901695145932,5.085046983946886,6.210503132243512,5.618175610959391,8.275128765423702,2.6365824955285366,5.28279261615428,1.5787604812091909,49.40899997853787,0.0,7.832108240850693
2017-11-28,19.58576324135933,12.349133067423352,0.0,13.616912540177267,20.079023722364823,0.0,12.813300560623867,3.8312513125551817,0.0,0.0,17.724615555496182
2017-11-29,16.596247291284843,10.464026677921941,0.0,11.52232133270152,16.990901203611845,0.0,10.850101404157906,3.2460599756525204,0.0,0.0,30.33034211466942
2017-11-30,14.344478903030215,9.078012858515356,11.028898117069254,9.962612286614455,14.635907746423808,0.0,9.33426785248613,2.8106921199641377,0.0,4.714144914844125,24.09098520105252
2017-12-01,15.012331725912814,9.51001992108886,0.0,10.452228897774493,0.0,0.0,9.808150386935996,2.946484533592651,0.0,4.9348609479510985,47.33592358674409
2017-12-04,19.57821348013313,12.377308072692081,0.0,13.613152112691301,0.0,6.397999840870329,12.786015717452232,0.0,0.0,0.0,35.24731077616093
2017-12-05,16.94589358930591,10.715328828857595,13.017014161808154,11.777222446005805,0.0,0.0,11.035029151454573,3.320309052739527,0.0,0.0,33.189202769828434
2017-12-06,15.518215936766966,9.839606501640857,11.92633993977963,10.78856278110881,15.818351869579764,5.071874189345877,10.084431302058453,3.036614065823937,0.0,5.0987384414510695,12.817264972444635
2017-12-07,14.744934027177328,9.36740374237612,11.336832722652508,10.255885648784638,15.242411796883168,4.676784711096576,9.587226417278014,2.8867911438503366,0.0,0.0,21.901729789901314
2017-12-08,7.33704320050845,4.670163493698184,5.640866601726453,5.1218419084858,7.587024180108136,2.337827266106154,4.791003985643936,1.4416822200178585,45.02272614596929,2.4170586047933504,13.632762392942386
2017-12-11,16.30478090253335,10.359801099738693,0.0,11.364796642034648,16.833038535942542,0.0,10.594824176870945,3.197267521404644,0.0,5.362062593074455,25.983428528400722
2017-12-12,14.364216641661592,9.041748108786377,0.0,10.042221756915575,0.0,4.580849026447172,9.363713520686542,2.822232423403983,0.0,0.0,49.78501852209875
2017-12-13,14.374495422399269,9.046897583969741,11.051343275773108,10.051758192446863,14.861560751885076,4.583857458797263,9.312012978304459,2.8233708049128543,0.0,0.0,23.89470353151136
2017-12-14,18.56146085119425,11.672644232225107,0.0,12.977712196597382,19.18682509798609,0.0,11.95315695697811,3.6430453560517724,0.0,0.0,22.00515530896729
2017-12-15,16.396826914354374,10.331312390449613,0.0,11.464990482232087,16.991135336086185,0.0,10.572891585896738,3.2267933267806437,0.0,5.412065612170959,25.603984352029403
2017-12-18,5.9246985686062565,3.7625524667504866,4.582421863525477,4.1424660322160785,6.153041488589025,1.871901252815674,3.825541608534661,1.1829250921160277,36.49824795708628,1.961998362360705,30.094205307399328
2017-12-19,7.6169116924802465,4.910333005897219,5.955860442113712,5.397468597804288,8.043088016536517,0.0,4.982224738610721,1.5391157217230742,47.544224564729745,2.556288637644978,11.4544845824595
2017-12-20,13.652614099398564,8.780516739534253,11.008582806818342,9.694263384818335,14.44064148745588,0.0,8.978890480002018,2.762726360934887,0.0,4.58947204508389,26.092292595953836
2017-12-21,13.937039205597829,8.97860583899372,11.262399873439616,9.91025481478965,14.777202293354305,0.0,9.21563890287811,2.8260431347186326,0.0,4.694307747982713,24.398508188245422
2017-12-22,17.434322741201896,0.0,14.09724252145797,12.418731968766219,0.0,0.0,11.563457428987734,3.5397207770931916,0.0,5.87775131253518,35.068773249957815
2017-12-27,10.422592121037898,6.741896885999806,8.45028514309105,7.43037437370371,11.098356753100468,0.0,6.943978516319225,2.1135909524623346,0.0,3.514462885229859,43.284462369055646
2017-12-28,17.561122550908134,11.296208797505654,0.0,12.456037613107403,0.0,0.0,11.657195264818334,0.0,0.0,5.888624445177717,41.140811328482755
2017-12-29,16.189570041163176,10.400850794505592,0.0,11.490976330645605,0.0,0.0,10.778545355473065,0.0,0.0,0.0,51.140057478212555
2018-01-02,18.860034641548264,12.072214090655688,0.0,13.349773719138506,19.94799687697325,0.0,12.613924967630197,3.794526514888658,0.0,0.0,19.361529189165438
2018-01-03,13.293573304741049,8.486990101521597,0.0,9.418457424529,0.0,4.263184603870637,9.102648857306606,2.6730461501414844,0.0,4.452170930513599,48.30992862737603
2018-01-04,7.184284916499395,4.5884397825324035,5.7581668650101525,5.071262335116407,7.572393216059312,0.0,4.9064959588076125,1.4550125610056162,44.771698023232695,2.397049617878727,16.295196723857682
2018-01-05,12.09500617186432,7.696742517002783,9.666855790658316,8.526155524442396,12.764980923914276,3.878551797253004,8.362710716100501,2.458327499281281,0.0,4.051840935704903,30.498828123778218
2018-01-08,12.806414993768152,8.127488543259078,10.215244815745288,9.02645547410351,13.521629803828548,4.164935689560429,8.874785358914988,0.0,0.0,4.286250227138806,28.976795093681197
2018-01-09,17.221895763697876,10.937472718191676,0.0,0.0,18.203405555633008,5.596001314820636,11.944624991296985,0.0,0.0,0.0,36.09659965635982
2018-01-10,15.244405119540467,9.772637982764978,0.0,10.843352729964998,16.24799155789405,0.0,10.706797037017058,3.123972666617288,0.0,5.157110068229947,28.903732837971216
2018-01-11,18.117086886855787,11.729078928731838,0.0,0.0,19.531824235076545,6.027898882189102,12.978535416133685,0.0,0.0,0.0,31.615575651013042
2018-01-12,11.777457875651212,7.610072622980721,0.0,8.492837867631334,12.69879836624235,0.0,8.433872863596925,2.428042401388114,0.0,4.0310716628356955,44.527846339673644
2018-01-15,14.835241222985832,9.587938964293272,0.0,10.709932999909979,16.027845483022336,0.0,10.63800476362176,2.997521511423623,0.0,5.083016824136532,30.120498230606668
2018-01-16,13.951438609146157,9.012432540629991,11.382462191507075,10.124018157667658,15.041994954009338,4.651809030310669,10.152215885615181,0.0,0.0,4.574950257700201,21.108678373413724
2018-01-17,14.498655359487678,9.400241194415255,0.0,10.564925725905884,15.683373042042307,4.835363868872384,10.585532498379738,2.926403458615036,0.0,4.7493905945989665,26.756114257682754
2018-01-18,6.51562295472836,4.215339575861168,0.0,4.754438052203922,7.06453090983805,2.171436275676128,4.795915938179674,0.0,41.814111176966776,2.0180196764961624,26.65058544004976
2018-01-19,10.467350207073716,6.7429605947842415,8.578499561520024,7.62004472162728,11.311574571021136,3.5067200242590615,7.705985414347889,2.110797475814837,0.0,3.2031137395876796,38.75295368996414
2018-01-22,15.200933327218808,9.730798393489588,12.435344299653517,11.049903435911428,0.0,5.084228042153767,11.19937700914025,0.0,0.0,4.588250361198656,30.71116513123399
2018-01-23,13.449318468102964,8.636501666050735,11.121863481642457,9.868680385858356,14.655248087230124,4.5514765009152525,10.009602211754173,0.0,0.0,4.08903326569942,23.61827593274652
2018-01-24,11.109972191109954,7.146239226101608,9.23269610887337,8.20308298267148,12.162538694803334,3.7673422638166825,8.342492756050294,2.0348712135202374,0.0,3.348989574615935,34.65177498843711
2018-01-25,6.235026135474412,4.033052373118696,5.218722048034684,4.6103419859532,0.0,2.0935809454542476,4.756312925696542,1.197449152342012,40.816840980438954,0.0,31.038673453487252
2018-01-26,5.567399348300057,3.5996736119360024,4.665526322417526,4.1104376569535,6.140786272771697,1.8736208821786318,4.250111986353748,1.1104472694316592,36.47321865837648,1.6847511875784378,30.524026803702256
2018-01-29,11.59119634182913,7.541661535249325,9.814151503888729,8.653874198523788,12.920164071512938,3.8818907845256163,8.921445061079314,0.0,0.0,3.5476875027451698,33.12792900064599
2018-01-30,6.09978301715426,3.982376266975196,0.0,4.571209664148206,6.823272535003179,1.9926643765298397,4.710856911212221,1.2924347118484036,40.56463237198953,1.871993293394563,28.090776851744597
2018-01-31,7.226525167732582,4.712266402336473,0.0,5.39901069427804,8.050268226452923,2.3551395137635547,5.57222423326968,1.5184411171523289,47.90713642334259,2.2100931290031607,15.048895092668664
2018-02-01,16.49281743687047,10.681179798078153,13.911090906443778,12.260932583770696,0.0,0.0,12.65830471366702,0.0,0.0,0.0,33.99567456116987
2018-02-02,6.6822698549938355,4.290494568393127,5.620941228403814,4.952705410215246,7.394498083194733,2.1658531491919137,5.0920153957893115,0.0,43.92788807469225,2.027942916144271,17.845391318981502
2018-02-05,18.934561572914525,12.177915622318372,0.0,14.04465718912045,20.947734023769453,0.0,14.42067026198145,3.946877673300695,0.0,0.0,15.527583656595056
2018-02-06,17.392993158783142,11.230742882819651,0.0,12.89669401980328,19.23836045723064,0.0,13.241718580350595,3.4695681855938125,0.0,5.255859127930997,17.27406358748788
2018-02-07,0.0,11.332000446100812,14.747127424764116,13.003944152619344,0.0,0.0,13.347763721943853,3.4901272491839963,0.0,5.3006439010310284,38.77839310435685
2018-02-08,5.726258366514437,3.7032993448021814,4.741783692587616,4.23148632973629,6.335270654228712,1.799468527125031,4.3484339392566245,1.1915458711786655,37.50092031694556,1.7005456065514506,28.720987351073436
2018-02-09,13.18360048174783,8.52697259757765,10.910838466386933,9.759698399384428,14.618935764506105,4.150891754894231,10.034202294553682,2.746468954226327,0.0,0.0,26.068391286722818
2018-02-12,0.0,13.578494530573854,17.345251214219406,15.578716377455049,23.276092484657084,0.0,15.970530808207087,4.375166014469045,0.0,0.0,9.875748570418473
2018-02-13,13.612080428142026,8.749613493113173,0.0,10.092472012036001,15.077384593730322,4.286357049046542,10.35586621762845,2.834630299999532,0.0,4.0279008521261,30.963695054177855
2018-02-14,17.626521602737345,11.321773724344425,0.0,13.07378594774406,19.491300357967177,0.0,13.384951695404371,3.6341110313687306,0.0,0.0,21.467555640433893
2018-02-20,16.803844356570778,10.79099954449701,0.0,12.466150216662838,18.609208564490316,0.0,12.7567215774904,3.480161803545214,0.0,0.0,25.092913936743443
2018-02-21,17.274446926350453,11.027390763308242,0.0,12.867173411098989,19.13431619161663,0.0,13.124524728570949,3.575601476963899,0.0,5.13145300077624,17.865093501314597
2018-02-22,0.0,10.28185202514818,0.0,11.965553545929112,0.0,0.0,0.0,3.30845120560836,0.0,4.773796968917617,69.67034625439672
2018-02-23,18.978686795988757,12.147058610133339,15.69907134064292,14.122667218592813,21.03088057897617,0.0,0.0,3.904264987332707,0.0,5.627806296441156,8.489564171892136
2018-02-26,17.02322981046453,10.894181241092754,14.022657855191284,12.672341311935092,18.87110215009797,5.381405181378318,12.941928214431424,0.0,0.0,0.0,8.193154235408628
2018-02-27,16.930684203823517,10.83610502852757,13.960865430095723,12.57661006573048,18.76434507541785,5.35110066464696,12.861997807081673,3.4854679147689915,0.0,0.0,5.232823809907237
2018-02-28,18.343345174912603,11.727061429510274,0.0,13.633231899206946,20.321791393139623,0.0,13.938175589798094,0.0,0.0,0.0,22.03639451343246
2018-03-01,6.481401476639729,4.14205438471797,5.335986224158257,4.810649078838498,7.166203192328707,0.0,4.921921171500329,1.3253229137968974,42.48364861998139,1.9192812725253834,21.413531665512835
2018-03-02,17.72761284235412,11.326765558919007,14.568077313770495,13.14208508305034,19.610695392223214,0.0,13.449822255533162,0.0,0.0,0.0,10.174941554149662
2018-03-05,14.758692569357844,9.44685444548822,12.125188411226558,10.94570652305282,16.32418511060598,0.0,11.20054117126665,0.0,0.0,0.0,25.198831769001924
2018-03-06,16.849070323462644,10.759861562825906,0.0,12.464602326473921,18.585102871678377,0.0,0.0,0.0,0.0,0.0,41.341362915559145
2018-03-07,19.182554022697133,12.194646548096442,0.0,14.138151005636852,21.107691696676845,6.006673298772445,0.0,0.0,0.0,0.0,27.370283428120285
2018-03-08,17.982754223293846,11.423290626317314,0.0,0.0,19.84362912440457,0.0,0.0,0.0,0.0,0.0,50.75032602598427
2018-03-09,9.526879917309266,6.043829692471054,0.0,7.026934372333217,10.5483920199339,0.0,0.0,0.0,62.04031558289819,0.0,4.81364841505437
2018-03-12,21.85372994016734,13.899301404827902,0.0,16.153669727870152,24.346906505523883,0.0,16.54960893642525,0.0,0.0,0.0,7.1967834851854695
2018-03-13,6.411192435320205,4.0922734305670465,0.0,4.774058314236839,7.194618812116863,15.760552992588314,4.884748809635327,1.316684768690271,42.16768767591272,1.9121590032090672,11.486023757723348
2018-03-14,16.287061737172106,10.430510816483535,0.0,12.081823605862041,18.24671063531263,0.0,12.400551705274854,0.0,0.0,4.850651599640521,25.702689900254313
2018-03-15,7.30680164197598,4.678485770743852,6.018530769459605,5.422511048569418,8.18189025553398,0.0,5.560485872493181,1.4965323503333412,47.83594432430371,2.17619521961331,11.322622746973623
2018-03-16,7.697675625801133,4.905354814218046,6.3164182891062906,5.681001350018603,8.587208662432309,0.0,5.834485559952117,0.0,50.192586385313,2.286326032380353,8.49894328077815
2018-03-19,18.09315841713196,11.521255795037163,0.0,13.343543246127682,20.34665376461999,0.0,0.0,3.686390726160179,0.0,5.393152178917282,27.615845872005742
2018-03-20,22.595626512639594,14.369307455564625,0.0,0.0,25.496381303393385,0.0,0.0,4.619009961826309,0.0,6.742430874534117,26.17724389204197
2018-03-21,5.864574436518204,3.7643225948769192,4.887416603252671,4.384083700953273,6.7030536796602815,14.534912455325136,4.50413704255147,1.192269003083064,38.812943500467334,1.7692895978820309,13.582997385429618
2018-03-22,5.47410141327686,3.5140058652390884,4.564479071019609,4.105215899907238,6.272237733724305,13.625409195674793,4.202424525720501,1.1011710442674651,36.29479527306714,1.648674290154883,19.19748568794812
2018-03-23,7.427225287229564,4.763560972597337,6.195991582761402,5.577071051354862,8.514121735621476,0.0,5.704258041503589,1.5088855178461051,49.28014484292033,2.2339144595279343,8.794826508637408
2018-03-26,11.901649466472195,7.676060693693568,10.017021063059879,9.011729491533748,13.763911660473838,29.93856083719024,0.0,0.0,0.0,3.603493012025718,14.087573775550815
2018-03-27,6.063124570437667,3.9126028698246196,0.0,4.587190590139997,7.012299444310227,14.390709357089252,4.683452294060279,1.254396319092099,41.389167472485674,1.8305452465371181,14.876511836023068
2018-03-28,18.200097035902825,11.736632092018096,15.312045092508539,13.770341960708649,21.01887665023036,0.0,0.0,3.7599252261608,0.0,5.481597623953313,10.720484318517418
2018-03-29,13.947147336908472,9.052186053168796,11.748209196721907,10.530197596420555,16.11493661992203,0.0,10.768547631314561,0.0,0.0,0.0,27.838775565543678
2018-04-03,13.945328110101455,9.074291067989599,0.0,10.371791764319587,16.105203027212013,0.0,10.763868792227402,2.9080905765652245,0.0,4.235375480254559,32.59605118133016
2018-04-04,6.310259734792341,4.098477744268614,0.0,4.693393803311576,7.289984026395803,14.986538952757837,4.879071848301507,0.0,43.12546625730753,1.91474749280804,12.702060140056757
2018-04-06,11.161418378728156,7.273414633314393,9.412867943899498,8.319728022008713,12.916772325833112,26.482611838186603,8.643209700625203,0.0,0.0,3.399018638055652,12.390958519348672
2018-04-09,10.632385132455797,6.8129084393786306,8.82656183108313,7.846577533354697,12.224315652932633,24.963421136203348,8.15624390122483,0.0,0.0,0.0,20.537586373366935
2018-04-10,20.605394203929297,13.210125703439976,17.09098236196923,15.196326374704098,0.0,0.0,15.813826361526525,4.26556163581246,0.0,0.0,13.817783358618415
2018-04-11,6.793907003574703,0.0,5.623833481736976,4.982440497468222,7.813731114969097,15.9456731479942,5.214492480901303,1.407031235397244,45.967199313563924,0.0,6.251691724394334
2018-04-12,8.118416185902376,5.225474213231988,0.0,5.961144724008944,9.333311630237313,0.0,6.230221728365654,1.6670103898005162,54.93247761607654,0.0,8.531943512376667
2018-04-13,14.601853365133744,9.422938065683303,0.0,10.735647525309803,16.811111187580366,34.37312384177477,0.0,3.0058047682258326,0.0,0.0,11.049521246292183
2018-04-16,37.18650078906577,23.996388276536535,0.0,0.0,0.0,0.0,0.0,7.657926275251922,0.0,0.0,31.159184659145772
2018-04-17,27.505998251651175,17.808796028164387,0.0,20.293983797638496,0.0,0.0,0.0,5.737552051221162,0.0,0.0,28.65366987132478
2018-04-18,13.47867951343415,8.702922153401369,0.0,9.955049054250562,15.572903108032293,0.0,10.398657219851367,2.806926884111678,0.0,4.039536144071885,35.0453259228467
2018-04-19,0.0,9.953241470200627,0.0,11.375895278052273,0.0,36.39775807511766,11.878385241841217,3.212973143486295,0.0,4.6199588580162825,22.56178793328565
2018-04-20,7.992008532435273,5.158202916039061,0.0,5.899060468485592,9.22590827830789,0.0,6.1511263707692425,1.6688883515476247,54.326589968888285,2.4045955941372803,7.173619519389754
2018-04-23,20.985581694377643,13.765621627011365,0.0,16.118677072853043,24.64693207783121,0.0,16.43769697875247,0.0,0.0,0.0,8.045490549174266
2018-04-24,21.686441725191756,14.186649724694417,0.0,16.6399636167525,25.282465702934605,0.0,0.0,0.0,0.0,6.664700279455234,15.539778950971494
2018-04-25,20.770536119451037,13.588792892645415,0.0,15.940031625723385,24.221145655590966,0.0,0.0,0.0,0.0,6.442986150736134,19.03650755585306
2018-04-26,24.987538061105813,16.304296529817105,0.0,0.0,29.12315400041663,0.0,0.0,0.0,0.0,7.771577352231605,21.813434056428846
2018-04-27,12.194672775286422,7.971636714281552,10.265126364548962,0.0,14.204145553980341,29.09503305323356,9.524983856626063,0.0,0.0,3.792700463198668,12.951701218844434
2018-04-30,24.357951144353134,15.929131974714366,0.0,18.663298676206985,0.0,0.0,19.000294123795662,0.0,0.0,0.0,22.049324080929857
2018-05-02,16.977596339222398,11.131669553543151,0.0,12.858338866024107,19.789551432212306,0.0,13.256867416367635,3.5952169721627887,0.0,5.346109395712136,17.04465002475548
2018-05-03,29.044194049663584,19.046492603112313,0.0,22.004395708976606,0.0,0.0,0.0,0.0,0.0,9.143392023404575,20.76152561484292
2018-05-04,16.885925601657295,11.064418539181133,0.0,12.830328990848352,19.694598843749677,0.0,13.191689350644134,0.0,0.0,5.269298752200839,21.06373992171857
2018-05-07,25.567032274415418,16.747818684961018,0.0,0.0,29.814237210634232,0.0,0.0,0.0,0.0,0.0,27.870911829989332
2018-05-08,17.516709817318574,11.493619361603843,0.0,13.371861910931942,20.472503657981136,0.0,13.707393008788518,3.6842232855068864,0.0,5.542392490858206,14.211296467010893
2018-05-09,12.296326781804028,8.068041235007529,0.0,9.401990074753359,14.376706182744295,29.473725411221803,9.617534941541738,2.5902093033758655,0.0,3.8799354054307593,10.295530664120623
2018-05-10,15.209739341020018,9.98698223484151,0.0,11.635272014405887,17.797513591443032,36.597385309736296,0.0,0.0,0.0,0.0,8.773107508553256
2018-05-11,14.39873770848651,9.417783232522629,0.0,11.034463956070779,16.87143946986635,0.0,11.282208209869353,0.0,0.0,4.581401879948401,32.41396554323598
2018-05-14,17.32748840147125,11.269359448157646,0.0,13.262566608817503,20.255327467301342,0.0,13.545878290190933,0.0,0.0,5.4969619209012395,18.842417863160087
2018-05-15,21.619921748809666,14.051301644055059,0.0,16.59249821170764,25.27499714168079,0.0,0.0,4.544878465493315,0.0,0.0,17.916402788253535
2018-05-16,20.910121744825815,13.575185877279713,0.0,16.061664391427946,24.578112661771133,0.0,0.0,4.383373703992331,0.0,6.657197280848165,13.834344339854898
2018-05-17,17.053155752681924,11.085766584888777,0.0,13.211282382514081,20.22550726496483,0.0,13.456418750272775,0.0,0.0,5.48878106267516,19.47908820200245
2018-05-18,21.89198907641138,14.105295661268634,0.0,16.96627762013105,25.973185674104,0.0,0.0,0.0,0.0,0.0,21.063251968084938
2018-05-21,20.764234290511443,13.24739734646856,0.0,16.06274181420211,24.559234617301932,0.0,0.0,0.0,0.0,6.66331857573116,18.70307335578479
2018-05-23,16.528942929732985,10.572310650278098,14.078575244858293,12.823505344318114,19.612387934388654,0.0,13.062024189502194,0.0,0.0,0.0,13.32225370692166
2018-05-24,12.057740408168593,7.720651257521273,0.0,9.34637096540446,14.341876631992712,29.330451246598464,9.555706629859891,2.5463703842045367,0.0,3.8883047286112435,11.212527747638827
2018-05-25,0.0,17.655092581432516,0.0,0.0,32.74042168150316,0.0,21.89357227903345,5.839313560445683,0.0,0.0,21.871599897585195
2018-05-28,19.906466689087374,12.736956810843028,0.0,15.465172840547714,23.450291219374634,0.0,15.797811640210035,0.0,0.0,0.0,12.643300799937215
2018-05-29,23.70167256995981,15.157174308464263,0.0,18.356192289014473,27.74250912461063,0.0,0.0,0.0,0.0,7.635921597591408,7.406530110359414
2018-05-30,9.128734038841037,5.831632492595537,0.0,7.064722067389321,10.656713898652297,0.0,0.0,0.0,63.82374323212574,0.0,3.494454270396073
2018-05-31,0.0,17.873181387870567,0.0,21.654701757456404,32.51924300788999,0.0,0.0,0.0,0.0,9.026021606951586,18.926852239831454
2018-06-01,8.416046175991806,5.367705008096009,0.0,6.496704033378169,9.71979287251771,0.0,6.685207407425089,0.0,58.88872975225332,0.0,4.4258147503378975
2018-06-04,19.027322045115906,12.028014462462128,0.0,14.775849962083129,21.784236870470448,0.0,14.830337578707656,3.9539140268109647,0.0,0.0,13.600325054349769
2018-06-05,20.185255304106263,12.752146587350973,0.0,15.914100258558573,23.10705591423128,0.0,15.724118820458056,0.0,0.0,6.452091616609298,5.865231498685556
2018-06-06,0.0,0.0,0.0,0.0,0.0,0.0,58.12278903694692,15.423597363874919,0.0,0.0,26.45361359917816
2018-06-07,0.0,19.081968275939726,0.0,23.737338834513075,34.61712373730785,0.0,0.0,0.0,0.0,9.652608298361969,12.91096085387738
2018-06-08,38.978712382147464,0.0,0.0,30.6108679704445,0.0,0.0,0.0,0.0,0.0,0.0,30.410419647408034
2018-06-11,22.726318967624465,14.358166731502276,0.0,17.81603312956883,26.136998887719297,0.0,0.0,4.716688026669313,0.0,0.0,14.245794256915818
2018-06-12,27.989741868038248,17.674173359438505,0.0,21.937941137411343,0.0,0.0,0.0,0.0,0.0,8.939634966598014,23.458508668513893
2018-06-13,29.79809780711261,18.811680419304835,0.0,23.358678105996823,0.0,0.0,0.0,0.0,0.0,9.52992183550161,18.50162183208412
2018-06-14,18.098979927915806,11.40554947904535,0.0,14.172080477105423,20.796000601341884,0.0,14.141576227459957,0.0,0.0,5.781299669784791,15.604513617346788
2018-06-15,18.494563822512706,11.644366089011834,0.0,14.47612969216322,0.0,44.62295398420327,0.0,0.0,0.0,0.0,10.761986412108964
2018-06-19,0.0,14.227597128880307,0.0,17.699674833358873,0.0,54.54780525398712,0.0,0.0,0.0,0.0,13.524922783773697
2018-06-20,8.335128167766612,5.374366537250789,0.0,6.671338466927851,9.794156093973545,0.0,0.0,1.7775669174251396,59.05083775971603,2.732349132465861,6.264256924474167
2018-06-21,15.257257367522733,9.912807232439889,0.0,12.263529381065567,18.097278646470762,0.0,12.311079231277695,3.2987112974786243,0.0,5.045951926447666,23.81338491729706
2018-06-22,19.988201641913008,13.078902277548895,0.0,16.162223840868528,23.861161474401023,0.0,0.0,0.0,0.0,6.641996827248427,20.26751393802012
2018-06-25,8.867579049742499,5.7785263410840715,0.0,7.169742649220515,10.570638989421768,0.0,0.0,0.0,63.707345935640724,0.0,3.9061670348904225
2018-06-26,21.51444061212641,13.997270409201196,0.0,17.408154412274108,25.731292447068387,0.0,17.44972979717508,0.0,0.0,0.0,3.8991123221548207
2018-06-27,21.184616785177173,13.82397334691551,0.0,17.24610168838672,25.34650152548027,0.0,0.0,4.623467463705856,0.0,7.025841484413996,10.749497705920476
2018-06-28,18.044284122631147,11.766768063559738,0.0,14.707249218170187,21.594000864785514,0.0,14.644669325848463,0.0,0.0,0.0,19.24302840500495
2018-06-29,14.194358349184693,9.270619510867139,0.0,11.77628641685513,0.0,35.565116936676205,11.519334791960322,0.0,0.0,4.6897121228344085,12.984571871622098
2018-07-03,0.0,8.17828906405741,10.981799683289758,10.208347169657461,14.988859842110339,31.373464376821463,10.166435963114742,0.0,0.0,4.143110994889308,9.959692906059523
2018-07-04,21.215008391606286,13.90999489362699,0.0,17.29037221140982,0.0,0.0,17.22334682397431,4.626699980091717,0.0,7.017196817240104,18.717380882050776
2018-07-05,12.067887416169205,7.901292874754241,0.0,0.0,14.42027097761761,30.196449008361547,9.785038724538563,0.0,0.0,3.988105331782435,21.640955666776403
2018-07-06,6.524590468973841,4.272949211113891,0.0,5.303587936638551,7.812845621164363,16.303017064878016,5.282625913929587,0.0,46.768122322845166,2.15837999845909,5.573881461997496
2018-07-09,11.218488787633948,7.357617131935716,0.0,9.138353868711471,13.471203496323033,28.093383712770397,9.08921701639282,2.423283631114288,0.0,3.8105830503206053,15.397869304797725
2018-07-10,17.099406478735045,11.22465601206086,0.0,13.951653463939916,20.55515143433152,0.0,13.859667020122368,3.6944281901182277,0.0,5.82457611361872,13.79046128707334
2018-07-11,9.869262531019023,6.513694335434154,0.0,8.083801736439412,11.934336460135778,24.875223533081478,8.040544103764585,0.0,0.0,3.4049671273202726,27.278170172805293
2018-07-12,10.86353138635907,7.26564914579869,0.0,8.979516186268095,13.253205119478203,27.59928439847057,8.908001651349677,2.3896322124125904,0.0,3.7909659822058113,16.950213917657287
2018-07-13,12.913970243946471,8.723777365429411,0.0,10.779613176541243,15.907260139087217,0.0,10.692699979084209,0.0,0.0,4.563705576112114,36.41897351979934
2018-07-16,9.83829214976203,6.634450804867738,8.865421649731333,8.243045646501344,12.161537939273522,25.323351657743498,8.1694869473761,0.0,0.0,3.540741340475395,17.223671864269043
2018-07-17,9.740026108749797,6.561443556438724,0.0,8.196336688188063,12.139358978575002,25.06154216796125,8.0811484527174,0.0,0.0,3.5027314642788716,26.71741258309089
2018-07-18,14.158983835480635,9.547455090739213,0.0,11.94439002959959,17.688349361662947,0.0,11.800160757312614,0.0,0.0,5.1247054805064005,29.7359554446986
2018-07-19,23.693763574667013,15.981361944037998,0.0,0.0,29.60513580896243,0.0,0.0,0.0,0.0,8.596019031159722,22.123719641172833
2018-07-20,0.0,0.0,0.0,50.23885548481009,0.0,0.0,0.0,0.0,0.0,21.59199656474516,28.16914795044476
2018-07-23,30.627125540776245,20.643323183603126,0.0,0.0,0.0,0.0,25.440621708750623,0.0,0.0,11.097564315145014,12.191365251724992
2018-07-24,51.750995598383945,34.877418294514754,0.0,0.0,0.0,0.0,0.0,0.0,0.0,0.0,13.371586107101297
2018-07-25,0.0,9.718719686953012,0.0,12.160641629572485,0.0,37.137286594029575,11.975216435757954,0.0,0.0,0.0,29.008135653686974
2018-07-26,17.43347245780303,11.737296556299707,0.0,14.693836654557494,21.75532828196796,0.0,0.0,0.0,0.0,6.311288047582822,28.068778001788985
2018-07-27,22.444457826534386,15.133178543338127,0.0,18.880223820847434,27.99973457660716,0.0,0.0,0.0,0.0,8.122762357603754,7.419642875069138
2018-07-30,14.039340096877083,9.679580590418023,0.0,11.801630845313065,17.510983725979344,0.0,11.632658800268313,0.0,0.0,5.077284576643697,30.25852136450047
2018-07-31,14.961447400672547,10.344212519284477,13.500210890189837,12.60842916865726,0.0,0.0,12.435859832474716,0.0,0.0,5.424113589456443,30.725726599264718
2018-08-01,16.38569590591657,11.329589589687238,0.0,13.810694252474914,0.0,0.0,13.624819995602556,0.0,0.0,5.940126067990536,38.909074188328184
2018-08-02,0.0,15.938980147800038,0.0,19.451853429749935,28.82883327291835,0.0,0.0,0.0,0.0,0.0,35.78033314953167
2018-08-03,6.742728236881694,4.664105181370128,0.0,5.6920071566101065,0.0,17.303715442765597,0.0,0.0,50.04526643754556,2.4441315812645934,13.108045963562326
2018-08-06,14.986450374664473,10.35794658734602,0.0,12.674810419914309,18.73990916016104,0.0,12.461596474115948,0.0,0.0,5.4299034563443636,25.349383527453845
2018-08-07,12.807190152990538,8.848989593501853,0.0,10.803682030407053,16.043048856398702,32.87066248994209,0.0,0.0,0.0,0.0,18.62642687675976
2018-08-08,0.0,0.0,0.0,0.0,38.39603011018131,0.0,25.486572200918513,0.0,0.0,11.104265735449806,25.013131953450376
2018-08-09,15.27070720496449,10.547314557089486,0.0,12.87533846652645,19.127378034497266,0.0,0.0,0.0,0.0,5.588052529368091,36.59120920755422
2018-08-10,15.45574634718792,10.678483244541587,0.0,0.0,19.369892111927356,0.0,12.858353394415131,0.0,0.0,5.657760926107161,35.979763975820845
2018-08-13,21.47116670206429,14.834712612995085,0.0,18.11587726918652,0.0,0.0,0.0,0.0,0.0,7.860874652373581,37.717368763380534
2018-08-14,12.558896735107341,8.69766293928315,0.0,0.0,15.783017726699674,32.34341862339365,0.0,0.0,0.0,4.585905381586656,26.03109859392952
2018-08-15,0.0,15.941151174454909,0.0,0.0,28.925752094198877,0.0,0.0,0.0,0.0,8.405973870833092,46.727122860513134
2018-08-16,0.0,19.73455084239485,0.0,24.12136145753969,0.0,0.0,0.0,0.0,0.0,0.0,56.144087700065455
2018-08-17,15.591583749581183,10.791555842892986,0.0,13.18678434523802,19.59830832619214,0.0,0.0,0.0,0.0,5.694065930300189,35.13770180579549
2018-08-20,12.41712074272614,8.600009598582126,0.0,0.0,15.6185888265158,31.971903166108056,0.0,0.0,0.0,4.5347989159573725,26.857578750110505
2018-08-21,17.24608885675679,0.0,15.618530594072391,14.58374610735246,21.691273412484012,0.0,14.397300110381824,0.0,0.0,0.0,16.46306091895252
2018-08-22,0.0,0.0,0.0,0.0,38.05760834465519,0.0,0.0,0.0,0.0,0.0,61.94239165534481
2018-08-23,0.0,9.281883314877367,0.0,0.0,16.848499731954686,34.44158371324688,11.170514899090922,0.0,0.0,0.0,28.257518340830153
2018-08-24,0.0,0.0,0.0,0.0,18.500264943458046,37.97437980303814,12.264583199287866,0.0,0.0,0.0,31.260772054215952
2018-08-27,14.838298779113668,10.283066179027218,0.0,12.55733539381814,18.65670169698888,0.0,12.358110355214617,0.0,0.0,0.0,31.30648759583748
2018-08-28,15.001457416714391,10.373397627608313,0.0,12.56428781975371,18.819130004612614,0.0,12.441532737427723,0.0,0.0,0.0,30.80019439388325
2018-08-29,35.76043803708964,0.0,0.0,0.0,44.87517483944986,0.0,0.0,0.0,0.0,0.0,19.364387123460496
2018-08-30,0.0,0.0,0.0,0.0,20.11519722349314,0.0,13.259460665317082,0.0,0.0,0.0,66.62534211118978
2018-08-31,18.948714083109152,13.112552351071283,0.0,0.0,0.0,48.82816768551406,0.0,0.0,0.0,6.9082241660809185,12.202341714224582
2018-09-03,22.915732639876413,15.845961807991793,0.0,19.540675098560904,0.0,0.0,18.956258501559052,5.131444764765195,0.0,0.0,17.609927187246647
2018-09-04,19.880828895064127,0.0,0.0,16.94399861008349,24.94159679575962,0.0,16.434680850752155,0.0,0.0,7.243673084912976,14.555221763427632
2018-09-05,12.991929485849308,8.986422470253299,0.0,11.062519109053992,16.292420235187162,33.44353646822872,0.0,2.9078683616581857,0.0,4.732306049277719,9.582997820491615
2018-09-06,12.168061970960418,8.415419791641442,0.0,10.357700416397185,15.257824144771673,31.312057625103552,10.051498455259571,0.0,0.0,0.0,12.43743759586616
2018-09-07,14.212935159385736,9.832170771018507,0.0,12.107537708987598,17.834502039434515,36.729481101916484,0.0,0.0,0.0,0.0,9.283373219257161
2018-09-10,18.06142986202615,12.498560545113516,0.0,15.40472676075398,22.70140012226061,0.0,14.933645694806968,0.0,0.0,0.0,16.400237015038776
2018-09-11,31.462655194702734,21.785392793061668,0.0,26.810340769161208,0.0,0.0,0.0,0.0,0.0,11.471179090210782,8.470432152863612
2018-09-12,0.0,19.258592185247444,0.0,23.716010859399976,34.975921347551505,0.0,0.0,0.0,0.0,0.0,22.049475607801078
2018-09-13,0.0,0.0,0.0,14.582292848647214,21.49772908630657,44.236592708054964,0.0,3.8190068026636603,0.0,0.0,15.864378554327592
2018-09-14,16.737120656626857,11.584363141491485,0.0,14.304081256417703,0.0,43.234215783167556,0.0,0.0,0.0,0.0,14.1402191622964
2018-09-17,0.0,14.752193510720385,0.0,18.24915997002775,26.829621800018227,0.0,17.649454981966546,0.0,0.0,7.7803316986022235,14.739238038664865
2018-09-18,20.845307832236692,14.403632073799416,0.0,17.820860699634864,26.201780438235073,0.0,0.0,0.0,0.0,7.591171809318498,13.13724714677546
2018-09-19,14.45909838846538,9.998253353436576,0.0,12.36885730211436,18.189321580241465,37.37905980391819,0.0,0.0,0.0,0.0,7.605409571824028
2018-09-20,20.714075782282226,14.324601115917366,0.0,17.723967007961345,26.058014491171228,0.0,0.0,0.0,0.0,7.524235369095791,13.655106233572043
2018-09-21,0.0,22.11225143921458,0.0,27.380428933163437,40.255882206805424,0.0,0.0,0.0,0.0,0.0,10.251437420816563
2018-09-24,0.0,21.678266836847992,0.0,26.84141717858008,0.0,0.0,25.946967833425138,0.0,0.0,0.0,25.53334815114679
2018-09-26,39.84118424343789,0.0,0.0,0.0,0.0,0.0,32.98866262610463,0.0,0.0,0.0,27.170153130457486
2018-09-27,16.01196850098091,0.0,0.0,13.699255956182618,20.138916697992972,41.35556552094008,0.0,0.0,0.0,0.0,8.79429332390342
2018-09-28,28.401232180739942,19.6186571182118,0.0,24.30183429723017,0.0,0.0,0.0,0.0,0.0,0.0,27.678276403818085
2018-10-02,0.0,20.179439708625875,0.0,24.983331650247493,36.71741519324531,0.0,0.0,0.0,0.0,0.0,18.119813447881317
2018-10-03,37.41420141667374,0.0,0.0,32.00600858823239,0.0,0.0,0.0,0.0,0.0,0.0,30.579789995093872
2018-10-04,21.90231952525952,0.0,0.0,18.733229555218823,27.51746326398643,0.0,18.109769521855494,0.0,0.0,0.0,13.737218133679733
2018-10-05,40.91155461270603,0.0,0.0,35.02544776752671,0.0,0.0,0.0,0.0,0.0,0.0,24.062997619767266
2018-10-08,17.966319048653318,12.416259182833855,0.0,15.109266343100575,22.60364639316259,0.0,14.877003751938101,0.0,0.0,0.0,17.027505280311562
2018-10-09,0.0,0.0,0.0,0.0,54.484309869813416,0.0,0.0,0.0,0.0,15.65948510327855,29.856205026908025
2018-10-10,14.321810368328169,9.916887201364306,0.0,12.063442247468108,18.10002729209001,36.98491787131925,0.0,0.0,0.0,0.0,8.612915019430158
2018-10-11,19.912749277560966,13.795257592874488,0.0,16.775260625971608,25.16624206486669,0.0,0.0,4.45241433290282,0.0,7.224791371587997,12.673284734235432
2018-10-12,22.28708755480164,15.453878155637781,0.0,0.0,28.199538107415734,0.0,18.472553165606875,4.986669303429642,0.0,0.0,10.60027371310833
2018-10-15,16.359568493145655,11.338283664579103,0.0,13.799136358984528,20.732180167602042,0.0,13.554153766712588,3.6646045837946244,0.0,5.946702439217793,14.605370525963666
2018-10-16,18.728346457424987,12.994950042402154,17.01758219019163,15.811408141956715,23.74301399749138,0.0,0.0,4.201752904245364,0.0,0.0,7.50294626628777
2018-10-18,33.52815943378305,0.0,0.0,0.0,42.620027433623356,0.0,0.0,7.560523181839842,0.0,0.0,16.29128995075375
2018-10-19,0.0,21.418797067173394,0.0,0.0,39.17950606974551,0.0,0.0,6.962180327297235,0.0,11.177454347230249,21.262062188553614
2018-10-22,22.03750603995495,15.316082265372334,0.0,18.67502288640499,28.049072190172147,0.0,0.0,0.0,0.0,8.069714598224598,7.852602019870984
2018-10-23,11.594838054472582,8.226611702229528,0.0,10.010024302174145,15.051175666309122,30.71746133538649,9.77899863697289,0.0,0.0,4.3207911321827055,10.300099170272544
2018-10-24,17.027311973788052,12.0673182030008,0.0,14.700872432437869,22.121993307133238,0.0,14.378306315971356,0.0,0.0,6.31041274019527,13.393785027473415
2018-10-25,16.178089309261846,11.474863293902372,0.0,13.981125371185922,21.073362028795415,0.0,13.681699726620705,0.0,0.0,6.011460882014129,17.599399388219616
2018-10-26,22.114662871023196,15.683681096083344,0.0,0.0,28.85247502217973,0.0,18.70001014032189,5.100704314985037,0.0,0.0,9.548466555406806
2018-10-29,21.106514830403786,14.955702775919663,0.0,0.0,27.49932304414652,0.0,17.73597806051712,4.864434744907368,0.0,0.0,13.838046544105541
2018-10-30,6.458109451141691,0.0,6.005154839900703,5.577743703289272,0.0,0.0,5.424980937172825,1.4889402214884482,39.82196910435717,2.399353415838079,32.8237483268118
2018-10-31,0.0,12.327733382620181,0.0,0.0,22.64208286336415,46.052760643625795,0.0,4.008007222073657,0.0,6.4554811014651765,8.513934786851035
2018-11-01,0.0,0.0,0.0,49.03101210339268,0.0,0.0,0.0,13.09821932371396,0.0,21.088075162825334,16.78269341006802
2018-11-02,0.0,0.0,0.0,71.10022931945845,0.0,0.0,0.0,19.00589189158134,0.0,0.0,9.893878788960208
2018-11-05,16.158962434731716,11.465367045988232,0.0,13.941127595216516,0.0,42.82946081805517,0.0,3.7310768152342453,0.0,6.001735045136327,5.872270245637796
2018-11-06,13.125436602199622,9.311763156722265,0.0,11.30601362885188,17.096457044654304,34.77667987260632,0.0,3.0290217043145535,0.0,4.869428369906145,6.485199620744905
2018-11-07,14.527836598964603,10.174236138506604,13.344307097577174,0.0,18.678331997083447,37.806113797230886,0.0,3.3103227182334467,0.0,0.0,2.1588516524038397
2018-11-08,15.722745601431184,0.0,0.0,13.371866083002166,20.231327216525393,40.95012259672283,0.0,0.0,0.0,5.774486533986681,3.9494519683317506
2018-11-09,24.10755846289278,0.0,0.0,0.0,0.0,62.79330665507794,0.0,0.0,0.0,8.853311713797975,4.245823168231301
2018-11-12,15.561438284194152,10.770308444858872,0.0,0.0,19.77290763366517,39.82695391975909,0.0,3.5050378364727415,0.0,5.6561181518899,4.907235729160074
2018-11-13,0.0,0.0,0.0,0.0,66.96709938424658,0.0,0.0,0.0,0.0,19.179103678955137,13.853796936798272
2018-11-14,0.0,0.0,0.0,0.0,0.0,0.0,65.1502311540647,0.0,0.0,28.90560913684767,5.944159709087635
2018-11-15,15.862372875519625,10.965660902520376,0.0,0.0,19.973940492754785,40.59696244206337,0.0,3.539930053836069,0.0,5.7341051557758025,3.3270280775299668
2018-11-16,0.0,19.223023724045046,0.0,0.0,0.0,71.16537787617801,0.0,0.0,0.0,0.0,9.611598399776938
2018-11-19,21.638011762721128,14.383977743617493,0.0,17.49305335279676,25.332446436358424,0.0,0.0,0.0,0.0,7.5169779214892305,13.635532783016961
2018-11-20,16.06484101410817,0.0,0.0,12.998937931422983,18.81909552957484,39.556596704877286,0.0,3.448217474167193,0.0,5.587656050628967,3.524655295220561
2018-11-21,12.441505486724731,8.282785336153323,0.0,10.075467812726286,14.565381852734124,30.647439886787858,9.791293748922522,0.0,0.0,4.317255312549483,9.878870563401673
2018-11-22,10.659162229640435,7.096079495803755,9.29153842804505,8.598175385755455,12.544976403221481,26.21718950957582,8.37829370533334,0.0,0.0,3.6936701362402893,13.520914706384374
2018-11-23,20.706237232237214,13.789635449405239,0.0,0.0,24.3593317824942,0.0,16.286129329940028,0.0,0.0,7.177665849843722,17.6810003560796
2018-11-26,0.0,14.336735564433964,0.0,17.496488832417892,25.499167396802026,0.0,17.049404838904355,0.0,0.0,7.491936429911146,18.126266937530616
2018-11-27,21.96020630421494,14.475493845061191,0.0,17.768064521744655,25.925876122141446,0.0,0.0,0.0,0.0,7.587200695879742,12.283158510958028
2018-11-28,0.0,33.50623417199484,0.0,41.12179967107007,0.0,0.0,0.0,0.0,0.0,17.55880547075623,7.813160686178853
2018-11-29,0.0,47.00312373935842,0.0,0.0,0.0,0.0,0.0,0.0,0.0,24.631167733291303,28.36570852735028
2018-11-30,14.867331382797397,0.0,0.0,12.051375331826584,17.576923653871805,36.61402111501236,0.0,0.0,0.0,5.121560037512541,13.768788478979307
2018-12-03,10.810377687174258,7.157204403009963,9.38141464495761,8.69334893500463,12.693098433954752,26.428986555694824,8.451742615852972,2.3105601172578183,0.0,3.6810095704165136,10.392257036676657
2018-12-04,12.534649067026063,8.358219682921995,0.0,9.960734427463645,14.852801063035367,30.86042759673785,9.88137690747612,0.0,0.0,4.283573965932992,9.268217289405968
2018-12-05,18.909892160829823,12.58930583026125,16.497599892409518,14.984294298177236,22.56601778139454,0.0,0.0,0.0,0.0,0.0,14.452890036927638
2018-12-06,23.085618802503298,15.369635024074338,0.0,0.0,27.53123766021335,0.0,18.16624061834616,0.0,0.0,7.875963026235376,7.971304868627481
2018-12-07,0.0,9.819061380945243,0.0,11.654166359866755,17.543272880620822,36.07448024314247,11.57031756517731,0.0,0.0,5.018323423080651,8.32037814716675
2018-12-10,0.0,0.0,0.0,20.693252605980174,0.0,64.06124008683183,0.0,0.0,0.0,8.90974110701482,6.335766200173183
2018-12-11,24.975107296557336,16.673329703214765,0.0,0.0,29.7727081416507,0.0,19.647852173491525,0.0,0.0,0.0,8.93100268508567
2018-12-12,14.475235889433549,9.927700220937291,0.0,11.781982548938071,17.72388823721044,36.837631112565916,0.0,0.0,0.0,5.070909826684396,4.182652164230335
2018-12-13,33.837652938276776,23.201607780458314,0.0,0.0,41.41802031740215,0.0,0.0,0.0,0.0,0.0,1.5427189638627534
2018-12-14,54.053718209171976,37.06516873686226,0.0,0.0,0.0,0.0,0.0,0.0,0.0,0.0,8.881113053965775
2018-12-17,0.0,39.68524407330042,0.0,47.07231661123985,0.0,0.0,0.0,0.0,0.0,0.0,13.242439315459729
2018-12-18,0.0,0.0,0.0,0.0,86.44917742884599,0.0,0.0,0.0,0.0,0.0,13.550822571154008
2018-12-19,0.0,19.806748999514102,0.0,0.0,0.0,73.46662720205812,0.0,0.0,0.0,0.0,6.7266237984277835
2018-12-20,0.0,0.0,0.0,0.0,31.453435788939636,65.18213041791071,0.0,0.0,0.0,0.0,3.36443379314965
2018-12-21,18.36795294916843,12.597137455732382,0.0,14.922644515221004,0.0,46.729823157760556,0.0,0.0,0.0,0.0,7.382441922117624
2018-12-27,27.368003814856323,18.580941217294786,0.0,0.0,33.29420838697996,0.0,0.0,0.0,0.0,9.492726073119401,11.264120507749528
2018-12-28,15.407736358834434,10.487593674221246,0.0,12.425892844943705,18.773399864888233,38.9169345178039,0.0,0.0,0.0,0.0,3.9884427393084785
2019-01-02,17.712597556533407,12.07776631113556,0.0,0.0,21.6057885523751,3.5476968092917933,0.0,0.0,0.0,0.0,45.05615077066413
2019-01-03,24.34666329190398,16.604874317375902,0.0,19.652257515025138,29.70181943682019,4.889024886079602,0.0,0.0,0.0,0.0,4.8053605527951895
2019-01-04,0.0,0.0,0.0,0.0,96.32521015602815,0.0,0.0,0.0,0.0,0.0,3.6747898439718454
2019-01-07,53.86336209205261,0.0,0.0,43.666794213181134,0.0,0.0,0.0,0.0,0.0,0.0,2.4698436947662525
2019-01-08,24.050475332539676,16.42857325239803,0.0,19.473980193061564,29.337156187968418,0.0,0.0,0.0,0.0,0.0,10.709815034032307
2019-01-09,0.0,23.56257385924731,0.0,27.891372021511994,42.062948474072726,0.0,0.0,0.0,0.0,0.0,6.483105645167968
2019-01-10,0.0,24.48874886445748,0.0,28.985299624016754,43.71421918291721,0.0,0.0,0.0,0.0,0.0,2.8117323286085547
2019-01-11,31.373466006648325,0.0,0.0,0.0,38.27460840873053,0.0,25.227734785381074,0.0,0.0,0.0,5.124190799240072
2019-01-14,28.913172132475996,19.75444584995648,0.0,23.383745497523872,0.0,0.0,23.245462551461298,0.0,0.0,0.0,4.703173968582355
2019-01-15,25.21874569914256,17.22489060464028,0.0,20.38966663244982,30.7478086592783,0.0,0.0,0.0,0.0,0.0,6.418888404489046
2019-01-16,47.302149684723716,32.307846732278875,0.0,0.0,0.0,9.51681831756665,0.0,0.0,0.0,0.0,10.873185265430756
2019-01-17,0.0,28.290958347761926,0.0,0.0,50.10950970014119,0.0,0.0,0.0,0.0,0.0,21.59953195209689
2019-01-18,48.64457302557101,33.1522808425835,0.0,0.0,0.0,0.0,0.0,0.0,0.0,0.0,18.203146131845482
2019-01-21,20.721998192408485,14.072915265703065,0.0,16.646956558545195,25.049065849925135,0.0,16.60202016941273,0.0,0.0,0.0,6.907043964005394
2019-01-22,26.89959325796625,18.309355418933947,0.0,21.687460047099442,0.0,5.357238443801173,0.0,0.0,0.0,9.369852479988683,18.376500352210506
2019-01-23,0.0,0.0,0.0,0.0,73.6364447473812,0.0,0.0,13.340991506709374,0.0,0.0,13.022563745909427
2019-01-24,32.287517767359994,21.9707019042389,0.0,0.0,39.11689521901445,0.0,0.0,0.0,0.0,0.0,6.624885109386652
2019-01-25,34.70427002649612,23.62351417495488,0.0,0.0,0.0,0.0,27.843626683778332,0.0,0.0,0.0,13.828589114770665
2019-01-28,29.155929825275877,19.837027278434917,0.0,0.0,35.322497493411156,5.792158970773218,0.0,6.453688590804091,0.0,0.0,3.4386978413007414
2019-01-29,0.0,23.338050601842188,0.0,0.0,41.47754858774125,0.0,27.45272614060835,0.0,0.0,0.0,7.731674669808208
2019-01-30,95.25798735388537,0.0,0.0,0.0,0.0,0.0,0.0,0.0,0.0,0.0,4.742012646114635
2019-01-31,24.89955174251536,16.989880800008674,0.0,20.083189672498523,30.199625769589776,0.0,0.0,0.0,0.0,0.0,7.827752015387661
2019-02-01,31.08124537241151,21.13558168932583,0.0,0.0,37.679577511827134,0.0,0.0,0.0,0.0,0.0,10.103595426435529
2019-02-08,39.839376626361044,0.0,0.0,0.0,48.30968313878285,0.0,0.0,0.0,0.0,0.0,11.850940234856104
2019-02-11,45.074294134531456,0.0,0.0,0.0,54.657116029812144,0.0,0.0,0.0,0.0,0.0,0.2685898356563988
2019-02-12,0.0,0.0,0.0,22.421496280014992,33.72258825773846,0.0,22.31604267366956,0.0,0.0,9.628298803298808,11.911573985278178
2019-02-13,0.0,27.32927306921964,0.0,0.0,48.73826390671247,7.994447441496769,0.0,0.0,0.0,0.0,15.938015582571119
2019-02-14,27.857308424340367,0.0,0.0,22.466895471806513,33.79847853979919,0.0,0.0,0.0,0.0,0.0,15.877317564053925
2019-02-15,21.330060299564536,14.504900454647988,0.0,17.202038943238364,25.874831998541424,0.0,0.0,0.0,0.0,7.39085173531055,13.69731656869714
2019-02-18,46.39868064025593,31.545393664934775,0.0,0.0,0.0,0.0,0.0,10.273792380890926,0.0,0.0,11.782133313918365
2019-02-19,46.12352008112535,0.0,0.0,37.18879171032952,0.0,0.0,0.0,0.0,0.0,0.0,16.687688208545143
2019-02-20,22.485910434867456,15.291962033177771,0.0,18.131528546351067,27.273417211010738,0.0,0.0,0.0,0.0,0.0,16.817181774592967
2019-02-21,15.644967485989902,10.638164569589307,0.0,12.63613439375504,18.996039856572654,0.0,12.591217132063184,0.0,0.0,5.444252667202768,24.049223894827147
2019-02-22,18.88191365385137,12.824168564601562,0.0,15.271753382741881,22.945241630260828,0.0,15.234200906511438,0.0,0.0,6.5901251833257195,8.252596678707198
2019-02-25,46.59964700191859,0.0,0.0,37.68476582602882,0.0,0.0,0.0,0.0,0.0,0.0,15.71558717205259
2019-02-26,24.153972011560747,16.420334905307417,0.0,0.0,29.37359458926331,0.0,19.502052866237747,0.0,0.0,0.0,10.550045627630777
2019-02-27,49.717193074880534,0.0,0.0,0.0,0.0,0.0,40.144883539609225,0.0,0.0,0.0,10.137923385510238
2019-02-28,18.693981028133162,12.710057251296657,0.0,15.11929493845139,22.733338771020144,3.728772101799629,15.08367097333177,0.0,0.0,6.52233632395431,5.408548612012936
2019-03-01,29.35314548650481,0.0,0.0,0.0,35.69514505425772,0.0,23.673767995071675,0.0,0.0,0.0,11.277941464165796
2019-03-04,13.355715095555828,9.090974616933524,0.0,10.844976626022659,16.26621558462907,0.0,10.789015611543272,0.0,0.0,0.0,39.65310246531564
2019-03-05,26.11558899797382,0.0,0.0,21.210983882122093,31.814584291549057,0.0,0.0,0.0,0.0,9.12505390825174,11.733788920103283
2019-03-06,18.385035450395932,12.500465780432968,0.0,14.9476262969138,22.409730629002727,0.0,14.86080201843123,0.0,0.0,6.42225751603565,10.474082308787693
2019-03-07,0.0,40.3056839282298,0.0,0.0,0.0,0.0,47.89658797339858,0.0,0.0,0.0,11.797728098371625
2019-03-08,16.998431977091226,11.544085931675037,0.0,13.843775911086531,20.71173663275047,3.353692694251895,13.741251347334474,0.0,0.0,5.751627394291474,14.055398111518898
2019-03-11,0.0,49.25250958343897,0.0,0.0,0.0,0.0,0.0,0.0,0.0,24.51626017798831,26.231230238572717
2019-03-12,35.690249054351455,24.243786422756845,0.0,29.05740602438933,0.0,0.0,0.0,0.0,0.0,0.0,11.00855849850237
2019-03-13,53.708781797580066,36.475658945266396,0.0,0.0,0.0,0.0,0.0,0.0,0.0,0.0,9.815559257153534
2019-03-14,35.34142376777294,24.047462912254055,0.0,28.803137484621665,0.0,0.0,0.0,0.0,0.0,0.0,11.807975835351343
2019-03-15,22.985429073265365,0.0,20.618846820555042,0.0,28.030119185771156,0.0,18.59550918065985,0.0,0.0,7.774265157034274,1.995830582714314
2019-03-18,31.770544538116784,21.633821103040095,0.0,0.0,38.818199502441054,0.0,0.0,0.0,0.0,0.0,7.777434856402062
2019-03-19,0.0,85.91385835846965,0.0,0.0,0.0,0.0,0.0,0.0,0.0,0.0,14.086141641530352
2019-03-20,0.0,41.29990781013837,54.50281795381429,0.0,0.0,0.0,0.0,0.0,0.0,0.0,4.197274236047341
2019-03-21,79.67069845303989,0.0,0.0,0.0,0.0,0.0,0.0,0.0,0.0,0.0,20.329301546960117
2019-03-22,0.0,0.0,0.0,0.0,0.0,0.0,0.0,0.0,0.0,63.17042357623283,36.82957642376717
2019-03-25,25.329146222372923,17.244181198317914,0.0,0.0,30.94677499203232,0.0,20.5233223402398,0.0,0.0,0.0,5.956575247037042
2019-03-26,23.708514568361032,16.127284318792398,0.0,19.350828728394223,28.956397531198864,0.0,0.0,0.0,0.0,7.981644898007819,3.8753299552456593
2019-03-27,0.0,16.46033858209132,21.695624216273394,0.0,29.537057960788403,0.0,19.58847789825871,0.0,0.0,8.118401879463464,4.600099463124703
2019-03-28,38.73410286118097,26.38374333447827,0.0,0.0,0.0,0.0,0.0,8.62609193159197,0.0,12.887029711721453,13.36903216102733
2019-03-29,21.109274294639242,14.356832041043047,0.0,17.18708801939195,25.720386134570095,0.0,17.0825741833572,0.0,0.0,0.0,4.543845326998465
2019-04-01,35.353711542950286,24.026847563202395,0.0,0.0,0.0,0.0,28.568444286477483,0.0,0.0,0.0,12.05099660736984
2019-04-02,0.0,0.0,0.0,0.0,0.0,0.0,0.0,0.0,0.0,0.0,100.0
2019-04-03,20.475394341568187,13.916548492324104,0.0,16.680995294618437,24.95763703947569,0.0,16.574407950313354,0.0,0.0,0.0,7.3950168817002275
2019-04-04,76.91053585463638,0.0,0.0,0.0,0.0,0.0,0.0,0.0,0.0,0.0,23.08946414536363
2019-04-08,0.0,0.0,0.0,58.31151374795795,0.0,14.047104488403969,0.0,0.0,0.0,0.0,27.641381763638073
2019-04-09,54.42850625704477,0.0,0.0,0.0,0.0,10.50361626252665,0.0,0.0,0.0,0.0,35.06787748042858
2019-04-10,24.44737374644033,16.624454278800656,0.0,19.937805769783782,29.8634907762332,0.0,0.0,0.0,0.0,0.0,9.126875428742032
2019-04-11,27.231736804435847,18.45869407012136,0.0,22.147924047910948,0.0,5.188416748222332,22.00701159423061,0.0,0.0,0.0,4.966216735078896
2019-04-12,0.0,23.71276814121771,0.0,0.0,42.531647663287806,0.0,28.123645897719197,0.0,0.0,0.0,5.6319382977752905
2019-04-18,0.0,0.0,0.0,94.02333882392415,0.0,0.0,0.0,0.0,0.0,0.0,5.976661176075845
2019-04-23,0.0,0.0,0.0,0.0,0.0,0.0,0.0,0.0,0.0,0.0,100.00000000000001
2019-04-24,0.0,0.0,0.0,0.0,0.0,0.0,0.0,0.0,0.0,0.0,100.0
2019-04-29,0.0,0.0,0.0,0.0,0.0,0.0,0.0,0.0,0.0,0.0,100.0
2019-04-30,0.0,0.0,0.0,0.0,0.0,0.0,0.0,0.0,0.0,0.0,100.0
2019-05-10,0.0,0.0,0.0,0.0,0.0,0.0,0.0,0.0,0.0,0.0,100.0
2019-05-14,45.0787665293957,0.0,0.0,0.0,54.9212334706043,0.0,0.0,0.0,0.0,0.0,0.0
2019-05-15,0.0,0.0,0.0,0.0,0.0,0.0,0.0,0.0,0.0,0.0,100.0
2019-05-21,0.0,0.0,0.0,0.0,0.0,0.0,0.0,0.0,0.0,0.0,100.0
2019-05-29,0.0,90.72387625527085,0.0,0.0,0.0,0.0,0.0,0.0,0.0,0.0,9.276123744729142
2019-05-30,0.0,0.0,0.0,0.0,0.0,0.0,0.0,0.0,0.0,0.0,100.0
2019-06-04,0.0,0.0,0.0,40.10589018395996,59.89410981604004,0.0,0.0,0.0,0.0,0.0,0.0
2019-06-13,99.55447897905071,0.0,0.0,0.0,0.0,0.0,0.0,0.0,0.0,0.0,0.44552102094929596
2019-06-14,0.0,0.0,0.0,0.0,0.0,0.0,0.0,0.0,0.0,0.0,100.0
2019-06-20,0.0,96.45269038343915,0.0,0.0,0.0,0.0,0.0,0.0,0.0,0.0,3.547309616560856
2019-07-02,0.0,0.0,100.0,0.0,0.0,0.0,0.0,0.0,0.0,0.0,0.0
2019-07-05,0.0,0.0,0.0,0.0,0.0,0.0,0.0,0.0,0.0,0.0,100.0
2019-07-08,0.0,0.0,0.0,0.0,0.0,0.0,0.0,0.0,0.0,0.0,100.0
2019-07-16,0.0,0.0,0.0,0.0,0.0,0.0,0.0,0.0,0.0,0.0,100.0
2019-07-17,0.0,0.0,0.0,0.0,0.0,0.0,0.0,0.0,0.0,0.0,100.0
2019-07-18,0.0,0.0,0.0,0.0,0.0,0.0,0.0,0.0,0.0,0.0,100.0
2019-07-22,0.0,100.0,0.0,0.0,0.0,0.0,0.0,0.0,0.0,0.0,0.0
2019-07-23,0.0,0.0,0.0,0.0,0.0,0.0,0.0,0.0,0.0,0.0,100.0
2019-07-24,0.0,0.0,0.0,0.0,0.0,0.0,0.0,0.0,0.0,0.0,100.0
2019-07-29,0.0,4.356226181310573,5.777068645765047,0.0,7.82343904401611,0.0,0.0,0.0,30.11511451264932,0.0,51.928151616258944
2019-08-13,0.0,0.0,0.0,0.0,0.0,0.0,0.0,0.0,0.0,0.0,100.0
2019-08-15,0.0,0.0,0.0,0.0,0.0,0.0,0.0,0.0,0.0,0.0,100.0
2019-08-20,0.0,0.0,0.0,0.0,0.0,0.0,0.0,0.0,0.0,0.0,100.0
2019-08-23,0.0,99.9785774712472,0.0,0.0,0.0,0.0,0.0,0.0,0.0,0.0,0.021422528752788286
2019-08-27,0.0,0.0,0.0,98.99788445403482,0.0,0.0,0.0,0.0,0.0,0.0,1.00211554596519
2019-08-30,0.0,91.43619661926806,0.0,0.0,0.0,0.0,0.0,0.0,0.0,0.0,8.56380338073194
2019-09-10,100.0,0.0,0.0,0.0,0.0,0.0,0.0,0.0,0.0,0.0,0.0
2019-09-18,0.0,100.0,0.0,0.0,0.0,0.0,0.0,0.0,0.0,0.0,0.0
2019-09-26,0.0,0.0,0.0,0.0,0.0,0.0,0.0,0.0,0.0,0.0,100.0
2019-09-27,0.0,0.0,0.0,0.0,0.0,0.0,0.0,0.0,0.0,0.0,100.0
2019-10-09,0.0,0.0,0.0,0.0,0.0,31.785676284255516,0.0,0.0,0.0,0.0,68.21432371574448
2019-10-16,0.0,0.0,0.0,0.0,0.0,0.0,0.0,0.0,0.0,0.0,100.0
2019-10-17,0.0,34.728251587239754,0.0,0.0,62.49573692703727,0.0,0.0,0.0,0.0,0.0,2.7760114857229703
2019-10-21,0.0,0.0,0.0,0.0,0.0,0.0,0.0,0.0,0.0,0.0,100.0
2019-10-22,0.0,0.0,0.0,0.0,0.0,0.0,0.0,0.0,0.0,0.0,100.0
2019-10-23,0.0,0.0,0.0,0.0,0.0,0.0,0.0,0.0,0.0,0.0,100.0
2019-10-25,0.0,0.0,0.0,0.0,0.0,0.0,0.0,0.0,0.0,0.0,100.0
2019-10-28,0.0,0.0,0.0,0.0,0.0,0.0,0.0,0.0,0.0,0.0,100.0
2019-11-05,0.0,0.0,0.0,0.0,99.9913699698251,0.0,0.0,0.0,0.0,0.0,0.008630030174900506
2019-11-12,0.0,100.0,0.0,0.0,0.0,0.0,0.0,0.0,0.0,0.0,0.0
2019-11-14,0.0,0.0,0.0,0.0,0.0,0.0,0.0,0.0,0.0,0.0,100.0
2019-11-15,0.0,0.0,0.0,0.0,0.0,0.0,0.0,0.0,0.0,0.0,100.0
2019-11-18,0.0,0.0,0.0,0.0,0.0,0.0,0.0,0.0,0.0,0.0,100.0
2019-11-20,0.0,0.0,0.0,0.0,0.0,0.0,0.0,0.0,0.0,0.0,100.0
2019-11-25,0.0,0.0,0.0,0.0,0.0,0.0,0.0,0.0,0.0,0.0,100.0
2019-11-26,0.0,0.0,0.0,0.0,0.0,0.0,0.0,0.0,0.0,0.0,100.0
2019-12-03,0.0,0.0,0.0,0.0,0.0,0.0,0.0,0.0,0.0,0.0,0.0
2019-12-04,0.0,0.0,0.0,0.0,0.0,0.0,0.0,0.0,0.0,0.0,99.99999999999999
2019-12-12,0.0,0.0,0.0,0.0,0.0,0.0,0.0,99.95828749535099,0.0,0.0,0.04171250464901849
2019-12-13,0.0,0.0,0.0,0.0,0.0,0.0,0.0,0.0,0.0,0.0,100.0
2019-12-17,0.0,0.0,0.0,0.0,0.0,0.0,0.0,0.0,0.0,0.0,100.0
2019-12-18,0.0,0.0,0.0,0.0,0.0,0.0,0.0,0.0,0.0,0.0,100.00000000000001
2019-12-19,0.0,0.0,0.0,0.0,0.0,0.0,0.0,0.0,0.0,0.0,100.0
2019-12-27,0.0,0.0,0.0,0.0,0.0,0.0,0.0,0.0,0.0,0.0,100.0
2020-01-02,0.0,0.0,0.0,0.0,0.0,0.0,0.0,0.0,0.0,0.0,100.0
2020-01-03,0.0,0.0,0.0,0.0,0.0,0.0,0.0,0.0,0.0,0.0,99.99999999999999
2020-01-06,0.0,0.0,0.0,0.0,0.0,0.0,0.0,0.0,0.0,0.0,100.0
2020-01-10,0.0,0.0,0.0,0.0,0.0,0.0,0.0,61.43566943855969,0.0,0.0,38.56433056144031
2020-01-16,0.0,100.0,0.0,0.0,0.0,0.0,0.0,0.0,0.0,0.0,0.0
2020-01-20,59.65589962253029,0.0,0.0,39.24507231932017,0.0,0.0,0.0,0.0,0.0,0.0,1.0990280581495326
2020-01-21,55.12815065397035,0.0,0.0,44.87184934602965,0.0,0.0,0.0,0.0,0.0,0.0,0.0
2020-01-23,0.0,0.0,0.0,0.0,0.0,0.0,0.0,0.0,0.0,0.0,100.0
2020-01-24,0.0,0.0,0.0,0.0,0.0,0.0,0.0,0.0,0.0,0.0,100.0
2020-01-29,0.0,0.0,0.0,0.0,0.0,0.0,0.0,0.0,0.0,0.0,99.99999999999999
2020-02-05,0.0,0.0,0.0,0.0,0.0,0.0,0.0,0.0,0.0,0.0,100.00000000000001
2020-02-10,61.05382478787777,0.0,0.0,38.94617521212223,0.0,0.0,0.0,0.0,0.0,0.0,0.0
2020-03-05,0.0,100.0,0.0,0.0,0.0,0.0,0.0,0.0,0.0,0.0,0.0
2020-03-06,0.0,86.0291015238857,0.0,0.0,0.0,0.0,0.0,0.0,0.0,0.0,13.970898476114298
2020-03-12,100.0,0.0,0.0,0.0,0.0,0.0,0.0,0.0,0.0,0.0,0.0
2020-03-16,0.0,0.0,0.0,0.0,0.0,0.0,0.0,0.0,0.0,0.0,100.0
2020-03-17,0.0,0.0,0.0,100.0,0.0,0.0,0.0,0.0,0.0,0.0,0.0
2020-03-19,0.0,0.0,0.0,0.0,0.0,0.0,0.0,0.0,0.0,0.0,100.0
2020-03-24,0.0,0.0,0.0,98.62816734839181,0.0,0.0,0.0,0.0,0.0,0.0,1.3718326516081885
2020-03-25,0.0,0.0,0.0,0.0,0.0,0.0,0.0,0.0,0.0,0.0,100.0
2020-04-14,0.0,0.0,0.0,0.0,0.0,0.0,0.0,0.0,0.0,0.0,100.0
2020-04-16,0.0,0.0,0.0,0.0,0.0,0.0,0.0,0.0,0.0,0.0,100.0
2020-04-20,0.0,0.0,0.0,0.0,0.0,0.0,0.0,0.0,0.0,0.0,100.0
2020-04-22,0.0,0.0,0.0,0.0,0.0,0.0,0.0,0.0,0.0,0.0,100.0
2020-05-05,0.0,0.0,0.0,0.0,0.0,0.0,0.0,0.0,0.0,0.0,100.0
2020-05-11,94.2284458639128,0.0,0.0,0.0,0.0,0.0,0.0,0.0,0.0,0.0,5.771554136087196
2020-05-12,0.0,100.0,0.0,0.0,0.0,0.0,0.0,0.0,0.0,0.0,0.0
2020-05-15,0.0,100.0,0.0,0.0,0.0,0.0,0.0,0.0,0.0,0.0,0.0
2020-05-20,0.0,100.0,0.0,0.0,0.0,0.0,0.0,0.0,0.0,0.0,0.0
2020-05-22,0.0,0.0,0.0,0.0,0.0,0.0,0.0,99.56585533365363,0.0,0.0,0.4341446663463749
2020-05-27,0.0,0.0,0.0,0.0,0.0,0.0,0.0,82.5003995967411,0.0,0.0,17.4996004032589
2020-06-08,0.0,0.0,0.0,0.0,0.0,0.0,0.0,0.0,0.0,0.0,99.99999999999999
2020-06-09,0.0,0.0,0.0,0.0,0.0,0.0,0.0,0.0,0.0,0.0,99.99999999999999
2020-06-12,0.0,0.0,0.0,0.0,0.0,0.0,0.0,0.0,0.0,0.0,100.0
2020-06-16,0.0,0.0,0.0,0.0,0.0,0.0,0.0,0.0,0.0,0.0,100.0
2020-06-22,0.0,0.0,0.0,0.0,0.0,0.0,0.0,0.0,0.0,0.0,0.0
2020-06-23,0.0,0.0,0.0,91.85169899962791,0.0,0.0,0.0,0.0,0.0,0.0,8.148301000372086
2020-06-26,0.0,100.0,0.0,0.0,0.0,0.0,0.0,0.0,0.0,0.0,0.0
2020-07-07,0.0,100.0,0.0,0.0,0.0,0.0,0.0,0.0,0.0,0.0,0.0
2020-07-08,0.0,0.0,0.0,0.0,0.0,0.0,0.0,0.0,0.0,0.0,100.0
2020-07-09,0.0,0.0,0.0,0.0,0.0,0.0,0.0,0.0,0.0,0.0,100.0
2020-07-20,0.0,0.0,0.0,0.0,0.0,0.0,0.0,0.0,0.0,0.0,0.0
2020-07-21,0.0,0.0,0.0,0.0,0.0,0.0,0.0,0.0,0.0,0.0,100.0
2020-07-22,0.0,35.62449754128739,0.0,0.0,64.37550245871262,0.0,0.0,0.0,0.0,0.0,0.0
2020-07-28,47.55496643424076,0.0,0.0,0.0,52.445033565759246,0.0,0.0,0.0,0.0,0.0,0.0
2020-08-06,95.88326068962932,0.0,0.0,0.0,0.0,0.0,0.0,0.0,0.0,0.0,4.116739310370679
2020-08-13,0.0,0.0,0.0,0.0,0.0,0.0,0.0,0.0,0.0,0.0,100.0
2020-08-14,0.0,0.0,85.02246844680069,0.0,0.0,0.0,0.0,0.0,0.0,0.0,14.977531553199322
2020-08-18,0.0,0.0,0.0,0.0,0.0,0.0,0.0,0.0,0.0,0.0,100.0
2020-08-20,0.0,100.0,0.0,0.0,0.0,0.0,0.0,0.0,0.0,0.0,0.0
2020-08-24,0.0,0.0,0.0,0.0,0.0,0.0,0.0,0.0,0.0,0.0,99.99999999999999
2020-08-26,43.26929249502952,26.541999985780855,0.0,27.788622654844108,0.0,0.0,0.0,0.0,0.0,0.0,2.400084864345512
2020-09-04,0.0,0.0,0.0,0.0,0.0,30.566928230462054,0.0,0.0,0.0,0.0,69.43307176953795
2020-09-08,0.0,100.0,0.0,0.0,0.0,0.0,0.0,0.0,0.0,0.0,0.0
2020-09-09,0.0,0.0,0.0,0.0,0.0,0.0,0.0,0.0,100.0,0.0,0.0
2020-09-14,0.0,0.0,0.0,0.0,0.0,0.0,0.0,0.0,0.0,0.0,100.0
2020-09-16,100.0,0.0,0.0,0.0,0.0,0.0,0.0,0.0,0.0,0.0,0.0
2020-09-24,0.0,0.0,0.0,0.0,0.0,0.0,0.0,0.0,0.0,0.0,100.0
2020-09-28,0.0,0.0,0.0,0.0,0.0,0.0,0.0,0.0,0.0,0.0,100.0
2020-09-29,10.469151536324786,6.5240033125038694,8.578155531766674,6.770608313677948,11.691815209642698,24.205978400795903,7.734576289024803,2.1363030832907217,0.0,3.170672883318814,18.718735439653784
2020-09-30,13.960427381965907,8.728176723183461,11.347106149490562,9.047232257618292,15.601614261428804,0.0,10.34987182068272,2.858161028085359,0.0,4.31930824641033,23.788102131134572
2020-10-05,16.827274804982185,10.599269722080452,0.0,10.931163625220039,18.8981742154199,0.0,12.507626250007565,3.442009621984976,0.0,5.226412721430366,21.56806903887452
2020-10-06,30.16103865435943,18.949420075352073,0.0,0.0,0.0,0.0,22.362637138156625,0.0,0.0,9.349496968930762,19.17740716320111
2020-10-07,14.639281703079657,9.197047193550175,0.0,9.478597689595986,16.397547572525596,0.0,10.83502738594515,0.0,0.0,4.533055126008404,34.919443329295035
2020-10-08,16.054677659415688,10.084249255891647,13.047092088912413,10.3955272283322,18.043711956489446,0.0,11.885389750000002,3.2689070822268373,0.0,4.974819348974512,12.245625629757258
2020-10-09,29.84940122748707,18.757233145055608,0.0,0.0,33.5724257699292,0.0,0.0,6.0566969642889115,0.0,0.0,11.76424289323921
2020-10-12,17.53757730639863,11.052250713358777,14.25949802292847,11.447655221940723,19.793048269860876,0.0,0.0,3.5401245143638223,0.0,5.472906329276704,16.896939621871997
2020-10-14,20.141506810595438,12.691598152798985,0.0,13.137723009786551,0.0,0.0,15.013647859921656,0.0,0.0,0.0,39.01552416689737
2020-10-15,23.460919184440304,14.804589750428331,0.0,0.0,26.54745780946785,0.0,17.510162494160095,0.0,0.0,7.335531402470935,10.341339359032485
2020-10-16,21.547693590257047,13.579757646457443,0.0,0.0,24.352022668526622,0.0,16.056813211962165,0.0,0.0,6.72742810116128,17.73628478163544
2020-10-19,27.125409935944404,17.096402624043236,0.0,17.69570816942315,30.6644868236213,0.0,0.0,0.0,0.0,0.0,7.417992446967906
2020-10-20,25.88150761414302,16.314840476432657,0.0,0.0,29.25344319402285,0.0,0.0,0.0,0.0,7.9701466672439745,20.580062048157505
2020-10-21,15.212574806904279,9.567692308473992,0.0,0.0,17.2653651390895,35.343211879190726,0.0,0.0,0.0,4.664835611741855,17.946320254599648
2020-10-22,26.906602570783505,16.893630121604815,0.0,0.0,30.49097931435839,0.0,0.0,5.453109187026609,0.0,8.245336649034265,12.010342157192412
2020-10-23,7.720011056235028,4.824526059259487,0.0,0.0,8.744711529935213,0.0,0.0,0.0,74.17381949434593,2.363271978246975,2.173659881977354
2020-10-27,0.0,0.0,0.0,34.41723507570784,0.0,0.0,39.188282948785634,10.685653899097641,0.0,0.0,15.708828076408883
2020-10-28,13.844802680270513,8.670554531235503,0.0,9.080693052649064,0.0,32.175220658132304,10.288233681966808,0.0,0.0,4.252708004595403,21.687787391150408
2020-10-29,27.936667040332736,0.0,0.0,18.43590371109521,31.772660316502343,0.0,0.0,0.0,0.0,8.571012111158423,13.28375682091129
2020-10-30,12.761142315553778,8.021454487272916,0.0,8.448439791317373,14.512586461727489,29.629801824047657,9.500503899257057,0.0,0.0,3.916400257169946,13.209670963653778
2020-11-02,15.648953801610975,9.818847760101065,0.0,10.388684911758201,17.801191559550567,36.34764570915549,0.0,0.0,0.0,4.81085762043691,5.183818637386784
2020-11-03,13.78637196002187,8.656895324443123,0.0,9.183256959283952,15.691366777235938,32.018968362188,10.270585587726934,0.0,0.0,4.262203332653031,6.1303516964471525
2020-11-04,27.05619197771285,16.988917909305425,0.0,18.076774346757546,30.790126971451453,0.0,0.0,0.0,0.0,0.0,7.087988794772727
2020-11-05,21.384774751862295,13.429901382916064,0.0,14.30294543396808,24.333808929540282,0.0,15.943591759405079,0.0,0.0,6.607596817883304,3.997380924424892
2020-11-06,0.0,24.775462047322673,0.0,26.43073590353186,44.90406016275191,0.0,0.0,0.0,0.0,0.0,3.889741886393551
2020-11-09,23.817156817555947,0.0,0.0,16.00062202371511,0.0,55.38598226221508,0.0,0.0,0.0,0.0,4.796238896513864
2020-11-10,0.0,0.0,0.0,29.929918059514783,50.73761955092952,0.0,0.0,0.0,0.0,13.766771997150506,5.565690392405185
2020-11-11,7.45478409431702,4.686554454848975,0.0,5.01838691233303,8.505657585524073,0.0,0.0,0.0,72.04452003523934,0.0,2.290096917737557
2020-11-12,26.130233242457585,16.43557245417789,0.0,17.602206218442433,29.840090477886978,0.0,0.0,0.0,0.0,8.079229833948151,1.912667773086962
2020-11-13,26.892312452217958,16.920178927697247,0.0,18.1424658243989,30.73670674392962,0.0,0.0,0.0,0.0,0.0,7.3083360517562745
2020-11-16,14.43809376401627,9.090553301351918,0.0,9.775453319436291,16.509087527211484,33.52392780623266,10.795230834985459,0.0,0.0,0.0,5.867653446765922
2020-11-17,12.539314301369433,7.895894039700983,0.0,8.515296319983596,14.340357680175128,29.060135003676084,9.409129033607151,0.0,0.0,0.0,18.23987362148762
2020-11-18,26.871085651449157,16.933424015864755,0.0,18.28478375459982,30.380396836533368,0.0,0.0,0.0,0.0,0.0,7.5303097415529
2020-11-19,13.931604899953104,8.788045762722168,0.0,9.51155411626433,15.758961810947278,32.25827259306751,10.475808606964703,0.0,0.0,4.302453186323736,4.97329902375717
2020-11-20,43.99177637501819,0.0,0.0,0.0,49.7346292474313,0.0,0.0,0.0,0.0,0.0,6.2735943775505065
2020-11-23,16.028466263268392,10.10752823223448,0.0,10.968207277041683,18.121861003503827,37.061275836667534,0.0,0.0,0.0,0.0,7.712661387284084
2020-11-24,33.5625572757297,0.0,0.0,23.029886686500877,37.94359884444411,0.0,0.0,0.0,0.0,0.0,5.463957193325314
2020-11-25,0.0,23.15968340541079,0.0,25.284655484521995,41.54194596269176,0.0,0.0,0.0,0.0,0.0,10.013715147375454
2020-11-26,0.0,11.329676742696416,0.0,12.387876720051912,20.324628098205423,41.561956984601096,0.0,0.0,0.0,0.0,14.395861454445157
2020-11-27,15.867505937733723,10.039224245790368,0.0,10.99676102681626,17.995696056615515,36.759612924135666,0.0,0.0,0.0,0.0,8.341199808908469
2020-11-30,25.064450839193846,0.0,0.0,17.417871839701107,28.460122813830164,0.0,18.884927852195315,0.0,0.0,0.0,10.172626655079572
2020-12-01,27.258033226921892,17.251867800582314,0.0,18.950362317889468,0.0,0.0,20.506996345180852,0.0,0.0,0.0,16.032740309425474
2020-12-02,15.810124557797309,9.995075825900354,0.0,0.0,17.92442470063059,36.694454018981546,0.0,0.0,0.0,4.913576989763261,14.662343906926946
2020-12-03,0.0,21.779510266821227,0.0,23.938896744125778,39.015586859487996,0.0,0.0,0.0,0.0,10.663329149216672,4.60267698034833
2020-12-04,13.687254231962099,8.716447379396882,0.0,9.575991986165972,15.625275126397653,31.962269576457654,10.3518614107768,0.0,0.0,4.271135856091355,5.809764432751582
2020-12-07,48.188884296903964,30.721118420090065,0.0,0.0,0.0,0.0,0.0,0.0,0.0,14.988203622939075,6.101793660066895
2020-12-08,0.0,0.0,0.0,61.18500129829576,0.0,0.0,0.0,0.0,0.0,27.215507392422545,11.599491309281698
2020-12-09,33.19712005650049,21.17684914574177,0.0,0.0,0.0,0.0,25.1033821524003,0.0,0.0,10.345256497030379,10.177392148327058
2020-12-10,26.544896698309756,16.952897229644957,0.0,18.592788002305557,30.32536894190021,0.0,0.0,0.0,0.0,0.0,7.584049127839521
2020-12-11,21.689664045389208,13.842267884213596,0.0,15.187829818291826,24.780975894357688,0.0,16.41599980020828,0.0,0.0,0.0,8.083262557539408
2020-12-14,8.632229095133672,5.516841991779196,0.0,0.0,0.0,0.0,0.0,0.0,84.27035175247114,0.0,1.580577160615993
2020-12-15,87.1471134866821,0.0,0.0,0.0,0.0,0.0,0.0,0.0,0.0,0.0,12.852886513317898
2020-12-16,49.81196177848303,31.506541104878107,0.0,0.0,0.0,0.0,0.0,0.0,0.0,0.0,18.681497116638866
2020-12-17,0.0,0.0,0.0,0.0,0.0,0.0,0.0,25.95631730431717,0.0,39.21567185282445,34.82801084285838
2020-12-18,0.0,0.0,0.0,43.20798736895999,0.0,0.0,46.69215763409267,0.0,0.0,0.0,10.099854996947334
2020-12-21,0.0,74.31066313875009,0.0,0.0,0.0,0.0,0.0,0.0,0.0,0.0,25.689336861249906
2020-12-22,27.224924859581385,17.227089292741407,0.0,18.937883044166398,30.87078366728926,0.0,0.0,0.0,0.0,0.0,5.739319136221551
2020-12-23,16.136205918778852,10.22192140604741,0.0,0.0,18.30130248635892,37.402759584147624,12.119109581437652,3.302288684996054,0.0,0.0,2.516412338233486
2020-12-28,40.69880687308567,25.77251832451562,0.0,28.284403549458254,0.0,0.0,0.0,0.0,0.0,0.0,5.244271252940454
2020-12-29,13.90110207076131,8.836385580724473,0.0,9.676315553867818,15.778622027392105,32.215383833074554,10.452580092945391,0.0,0.0,4.2959402246732195,4.843670616561125
2020-12-30,26.430242502317626,16.760822394750882,0.0,18.44796593680289,30.001905000305623,0.0,0.0,0.0,0.0,0.0,8.359064165822979
2021-01-04,0.0,67.91167392666794,0.0,0.0,0.0,0.0,0.0,0.0,0.0,0.0,32.088326073332055
2021-01-05,20.54001551066837,0.0,0.0,0.0,23.317649130888622,47.537166344554635,0.0,0.0,0.0,0.0,8.605169013888371
2021-01-06,16.36069917331288,10.418131081198725,0.0,0.0,18.63798583423498,37.96531608912676,0.0,0.0,0.0,5.072550242931558,11.5453175791951
2021-01-07,0.0,0.0,0.0,0.0,50.391288285459915,0.0,33.36138660795554,0.0,0.0,0.0,16.24732510658455
2021-01-08,18.042630417628537,11.514058154120322,0.0,12.663502244038291,0.0,41.83038352769297,0.0,0.0,0.0,5.536901781126331,10.412523875393546
2021-01-11,36.564305976559275,23.314626246640593,0.0,25.707105899475323,0.0,0.0,0.0,0.0,0.0,11.218598199009316,3.19536367831549
2021-01-12,18.372832608923805,11.73987853487953,0.0,12.960671023517879,20.986787290419358,0.0,13.881733210673305,0.0,0.0,5.755605457444557,16.302491874141566
2021-01-13,24.26931781912547,15.523624385757431,0.0,0.0,27.721980735064477,0.0,18.334697668550497,0.0,0.0,0.0,14.150379391502126
2021-01-14,27.25403862995428,17.452344656101353,0.0,0.0,31.130025922607658,0.0,20.585198604549255,0.0,0.0,0.0,3.5783921867874566
2021-01-15,0.0,23.78938634767251,0.0,0.0,42.40616497881792,0.0,28.038319994337257,0.0,0.0,0.0,5.7661286791723105
2021-01-18,24.54205741921247,15.735286120896873,0.0,17.338708638960995,0.0,0.0,18.53863194643014,0.0,0.0,7.700463200280115,16.144852674219408
2021-01-19,18.03216306282897,11.567388945621717,0.0,0.0,0.0,41.99689899517793,13.615897727605736,3.684845114113839,0.0,5.720687162575316,5.382118992076494
2021-01-20,17.252871791910074,11.063276536370465,0.0,0.0,19.729411238912505,40.16522486529406,0.0,0.0,0.0,5.479160825240563,6.310054742272335
2021-01-21,0.0,22.167248530485374,0.0,0.0,39.54767780419522,0.0,26.095329220344464,7.06309013301177,0.0,0.0,5.12665431196317
2021-01-22,16.05763797368372,0.0,0.0,11.35696925564234,18.61743144790394,37.327064013512995,0.0,0.0,0.0,5.144900651374624,11.495996657882378
2021-01-25,21.965830544143312,14.13686426352447,0.0,15.298480027078954,25.50703761755535,0.0,0.0,4.499951657822235,0.0,7.058363057555529,11.533472832320147
2021-01-26,13.77510520589304,8.857155376258607,0.0,9.598721010021857,15.995483162223081,31.997271427250993,0.0,2.811386732160606,0.0,4.403755625939693,12.561121460252123
2021-01-27,11.630652717837544,7.45641615151089,9.541861703004066,8.075372219951223,13.456339664913886,26.876094534053557,8.748439521023448,0.0,0.0,3.7190470616373483,10.49577642606804
2021-01-28,12.110333505920954,7.743609069370967,0.0,8.375567710063615,13.976189670528088,27.90114212822506,9.232547784784549,0.0,0.0,3.8589798447391424,16.80163028636762
2021-01-29,20.000081002000293,12.825113016155552,16.32981812264903,13.840954373773146,0.0,0.0,15.352920752777338,0.0,0.0,6.383156904360035,15.267955828284606
2021-02-01,0.0,13.598442646034266,17.23437350158829,14.66998802875215,24.484577026521574,0.0,16.3176174522812,0.0,0.0,0.0,13.695001344822519
2021-02-02,26.975769911824187,17.303256522907464,21.7935283034337,0.0,0.0,0.0,20.912117556000517,0.0,0.0,0.0,13.015327705834128
2021-02-03,25.234743112143082,16.12913397626562,0.0,17.394209290757516,0.0,0.0,19.526063637288157,0.0,0.0,0.0,21.715849983545617
2021-02-04,26.106474481776164,16.637278493347086,0.0,17.946455318188693,0.0,0.0,20.16985263971696,0.0,0.0,8.281159550336943,10.858779516634154
2021-02-05,18.308480672800343,11.694275232200017,0.0,12.571885544038722,21.05397917675138,0.0,14.196963555418366,0.0,0.0,5.825484013150684,16.348931805640493
2021-02-08,31.269155649166507,20.044659432332807,0.0,0.0,0.0,0.0,24.43622107863078,0.0,0.0,10.11215472870352,14.137809111166384
2021-02-09,14.599657036998995,9.374781916795754,11.824844945996139,10.074420244079812,0.0,33.72809344160517,11.43936718844431,0.0,0.0,4.732359244372196,4.226475981707626
2021-02-10,30.32980700906155,19.46155469834241,0.0,0.0,35.048018582120285,0.0,0.0,0.0,0.0,9.816391301977312,5.344228408498447
2021-02-16,43.33121362668144,0.0,35.12640757099545,0.0,0.0,0.0,0.0,0.0,0.0,0.0,21.542378802323107
2021-02-17,31.894720474552642,20.414202747136898,0.0,0.0,0.0,0.0,25.045504564586402,0.0,0.0,10.203834307078385,12.441737906645674
2021-02-18,27.13499151016637,17.37735468575238,0.0,18.701337001518375,0.0,0.0,21.310173244459627,0.0,0.0,8.67183674866075,6.8043068094425
2021-02-19,20.242563067843513,13.026468867936483,0.0,13.968951143747235,0.0,0.0,15.949843865754385,4.2070525685487015,0.0,6.518507153259548,26.086613332910137
2021-02-22,5.1829627198953805,3.3542609485719845,4.19484990639506,3.5515711590023002,5.975044117418696,11.955385106543874,4.060453350953985,1.0731440769495484,50.268763523974556,1.671890674979896,8.711674415314715
2021-02-23,6.005635916689597,3.8934949051652663,4.860996017810435,0.0,6.936624474977693,13.862012967608187,0.0,0.0,58.27728221956232,0.0,6.163953498186503
2021-02-24,28.652453834575216,18.59469608833269,0.0,0.0,0.0,0.0,22.417687843820282,0.0,0.0,0.0,30.335162233271816
2021-02-25,0.0,15.241193815529547,0.0,0.0,0.0,54.1690108391379,18.389491568375483,0.0,0.0,0.0,12.20030377695707
2021-02-26,17.686366355938656,11.530100076844874,0.0,0.0,0.0,40.70186083947215,13.814489280433358,0.0,0.0,5.683162372209772,10.584021075101187
2021-03-01,17.85251906585214,11.619431039066672,0.0,12.197405175220691,20.543094348932833,0.0,13.92720807082778,0.0,0.0,5.747658045100073,18.112684254999813
2021-03-02,28.927457752556997,18.848443654124004,0.0,0.0,0.0,0.0,22.550606844069222,5.9881950818279055,0.0,9.313890813536299,14.371405853885573
2021-03-03,0.0,74.96374398719935,0.0,0.0,0.0,0.0,0.0,0.0,0.0,0.0,25.03625601280065
2021-03-04,55.81883391621743,36.354038279851366,0.0,0.0,0.0,0.0,0.0,0.0,0.0,0.0,7.82712780393121
2021-03-05,56.3460812130225,0.0,0.0,0.0,0.0,0.0,0.0,0.0,0.0,18.143630169010688,25.510288617966808
2021-03-08,57.93433770178825,37.74824331045406,0.0,0.0,0.0,0.0,0.0,0.0,0.0,0.0,4.317418987757688
2021-03-09,33.21210271374422,21.653437418568682,0.0,22.699149571050945,0.0,0.0,0.0,0.0,0.0,10.624447811812637,11.81086248482351
2021-03-10,30.782458064145747,20.09320891610738,24.821067665003657,21.074689305071114,0.0,0.0,0.0,0.0,0.0,0.0,3.228576049672099
2021-03-11,0.0,40.038308142183205,0.0,0.0,0.0,0.0,47.8351131698552,0.0,0.0,0.0,12.126578687961597
2021-03-12,0.0,0.0,0.0,0.0,0.0,0.0,0.0,0.0,0.0,0.0,100.0
2021-03-15,25.10270869261864,16.3830852327566,20.254985929423817,0.0,0.0,0.0,19.575079518752865,5.180693113860708,0.0,0.0,13.503447512587371
2021-03-16,0.0,23.485807706786378,0.0,24.64955862797727,0.0,0.0,28.086261898118494,0.0,0.0,11.706834932136212,12.071536834981648
2021-03-17,38.46418849764142,25.092083881991243,0.0,26.328538657354166,0.0,0.0,0.0,0.0,0.0,0.0,10.11518896301317
2021-03-18,30.113103136524394,19.667690089405596,0.0,0.0,34.636999730185785,0.0,0.0,6.213118098981621,0.0,0.0,9.369088944902606
2021-03-19,0.0,29.85993673999074,36.91614684127182,0.0,0.0,0.0,0.0,0.0,0.0,14.854573212666894,18.36934320607055
2021-03-22,29.558800938667485,0.0,0.0,20.19910845784045,33.94769112062927,0.0,0.0,0.0,0.0,9.492505665527096,6.801893817335694
2021-03-23,0.0,0.0,0.0,0.0,45.50633983602088,0.0,30.840695784036033,0.0,0.0,12.705453667801478,10.94751071214161
2021-03-24,36.28756965800826,23.604346990688146,0.0,0.0,0.0,0.0,28.26556953405505,0.0,0.0,0.0,11.842513817248545
2021-03-25,15.462627039799104,10.018625757110549,0.0,10.512001786859807,0.0,35.30507094831027,0.0,3.1703180907303485,0.0,4.939587589097456,20.59176878809247
2021-03-26,26.825976508874426,17.41169768043757,0.0,0.0,30.675501001429783,0.0,0.0,0.0,0.0,8.566106131183991,16.520718678074232
2021-03-29,40.50716005217899,26.269161093420585,0.0,0.0,0.0,0.0,0.0,0.0,0.0,12.93391093442994,20.289767919970483
2021-03-30,38.67500791513842,0.0,0.0,0.0,0.0,0.0,30.017000158189255,0.0,0.0,12.390044345836884,18.91794758083544
2021-03-31,31.441386818455296,20.41249550371345,0.0,0.0,0.0,0.0,0.0,6.419897485488321,0.0,0.0,41.72622019234293
2021-04-01,0.0,22.491539340255443,0.0,0.0,39.618865823012044,0.0,26.861371164117653,0.0,0.0,0.0,11.028223672614862
2021-04-07,0.0,78.67052569636202,0.0,0.0,0.0,0.0,0.0,0.0,0.0,0.0,21.329474303637973
2021-04-08,0.0,62.63507459813377,0.0,0.0,0.0,0.0,0.0,0.0,0.0,0.0,37.36492540186623
2021-04-09,42.38048572064922,27.438017897306395,0.0,0.0,0.0,0.0,0.0,0.0,0.0,13.51376390323221,16.667732478812177
2021-04-12,28.08718932667052,0.0,0.0,0.0,31.973189213257157,0.0,0.0,0.0,0.0,0.0,39.939621460072324
2021-04-13,53.64767574382875,34.52468407720449,0.0,0.0,0.0,0.0,0.0,0.0,0.0,0.0,11.82764017896676
2021-04-14,52.79210067652692,33.91072522190666,0.0,0.0,0.0,0.0,0.0,0.0,0.0,0.0,13.29717410156642
2021-04-15,0.0,71.97182078446464,0.0,0.0,0.0,0.0,0.0,0.0,0.0,0.0,28.028179215535367
2021-04-16,53.56954745223752,34.46706858305387,0.0,0.0,0.0,0.0,0.0,0.0,0.0,0.0,11.963383964708608
2021-04-19,88.26805591384088,0.0,0.0,0.0,0.0,0.0,0.0,0.0,0.0,0.0,11.731944086159118
2021-04-20,26.11265009265352,16.77589507061333,0.0,0.0,29.551747373554832,0.0,20.046474890791487,0.0,0.0,0.0,7.513232572386831
2021-04-21,0.0,29.0643787433022,0.0,0.0,51.251210501924035,6.164251046563844,0.0,0.0,0.0,0.0,13.520159708209919
2021-04-22,0.0,30.46235142943327,0.0,0.0,0.0,0.0,0.0,0.0,0.0,15.018730112857453,54.518918457709276
2021-04-23,0.0,0.0,0.0,0.0,0.0,0.0,0.0,0.0,0.0,90.12712454544601,9.872875454553991
2021-04-26,59.20936893028607,38.01846773991592,0.0,0.0,0.0,0.0,0.0,0.0,0.0,0.0,2.772163329798018
2021-04-27,0.0,73.9995425332742,0.0,0.0,0.0,0.0,0.0,0.0,0.0,0.0,26.00045746672582
2021-04-28,36.90199826176082,23.70941924952184,0.0,24.8648851573334,0.0,0.0,0.0,0.0,0.0,0.0,14.523697331383934
2021-04-29,28.868862136367078,18.57154029349962,22.908457220629217,19.47067046020782,0.0,0.0,0.0,0.0,0.0,0.0,10.180469889296262
2021-04-30,0.0,26.74635339143263,0.0,28.0079978516807,0.0,0.0,31.900456790283638,0.0,0.0,0.0,13.345191966603032
2021-05-03,0.0,0.0,0.0,0.0,0.0,0.0,0.0,0.0,0.0,0.0,100.00000000000001
2021-05-05,0.0,20.712598576039593,0.0,0.0,36.39055382977753,0.0,24.707531156585887,6.554371636413436,0.0,0.0,11.634944801183558
2021-05-06,26.655686515838795,17.201699630568363,0.0,0.0,30.198459436168644,0.0,20.55387053622171,0.0,0.0,0.0,5.390283881202491
2021-05-07,0.0,40.830695514170976,0.0,0.0,0.0,0.0,48.984464017812535,0.0,0.0,0.0,10.184840468016485
2021-05-10,0.0,0.0,0.0,0.0,0.0,0.0,0.0,0.0,0.0,0.0,100.0
2021-05-11,20.611156272330465,13.263113566420243,0.0,13.948454583754714,23.34398030765133,0.0,15.875071299518384,0.0,0.0,0.0,12.958223970324866
2021-05-12,30.883264570718115,0.0,0.0,0.0,34.91443737758548,0.0,23.737251651303612,0.0,0.0,0.0,10.465046400392799
2021-05-13,35.86430793710352,0.0,0.0,24.27220103012125,0.0,0.0,27.61272114838571,0.0,0.0,0.0,12.250769884389525
2021-05-14,0.0,41.62281354737878,0.0,43.78194836286736,0.0,0.0,0.0,0.0,0.0,0.0,14.595238089753853
2021-05-17,26.54152915300385,17.049186480274575,21.00075891353626,17.95209286186004,0.0,0.0,0.0,0.0,0.0,8.379952266531435,9.076480324793838
2021-05-18,39.551793532660284,25.415243144636417,31.2729469905121,0.0,0.0,0.0,0.0,0.0,0.0,0.0,3.760016332191194
2021-05-20,0.0,30.232925658596564,0.0,0.0,0.0,0.0,36.18688496088615,9.572723147368615,0.0,14.854958567792078,9.152507665356595
2021-05-21,44.721974767220075,0.0,0.0,0.0,0.0,0.0,34.240271220571685,0.0,0.0,0.0,21.03775401220824
2021-05-24,30.847290523650976,19.704133446247813,0.0,20.760118150668454,0.0,0.0,23.59981355370838,0.0,0.0,0.0,5.088644325724376
2021-05-25,27.132445679284363,0.0,0.0,18.274653111760333,30.492172574156523,0.0,20.758913090625846,0.0,0.0,0.0,3.341815544172931
2021-05-26,38.469876209448095,24.56321740349603,0.0,0.0,0.0,0.0,29.416954285964366,0.0,0.0,0.0,7.54995210109151
2021-05-27,0.0,0.0,0.0,66.89281654329899,0.0,0.0,0.0,0.0,0.0,0.0,33.10718345670101
2021-05-28,34.070901229628724,0.0,0.0,0.0,38.284266647171236,0.0,26.049735070209795,0.0,0.0,0.0,1.5950970529902428
2021-05-31,0.0,40.134736936089524,0.0,0.0,0.0,0.0,48.07019904867916,0.0,0.0,0.0,11.795064015231318
2021-06-01,27.951680604378794,17.831106403334577,0.0,18.82468996548084,0.0,0.0,21.365485709648286,0.0,0.0,8.791732120192036,5.235305196965469
2021-06-02,75.60064932248596,0.0,0.0,0.0,0.0,10.193451171381064,0.0,0.0,0.0,0.0,14.205899506132965
2021-06-03,27.06987402017956,17.24414377036482,0.0,0.0,30.37715418458214,0.0,20.76848681634246,0.0,0.0,0.0,4.5403412085310215
2021-06-04,0.0,0.0,0.0,0.0,56.17806031232371,0.0,38.44456542496148,0.0,0.0,0.0,5.37737426271481
2021-06-07,0.0,31.175742734008026,0.0,0.0,0.0,0.0,37.76604611680533,0.0,0.0,0.0,31.058211149186654
2021-06-08,41.32721531296008,26.135459048756665,0.0,0.0,0.0,5.57615092198807,0.0,8.284718514589146,0.0,0.0,18.67645620170605
2021-06-09,39.34640384041758,24.89861377300651,0.0,26.530205553610898,0.0,5.315745232694623,0.0,0.0,0.0,0.0,3.9090316002703824
2021-06-10,27.649627722907077,17.50539650455376,0.0,0.0,31.012318734051153,0.0,21.198796080870164,0.0,0.0,0.0,2.6338609576178444
2021-06-11,0.0,59.40437690472473,0.0,0.0,0.0,0.0,0.0,0.0,0.0,0.0,40.59562309527528
2021-06-15,0.0,0.0,0.0,81.46431136719634,0.0,0.0,0.0,0.0,0.0,0.0,18.535688632803648
2021-06-16,0.0,0.0,0.0,0.0,0.0,0.0,0.0,0.0,0.0,0.0,100.0
2021-06-17,0.0,20.795780973143025,0.0,0.0,36.806991259535465,0.0,25.164131509508152,0.0,0.0,0.0,17.23309625781336
2021-06-18,0.0,29.781247624649552,0.0,0.0,52.74368350194483,0.0,0.0,9.44917367580755,0.0,0.0,8.025895197598068
2021-06-21,32.7620092150597,20.726918680476327,0.0,0.0,0.0,0.0,25.140442891291876,6.61499581635183,0.0,10.296373716371829,4.459259680448436
2021-06-22,0.0,0.0,0.0,0.0,0.0,24.423268279598734,0.0,36.5459243602811,0.0,0.0,39.030807360120164
2021-06-23,36.08723252028625,22.83702395853573,0.0,0.0,0.0,0.0,27.606287053577887,7.31375311399055,0.0,0.0,6.155703353609578
2021-06-24,31.178882913434116,19.700148425002,0.0,21.032799304712906,0.0,0.0,0.0,6.327804659707825,0.0,9.795454216136914,11.964910481006246
2021-06-25,0.0,66.19986719984713,0.0,0.0,0.0,0.0,0.0,21.28053592394254,0.0,0.0,12.519596876210333
2021-06-28,0.0,28.293363733300247,0.0,0.0,50.342957778753636,0.0,0.0,0.0,0.0,14.134004287636317,7.229674200309802
2021-06-29,0.0,66.46256028463786,0.0,0.0,0.0,0.0,0.0,21.538028961254653,0.0,0.0,11.999410754107487
2021-06-30,51.88698094676225,32.5578559056053,0.0,0.0,0.0,0.0,0.0,0.0,0.0,0.0,15.555163147632454
2021-07-02,26.20982566232493,16.44953548307144,0.0,17.68206632884923,29.384330463194168,0.0,0.0,0.0,0.0,0.0,10.27424206256023
2021-07-05,24.023818397508553,15.030949807725927,0.0,0.0,26.84656729159261,3.2207873125774373,18.29868224178426,0.0,0.0,7.500768400660414,5.078426548150795
2021-07-06,37.75332567434759,23.594316070014898,0.0,0.0,0.0,5.002395252168969,28.80805056286777,0.0,0.0,0.0,4.841912440600769
2021-07-07,52.264871558867455,32.6482790063462,0.0,0.0,0.0,0.0,0.0,10.593169728534162,0.0,0.0,4.4936797062521805
2021-07-08,34.864560955035614,21.758613511414666,0.0,0.0,0.0,4.6051410227794864,26.55214944621432,0.0,0.0,10.873787355532102,1.3457477090238141
2021-07-09,43.69097497703668,27.258322494064014,0.0,0.0,0.0,0.0,0.0,8.826302265433945,0.0,13.648214076878881,6.576186186586482
2021-07-12,26.508767668481664,16.616436990756466,0.0,17.865829062106787,0.0,3.5051791429870653,20.24282705076311,0.0,0.0,8.32735431537998,6.933605769524924
2021-07-13,0.0,0.0,0.0,0.0,0.0,0.0,0.0,0.0,0.0,0.0,100.0
2021-07-14,36.07897639540678,0.0,0.0,0.0,40.441613891098655,0.0,0.0,0.0,0.0,11.349563314315043,12.12984639917953
2021-07-15,40.63565409196783,25.514614073067477,0.0,0.0,0.0,0.0,0.0,8.25535228696446,0.0,0.0,25.594379548000234
2021-07-16,0.0,30.10439554530046,0.0,32.39549805792979,0.0,0.0,36.76232324173069,0.0,0.0,0.0,0.7377831550390564
2021-07-19,30.833548472101647,19.32476821782164,0.0,0.0,0.0,0.0,23.587777183629623,0.0,0.0,9.695150349339093,16.558755777108004
2021-07-20,30.15749975457826,18.88857378936559,23.639325369028537,0.0,0.0,0.0,23.099131364026647,0.0,0.0,0.0,4.215469723000972
2021-07-21,0.0,45.01317670371807,0.0,0.0,0.0,0.0,54.986823296281926,0.0,0.0,0.0,0.0
2021-07-22,39.583002578552545,24.77094057488392,0.0,0.0,0.0,0.0,30.270292660760806,0.0,0.0,0.0,5.375764185802733
2021-07-23,23.805809222742663,14.984925833702528,0.0,0.0,26.86252224254433,0.0,18.26594918559908,4.858400253065055,0.0,0.0,11.222393262346344
2021-07-26,7.952164642305845,5.00957978692394,0.0,0.0,8.975091273524658,0.0,0.0,0.0,75.03449133059128,0.0,3.0286729666542804
2021-07-27,70.67352672852526,0.0,0.0,0.0,0.0,0.0,0.0,14.485600938050972,0.0,0.0,14.840872333423764
2021-07-28,24.28517327209998,15.224330054036445,0.0,0.0,27.402489415028647,3.226356775825522,18.63040188123391,4.973185018609818,0.0,0.0,6.258063583165681
2021-07-29,0.0,21.262659419011552,0.0,22.836174631973858,38.04467278750073,0.0,0.0,0.0,0.0,10.685754715516586,7.17073844599728
2021-07-30,0.0,0.0,0.0,0.0,0.0,0.0,77.77358256094212,0.0,0.0,0.0,22.226417439057883
2021-08-02,0.0,23.59541344615183,0.0,0.0,42.19588624099823,0.0,0.0,7.6876276549677725,0.0,11.859859115977148,14.661213541905022
2021-08-03,0.0,79.13711236474882,0.0,0.0,0.0,0.0,0.0,0.0,0.0,0.0,20.86288763525118
2021-08-04,0.0,22.017456268632582,27.502774508867926,0.0,0.0,0.0,26.98832759519712,7.220844224084592,0.0,11.041014324708419,5.229583078509358
2021-08-05,0.0,66.26866473376309,0.0,0.0,0.0,13.969607532185774,0.0,0.0,0.0,0.0,19.761727734051124
2021-08-06,40.30586780744324,25.418407570530167,0.0,27.196920243391,0.0,0.0,0.0,0.0,0.0,0.0,7.078804378635597
2021-08-09,0.0,61.90240985716932,0.0,0.0,0.0,0.0,0.0,20.350781021320064,0.0,0.0,17.746809121510626
2021-08-10,0.0,28.26658623274923,0.0,0.0,50.34968301249359,0.0,0.0,9.277184150534348,0.0,0.0,12.106546604222832
2021-08-11,34.88553668679147,22.091636407633818,0.0,0.0,0.0,0.0,27.076959390346904,7.228998834065971,0.0,0.0,8.716868681161834
2021-08-12,0.0,0.0,0.0,0.0,0.0,0.0,0.0,0.0,0.0,0.0,100.0
2021-08-13,0.0,29.61784971831294,0.0,0.0,0.0,0.0,36.95287602264852,0.0,0.0,14.835553749695043,18.593720509343505
2021-08-16,0.0,0.0,0.0,0.0,65.48717284478559,0.0,0.0,0.0,0.0,18.40938644801246,16.103440707201948
2021-08-17,0.0,71.15654678484992,0.0,0.0,0.0,0.0,0.0,0.0,0.0,0.0,28.843453215150078
2021-08-18,0.0,92.46510285695304,0.0,0.0,0.0,0.0,0.0,0.0,0.0,0.0,7.534897143046957
2021-08-19,0.0,12.129735030171897,15.159174010228604,12.997272757140538,21.653309693568524,2.5582092253087283,15.137378605878482,3.964913457409759,0.0,6.117142237743904,10.282864982549565
2021-08-20,0.0,34.96848424289061,0.0,0.0,0.0,0.0,43.630183041876755,11.427217119314049,0.0,0.0,9.97411559591859
2021-08-23,0.0,33.62489660007856,0.0,0.0,0.0,0.0,41.94109037029413,0.0,0.0,0.0,24.434013029627316
2021-08-24,36.39904333726834,22.98933568621297,0.0,24.6687645970818,0.0,4.854863586493654,0.0,0.0,0.0,0.0,11.087992792943236
2021-08-25,0.0,0.0,0.0,0.0,0.0,0.0,0.0,0.0,0.0,0.0,100.0
2021-08-26,0.0,0.0,0.0,50.89960772683444,0.0,9.867585830822195,0.0,0.0,0.0,0.0,39.23280644234336
2021-08-27,19.256736606785513,12.174263068651427,15.200870231161487,0.0,21.718637837450284,2.4741894833418736,15.170559359674746,3.966164271962132,0.0,0.0,10.038579140972534
2021-08-30,28.52680899334768,18.051286058364546,0.0,0.0,32.17148159592384,3.5633176024661246,0.0,0.0,0.0,9.115577694159214,8.5715280557386
2021-08-31,51.804312022687036,32.75194704290188,0.0,0.0,0.0,6.4681099090942675,0.0,0.0,0.0,0.0,8.975631025316805
2021-09-01,0.0,20.20181214887581,0.0,0.0,36.0115390267123,4.046161149584969,25.190617619580518,6.581483645420992,0.0,0.0,7.968386409825412
2021-09-02,0.0,31.87147950727434,0.0,0.0,0.0,6.385165256936489,39.73016599638062,10.440460313196311,0.0,0.0,11.572728926212232
2021-09-03,0.0,0.0,0.0,0.0,10.190531426387375,0.0,0.0,1.878684383008311,85.53597790634957,0.0,2.394806284254746
2021-09-06,46.19970820193604,29.21701187182523,0.0,0.0,0.0,0.0,0.0,0.0,0.0,14.783426928606733,9.799852997631998
2021-09-07,36.5666325346502,23.167305947767446,0.0,0.0,0.0,0.0,28.79417953322238,7.520343644424991,0.0,0.0,3.9515383399349826
2021-09-08,31.213831302185017,19.80056464981152,0.0,0.0,0.0,3.968799578286883,24.614917577127997,0.0,0.0,10.01451803021569,10.387368862372895
2021-09-09,44.01283806464061,27.933319109258342,0.0,0.0,0.0,0.0,0.0,9.10943963238429,0.0,14.161474198170707,4.782928995546049
2021-09-13,0.0,30.886624871863745,0.0,0.0,0.0,0.0,38.41405833083514,10.050537149083745,0.0,15.707504074404666,4.941275573812706
2021-09-14,35.2292706675684,22.377917983851713,0.0,23.923511702789686,0.0,0.0,0.0,0.0,0.0,11.358476972641714,7.110822673148484
2021-09-15,57.52648896944509,36.54817672559285,0.0,0.0,0.0,0.0,0.0,0.0,0.0,0.0,5.925334304962061
2021-09-16,51.60913122411975,32.80708008616477,0.0,0.0,0.0,0.0,0.0,0.0,0.0,0.0,15.58378868971548
2021-09-17,40.914551665216194,25.97274794811805,0.0,0.0,0.0,0.0,0.0,0.0,0.0,13.198051328800684,19.91464905786507
2021-09-20,34.5343927904301,21.943859346985327,0.0,23.556048231486866,0.0,0.0,0.0,7.155994758219264,0.0,0.0,12.809704872878445
2021-09-21,33.05414009458222,21.01677298801332,0.0,0.0,37.55836165621147,0.0,0.0,0.0,0.0,0.0,8.370725261192987
2021-09-23,26.65958976111759,16.952561324906164,0.0,0.0,30.28435687199172,0.0,21.145366133153786,0.0,0.0,0.0,4.958125908830738
2021-09-24,0.0,71.53580690846753,0.0,0.0,0.0,0.0,0.0,0.0,0.0,0.0,28.464193091532458
2021-09-27,54.02240801527661,0.0,0.0,36.92342002802095,0.0,0.0,0.0,0.0,0.0,0.0,9.054171956702442
2021-09-28,37.67914396795953,23.965002941256017,0.0,0.0,0.0,0.0,29.956811550418237,0.0,0.0,0.0,8.399041540366214
2021-09-29,24.2277694916375,15.422968537246065,0.0,0.0,27.623951786391455,0.0,19.306911891335083,0.0,0.0,0.0,13.418398293389899
2021-09-30,0.0,40.07098374883282,0.0,43.101836500588426,0.0,0.0,0.0,0.0,0.0,0.0,16.827179750578754
2021-10-04,82.7816880796882,0.0,0.0,0.0,0.0,0.0,0.0,0.0,0.0,0.0,17.218311920311805
2021-10-05,0.0,0.0,27.471537583736332,0.0,39.36650849568206,0.0,27.509746873075514,0.0,0.0,0.0,5.652207047506094
2021-10-06,0.0,55.466752160250756,0.0,0.0,0.0,0.0,0.0,0.0,0.0,28.2971434902197,16.23610434952954
2021-10-07,0.0,44.38244769544028,0.0,0.0,0.0,0.0,0.0,0.0,0.0,22.75875135514702,32.858800949412704
2021-10-08,0.0,0.0,0.0,38.54319567486163,0.0,7.255103028401101,0.0,0.0,0.0,18.36243117360906,35.83927012312821
2021-10-11,25.406965617266497,16.169946495327785,0.0,0.0,0.0,3.3002819764527467,20.26225056268108,0.0,0.0,8.210373929423906,26.650181418847986
2021-10-12,49.83097815667432,31.70951073556511,0.0,0.0,0.0,6.460966635985778,0.0,0.0,0.0,0.0,11.998544471774792
2021-10-15,0.0,0.0,0.0,0.0,75.40845328993325,8.548916605786196,0.0,0.0,0.0,0.0,16.04263010428056
2021-10-18,0.0,64.37211493967473,0.0,0.0,0.0,0.0,0.0,0.0,0.0,0.0,35.62788506032527
2021-10-20,37.62691638187027,0.0,0.0,0.0,43.20055455918035,4.838393794325148,0.0,0.0,0.0,0.0,14.334135264624239
2021-10-21,31.18689997945947,0.0,0.0,21.489578144842845,35.80667417266306,0.0,0.0,0.0,0.0,0.0,11.516847703034628
2021-10-22,21.918159460315664,14.031870242490394,0.0,0.0,25.166130871957087,2.755924665800486,17.56449046485101,0.0,0.0,7.098606393931201,11.464817900654161
2021-10-26,0.0,73.13564260810261,0.0,0.0,0.0,14.353607555528166,0.0,0.0,0.0,0.0,12.510749836369222
2021-10-27,27.930302222919572,17.88379190001787,0.0,0.0,32.0846834112019,3.5082330715628656,0.0,0.0,0.0,9.072140009719636,9.520849384578153
2021-10-28,0.0,21.604106121144167,0.0,0.0,38.7533719589034,0.0,27.039499503972237,0.0,0.0,10.987583654124483,1.6154387618557133
2021-10-29,45.58292459932075,0.0,0.0,0.0,52.36005450117875,0.0,0.0,0.0,0.0,0.0,2.057020899500496
2021-11-01,0.0,25.68497962393657,0.0,0.0,46.04751361988619,0.0,0.0,0.0,0.0,13.095890402841329,15.171616353335908
2021-11-02,35.3390241277652,22.657893458620375,0.0,0.0,40.63418026322533,0.0,0.0,0.0,0.0,0.0,1.3689021503890941
2021-11-03,0.0,60.871633626611974,0.0,0.0,0.0,0.0,0.0,0.0,0.0,31.073430742230197,8.054935631157825
2021-11-04,0.0,0.0,0.0,0.0,69.03311804319662,0.0,0.0,0.0,0.0,0.0,30.966881956803377
2021-11-05,0.0,0.0,0.0,0.0,0.0,0.0,0.0,0.0,0.0,0.0,100.0
2021-11-08,51.82346680052515,33.20333094013433,0.0,0.0,0.0,6.511925047140074,0.0,0.0,0.0,0.0,8.461277212200446
2021-11-09,0.0,0.0,0.0,0.0,0.0,0.0,0.0,0.0,0.0,0.0,100.0
2021-11-10,0.0,0.0,0.0,0.0,0.0,0.0,0.0,0.0,0.0,0.0,100.0
2021-11-11,57.47011049883582,36.801541815460524,0.0,0.0,0.0,0.0,0.0,0.0,0.0,0.0,5.728347685703652
2021-11-12,0.0,50.25555187432634,0.0,0.0,0.0,9.820893516108713,0.0,0.0,0.0,0.0,39.92355460956494
2021-11-15,0.0,29.985793899951098,0.0,0.0,53.305616549500535,5.818421477202769,0.0,0.0,0.0,0.0,10.8901680733456
2021-11-16,18.474836253635683,11.971708130386688,0.0,12.74009621316037,21.25432562244494,2.2893332171864724,14.802980344646674,3.884563685980765,0.0,6.040668695844209,8.541487836714197
2021-11-17,38.15328935208668,24.828332596018665,0.0,26.3047206429966,0.0,4.722173759829396,0.0,0.0,0.0,0.0,5.99148364906866
2021-11-18,55.3579435987668,36.06529465167147,0.0,0.0,0.0,6.8458001622489935,0.0,0.0,0.0,0.0,1.730961587312731
2021-11-19,26.94042213852013,17.56361904535862,21.58042567143081,0.0,0.0,3.3240661890083145,21.584383728597814,0.0,0.0,0.0,9.007083227084312
2021-11-22,41.158670720580574,0.0,0.0,0.0,47.38003893488885,5.056055696509897,0.0,0.0,0.0,0.0,6.4052346480206825
2021-11-23,43.28632440439959,0.0,0.0,0.0,49.8299586525356,5.31712025602325,0.0,0.0,0.0,0.0,1.5665966870415593
2021-11-24,45.20190225577069,0.0,0.0,0.0,52.0338944437702,0.0,0.0,0.0,0.0,0.0,2.7642033004591084
2021-11-25,0.0,0.0,0.0,0.0,0.0,0.0,0.0,0.0,0.0,0.0,100.0
2021-11-26,74.56247588112717,0.0,0.0,0.0,0.0,9.160885722306332,0.0,0.0,0.0,0.0,16.276638396566497
2021-11-29,16.58821768786378,11.00874889976101,0.0,11.453559921660316,19.112875904295237,2.035504005260482,13.30016317569335,3.498108793806065,0.0,5.345906624134523,17.65691498752524
2021-11-30,23.52257831072693,15.598884479967424,0.0,16.220409379242973,27.09743290235686,2.8776925792963226,0.0,0.0,0.0,7.572033399224873,7.110968949184617
2021-12-01,39.449438024433356,26.134446028493524,0.0,0.0,0.0,4.769894509279821,0.0,0.0,0.0,0.0,29.646221437793294
2021-12-02,32.54314682515436,0.0,0.0,0.0,37.42786379334313,3.8965965714290265,0.0,0.0,0.0,0.0,26.132392810073487
2021-12-03,75.11546861842565,0.0,0.0,0.0,0.0,0.0,0.0,0.0,0.0,0.0,24.884531381574348
2021-12-06,0.0,68.29301454792618,0.0,0.0,0.0,0.0,0.0,0.0,0.0,0.0,31.70698545207382
2021-12-07,0.0,0.0,0.0,0.0,0.0,0.0,0.0,0.0,0.0,0.0,100.0
2021-12-08,0.0,74.57586844951832,0.0,0.0,0.0,0.0,0.0,0.0,0.0,0.0,25.424131550481675
2021-12-09,0.0,0.0,0.0,0.0,0.0,0.0,0.0,0.0,0.0,0.0,100.0
2021-12-10,82.95503231351432,0.0,0.0,0.0,0.0,0.0,0.0,0.0,0.0,0.0,17.044967686485684
2021-12-13,0.0,0.0,0.0,0.0,0.0,54.19351500452434,0.0,0.0,0.0,0.0,45.806484995475664
2021-12-14,0.0,40.5301157476885,0.0,0.0,0.0,7.321199438956776,48.953178429193294,0.0,0.0,0.0,3.1955063841614333
2021-12-16,0.0,42.44437176324084,0.0,0.0,0.0,0.0,0.0,13.48560128128822,0.0,20.58231279564572,23.487714159825224
2021-12-17,0.0,0.0,0.0,0.0,0.0,0.0,0.0,0.0,0.0,68.29910332236798,31.700896677632013
2021-12-20,29.520382373515886,19.60211730463069,0.0,0.0,34.021498640137125,0.0,0.0,0.0,0.0,9.559637885520916,7.296363796195381
2021-12-22,0.0,0.0,0.0,0.0,0.0,0.0,0.0,0.0,0.0,98.82158919651924,1.1784108034807532
2021-12-23,0.0,0.0,0.0,0.0,0.0,0.0,0.0,0.0,0.0,77.58056786251731,22.41943213748269
2021-12-28,0.0,50.43992269061527,0.0,0.0,0.0,0.0,0.0,0.0,0.0,24.601148967458403,24.958928341926324
2021-12-29,0.0,45.76724778336191,0.0,0.0,0.0,0.0,0.0,0.0,0.0,22.585679034373907,31.647073182264183
2021-12-30,0.0,0.0,0.0,0.0,0.0,0.0,0.0,0.0,0.0,0.0,100.0
2022-01-03,99.62122380480449,0.0,0.0,0.0,0.0,0.0,0.0,0.0,0.0,0.0,0.378776195195515
2022-01-04,0.0,15.216473251491577,0.0,15.934733326525894,26.64869747435427,2.769280343737314,18.52201935056486,0.0,0.0,7.641427721781842,13.267368531544243
2022-01-05,50.44415477303372,0.0,0.0,0.0,0.0,0.0,40.837131785010705,0.0,0.0,0.0,8.718713441955575
2022-01-07,0.0,36.39264127087978,0.0,38.20902694239827,0.0,6.534460328547829,0.0,0.0,0.0,0.0,18.863871458174128
2022-01-10,0.0,58.49935533311188,0.0,0.0,0.0,0.0,0.0,0.0,0.0,29.679944646018342,11.820700020869776
2022-01-11,45.91314718541577,30.143503723187727,0.0,0.0,0.0,5.462110786236025,0.0,0.0,0.0,0.0,18.481238305160478
2022-01-12,55.462383924799184,36.451283225663275,0.0,0.0,0.0,0.0,0.0,0.0,0.0,0.0,8.086332849537547
2022-01-13,46.204763728553246,0.0,0.0,32.16950903013933,0.0,0.0,0.0,0.0,0.0,15.522205128613098,6.103522112694322
2022-01-17,58.40055747984481,38.42141446008875,0.0,0.0,0.0,0.0,0.0,0.0,0.0,0.0,3.1780280600664406
2022-01-18,0.0,84.15949630946852,0.0,0.0,0.0,0.0,0.0,0.0,0.0,0.0,15.84050369053147
2022-01-19,35.915044963513864,23.54145435564333,0.0,24.976290710210865,0.0,0.0,0.0,0.0,0.0,11.992948501888748,3.574261468743193
2022-01-20,0.0,33.87747380364133,0.0,0.0,59.96238228912753,0.0,0.0,0.0,0.0,0.0,6.160143907231134
2022-01-21,57.47004519782401,37.916853956635855,0.0,0.0,0.0,0.0,0.0,0.0,0.0,0.0,4.613100845540139
2022-01-24,0.0,69.02426316064557,0.0,0.0,0.0,0.0,0.0,0.0,0.0,0.0,30.975736839354425
2022-01-25,0.0,92.0882478677346,0.0,0.0,0.0,0.0,0.0,0.0,0.0,0.0,7.9117521322654065
2022-01-26,82.73171265675884,0.0,0.0,0.0,0.0,0.0,0.0,0.0,0.0,0.0,17.268287343241166
2022-01-27,0.0,0.0,0.0,0.0,0.0,0.0,0.0,0.0,0.0,0.0,100.0
2022-01-28,0.0,0.0,0.0,0.0,0.0,0.0,0.0,0.0,0.0,0.0,100.0
2022-02-04,0.0,19.441414168316292,0.0,20.66655660972693,34.40730861700983,0.0,0.0,0.0,0.0,0.0,25.484720604946943
2022-02-07,0.0,80.97826232345821,0.0,0.0,0.0,0.0,0.0,0.0,0.0,0.0,19.02173767654179
2022-02-08,0.0,80.29670159789933,0.0,0.0,0.0,0.0,0.0,0.0,0.0,0.0,19.70329840210067
2022-02-09,50.68609059833066,0.0,41.13145128537485,0.0,0.0,0.0,0.0,0.0,0.0,0.0,8.182458116294494
2022-02-10,39.527097535887684,0.0,0.0,0.0,46.19589255893373,0.0,0.0,0.0,0.0,0.0,14.27700990517859
2022-02-11,0.0,64.42700600531174,0.0,0.0,0.0,0.0,0.0,0.0,0.0,0.0,35.57299399468827
2022-02-14,0.0,96.51170738811867,0.0,0.0,0.0,0.0,0.0,0.0,0.0,0.0,3.4882926118813358
2022-02-15,0.0,27.95059390775791,0.0,0.0,49.53415250995629,0.0,0.0,0.0,0.0,0.0,22.515253582285794
2022-02-16,0.0,76.54738231921854,0.0,0.0,0.0,0.0,0.0,0.0,0.0,0.0,23.452617680781458
2022-02-17,0.0,83.07308097034927,0.0,0.0,0.0,0.0,0.0,0.0,0.0,0.0,16.926919029650733
2022-02-18,54.2686120571228,35.70717753759268,0.0,0.0,0.0,0.0,0.0,0.0,0.0,0.0,10.024210405284524
2022-02-21,0.0,20.802563396050544,0.0,0.0,36.8876168554349,0.0,25.780501853955883,6.727264029284746,0.0,0.0,9.802053865273924
2022-02-22,18.030942345940662,11.897189531483786,0.0,12.693403127208455,21.090171279539156,2.167410969920239,14.86637454551448,0.0,0.0,6.094885273503251,13.159622926889972
2022-02-23,47.4870052974184,31.307011735367674,0.0,0.0,0.0,0.0,0.0,0.0,0.0,16.02917810874145,5.176804858472472
2022-02-24,44.32581698715531,0.0,0.0,0.0,51.80925987114412,0.0,0.0,0.0,0.0,0.0,3.864923141700576
2022-02-25,0.0,0.0,0.0,0.0,0.0,0.0,62.23996230721729,0.0,0.0,0.0,37.76003769278272
2022-02-28,48.97624045412678,32.26219267741905,0.0,0.0,0.0,0.0,0.0,0.0,0.0,0.0,18.761566868454164
2022-03-01,0.0,0.0,0.0,0.0,0.0,0.0,0.0,0.0,0.0,0.0,100.0
2022-03-02,53.43684766667699,35.09485284833086,0.0,0.0,0.0,0.0,0.0,0.0,0.0,0.0,11.468299484992151
2022-03-03,32.413162474214275,21.264787229994532,0.0,0.0,37.83496646707623,0.0,0.0,0.0,0.0,0.0,8.487083828714969
2022-03-04,0.0,0.0,0.0,0.0,76.63774508313485,0.0,0.0,13.97549522068084,0.0,0.0,9.386759696184317
2022-03-07,33.36060195984313,21.863094634474084,0.0,0.0,38.696697082003034,0.0,0.0,0.0,0.0,0.0,6.079606323679748
2022-03-08,0.0,27.794505455906815,0.0,0.0,49.21256957708113,0.0,0.0,0.0,0.0,0.0,22.99292496701206
2022-03-09,0.0,57.21857805375369,0.0,0.0,0.0,0.0,0.0,0.0,0.0,0.0,42.781421946246304
2022-03-10,0.0,0.0,0.0,0.0,65.57352818193884,0.0,0.0,11.969465753919767,0.0,0.0,22.457006064141396
2022-03-11,0.0,28.223189609399135,0.0,0.0,49.9602289808992,0.0,0.0,0.0,0.0,0.0,21.816581409701662
2022-03-14,54.822312223859484,0.0,0.0,0.0,0.0,0.0,0.0,11.571431851609958,0.0,0.0,33.60625592453056
2022-03-15,0.0,59.841465453648915,0.0,0.0,0.0,0.0,0.0,0.0,0.0,0.0,40.158534546351085
2022-03-16,36.83840847072494,24.169715590476827,0.0,25.827387577224947,0.0,0.0,0.0,0.0,0.0,0.0,13.164488361573282
2022-03-17,0.0,22.25506634268074,0.0,0.0,39.31166243215051,0.0,27.844957443488443,0.0,0.0,0.0,10.588313781680306
2022-03-18,40.141868713311005,26.367503350070177,0.0,0.0,0.0,4.795017853544102,0.0,8.505709702827534,0.0,13.5299855242219,6.659914856025282
2022-03-21,32.32178520284676,21.256735774109952,0.0,0.0,37.5293047894558,0.0,0.0,0.0,0.0,0.0,8.892174233587479
2022-03-22,0.0,0.0,0.0,0.0,0.0,0.0,0.0,0.0,0.0,0.0,100.0
2022-03-23,91.67231661542732,0.0,0.0,0.0,0.0,0.0,0.0,0.0,0.0,0.0,8.327683384572682
2022-03-24,0.0,29.023786050023837,0.0,0.0,51.309983467855304,0.0,0.0,9.3508080651266,0.0,0.0,10.315422416994263
2022-03-25,0.0,48.840199026818674,0.0,0.0,0.0,0.0,0.0,0.0,0.0,25.017647140093395,26.142153833087924
2022-03-28,0.0,25.36069558839597,0.0,0.0,44.84527583921934,0.0,0.0,0.0,0.0,13.033286882775617,16.760741689609077
2022-03-29,74.73972998878254,0.0,0.0,0.0,0.0,0.0,0.0,0.0,0.0,0.0,25.260270011217457
2022-03-30,23.936644929674124,15.728012210707181,0.0,0.0,27.79285993608441,0.0,19.698095385597757,0.0,0.0,8.07853173236782,4.765855805568708
2022-03-31,0.0,19.095141397356517,0.0,0.0,33.77788578526935,0.0,24.224127725238205,0.0,0.0,0.0,22.90284509213593
2022-04-01,21.923534991924182,14.35832930249232,0.0,0.0,25.46208316585138,2.6182223825132325,18.266208190115233,0.0,0.0,7.413328008208625,9.958293958895027
2022-04-04,0.0,58.993633932144185,0.0,0.0,0.0,0.0,0.0,0.0,0.0,0.0,41.00636606785582
2022-04-06,0.0,0.0,0.0,0.0,0.0,0.0,0.0,0.0,0.0,0.0,100.0
2022-04-07,0.0,89.21071213206957,0.0,0.0,0.0,0.0,0.0,0.0,0.0,0.0,10.789287867930424
2022-04-08,33.903185339229196,0.0,0.0,0.0,0.0,0.0,28.66551204965515,0.0,0.0,11.483070119733362,25.948232491382292
2022-04-11,0.0,0.0,0.0,0.0,0.0,0.0,0.0,0.0,0.0,0.0,100.0
2022-04-12,0.0,0.0,0.0,0.0,0.0,0.0,0.0,0.0,0.0,44.88008227509799,55.11991772490201
2022-04-13,0.0,0.0,0.0,0.0,0.0,0.0,0.0,21.620086405321914,0.0,34.61302723350487,43.766886361173206
2022-04-14,0.0,0.0,0.0,0.0,93.55523344755937,0.0,0.0,0.0,0.0,0.0,6.4447665524406315
2022-04-19,0.0,81.4700222082177,0.0,0.0,0.0,0.0,0.0,0.0,0.0,0.0,18.529977791782304
2022-04-20,53.356964711724075,34.92437177285759,0.0,0.0,0.0,0.0,0.0,0.0,0.0,0.0,11.718663515418331
2022-04-21,34.726227613310314,0.0,0.0,0.0,40.32247852712201,0.0,0.0,0.0,0.0,11.764484500884166,13.186809358683512
2022-04-22,0.0,87.33916469453109,0.0,0.0,0.0,0.0,0.0,0.0,0.0,0.0,12.660835305468908
2022-04-26,43.82183325483044,0.0,0.0,0.0,50.91105643718158,0.0,0.0,0.0,0.0,0.0,5.2671103079879815
2022-04-27,0.0,0.0,0.0,0.0,0.0,0.0,0.0,0.0,0.0,0.0,0.0
2022-04-29,0.0,0.0,0.0,0.0,0.0,0.0,0.0,0.0,0.0,0.0,99.99999999999999
2022-05-04,0.0,0.0,0.0,0.0,65.03732160700915,0.0,0.0,0.0,0.0,18.982426321830225,15.98025207116063
2022-05-05,29.270284355778646,19.204103765744467,0.0,0.0,34.06980150698596,0.0,0.0,0.0,0.0,10.014939803569845,7.440870567921076
2022-05-06,99.85370566452639,0.0,0.0,0.0,0.0,0.0,0.0,0.0,0.0,0.0,0.1462943354736137
2022-05-10,26.217842965777116,17.259759432955025,0.0,0.0,30.525756982949115,0.0,0.0,0.0,0.0,0.0,25.996640618318743
2022-05-11,43.39966091501644,28.527999264571076,0.0,0.0,0.0,0.0,0.0,0.0,0.0,0.0,28.072339820412488
2022-05-12,0.0,64.50082146418342,0.0,0.0,0.0,0.0,0.0,0.0,0.0,0.0,35.4991785358166
2022-05-13,0.0,0.0,43.8568567494972,0.0,0.0,0.0,0.0,0.0,0.0,0.0,56.1431432505028
2022-05-16,0.0,0.0,0.0,0.0,0.0,0.0,0.0,0.0,0.0,0.0,100.0
2022-05-18,68.98770292368127,0.0,0.0,0.0,0.0,0.0,0.0,0.0,0.0,23.653181574052233,7.359115502266499
2022-05-19,86.39130435034839,0.0,0.0,0.0,0.0,0.0,0.0,0.0,0.0,0.0,13.608695649651603
2022-05-20,0.0,76.7834266076872,0.0,0.0,0.0,0.0,0.0,0.0,0.0,0.0,23.21657339231279
2022-05-23,0.0,0.0,0.0,0.0,0.0,0.0,0.0,0.0,0.0,0.0,100.0
2022-05-24,0.0,76.58719495946352,0.0,0.0,0.0,0.0,0.0,0.0,0.0,0.0,23.412805040536476
2022-05-25,0.0,56.929915915310225,0.0,0.0,0.0,0.0,0.0,0.0,0.0,29.46165506504589,13.608429019643888
2022-05-26,0.0,20.439500593466136,0.0,21.90058200881902,36.200092291021036,3.8009100101438236,0.0,0.0,0.0,10.581188192130464,7.077726904419521
2022-05-27,0.0,74.6136689189428,0.0,0.0,0.0,0.0,0.0,0.0,0.0,0.0,25.38633108105719
2022-05-31,0.0,0.0,74.19890503216413,0.0,0.0,0.0,0.0,0.0,0.0,0.0,25.801094967835873
2022-06-01,55.95169591898542,36.89544312637604,0.0,0.0,0.0,0.0,0.0,0.0,0.0,0.0,7.152860954638543
2022-06-02,37.46780709288072,24.722253435089712,30.581955818914814,0.0,0.0,0.0,0.0,0.0,0.0,0.0,7.227983653114758
2022-06-06,0.0,0.0,0.0,0.0,0.0,0.0,96.64411235550368,0.0,0.0,0.0,3.355887644496329
2022-06-07,66.63010387897326,0.0,0.0,0.0,0.0,0.0,0.0,0.0,0.0,22.891872229445564,10.478023891581183
2022-06-08,0.0,0.0,0.0,0.0,0.0,0.0,0.0,0.0,0.0,0.0,100.0
2022-06-09,46.09715116289168,0.0,0.0,32.63436321660741,0.0,0.0,0.0,0.0,0.0,0.0,21.26848562050091
2022-06-10,0.0,0.0,0.0,0.0,0.0,0.0,0.0,0.0,0.0,57.09658818091478,42.90341181908523
2022-06-13,0.0,0.0,0.0,0.0,0.0,0.0,0.0,0.0,0.0,0.0,100.0
2022-06-14,0.0,25.79864225241027,0.0,0.0,45.72636580112693,0.0,0.0,0.0,0.0,13.50960876352468,14.96538318293812
2022-06-15,0.0,90.1744473829782,0.0,0.0,0.0,0.0,0.0,0.0,0.0,0.0,9.825552617021803
2022-06-16,0.0,0.0,0.0,0.0,0.0,0.0,0.0,0.0,0.0,0.0,100.0
2022-06-17,0.0,56.27409343848729,0.0,0.0,0.0,0.0,0.0,0.0,0.0,29.415036039242633,14.310870522270074
2022-06-20,0.0,0.0,0.0,0.0,0.0,0.0,0.0,0.0,0.0,0.0,100.0
2022-06-21,0.0,55.60642197454837,0.0,0.0,0.0,0.0,0.0,0.0,0.0,0.0,44.393578025451625
2022-06-22,0.0,33.697816301456335,0.0,0.0,0.0,0.0,43.348907382856176,0.0,0.0,17.696476584517654,5.256799731169831
2022-06-23,87.17536191834179,0.0,0.0,0.0,0.0,0.0,0.0,0.0,0.0,0.0,12.824638081658215
2022-06-24,0.0,28.58113296732499,0.0,0.0,50.55379418963612,0.0,0.0,0.0,0.0,15.018580357780065,5.846492485258819
2022-06-27,86.51124945788689,0.0,0.0,0.0,0.0,0.0,0.0,0.0,0.0,0.0,13.488750542113106
2022-06-28,0.0,0.0,0.0,0.0,67.20809414982277,0.0,0.0,0.0,0.0,19.934927104419778,12.85697874575745
2022-06-29,0.0,26.169346310276342,0.0,0.0,46.25945406819098,0.0,0.0,0.0,0.0,13.774929515597812,13.796270105934864
2022-06-30,0.0,0.0,0.0,0.0,94.54873250909193,0.0,0.0,0.0,0.0,0.0,5.451267490908062
2022-07-04,0.0,50.96863778320817,0.0,0.0,0.0,0.0,0.0,0.0,0.0,26.769331870404812,22.262030346387014
2022-07-05,0.0,78.9606090653221,0.0,0.0,0.0,0.0,0.0,0.0,0.0,0.0,21.039390934677897
2022-07-06,0.0,83.63034812266675,0.0,0.0,0.0,0.0,0.0,0.0,0.0,0.0,16.369651877333254
2022-07-07,0.0,0.0,0.0,0.0,0.0,0.0,0.0,0.0,0.0,0.0,100.0
2022-07-08,0.0,56.909031031455,0.0,0.0,0.0,0.0,0.0,18.357559365786276,0.0,0.0,24.733409602758723
2022-07-11,0.0,73.51499964108685,0.0,0.0,0.0,0.0,0.0,0.0,0.0,0.0,26.485000358913148
2022-07-12,55.61409220687724,36.73255744056748,0.0,0.0,0.0,0.0,0.0,0.0,0.0,0.0,7.653350352555273
2022-07-13,0.0,0.0,0.0,0.0,60.56583178851127,0.0,0.0,0.0,0.0,18.039811322364493,21.39435688912424
2022-07-14,51.17467174576726,33.801096138957135,0.0,0.0,0.0,0.0,0.0,0.0,0.0,0.0,15.024232115275602
2022-07-15,0.0,0.0,91.66052210849868,0.0,0.0,0.0,0.0,0.0,0.0,0.0,8.339477891501321
2022-07-18,89.55537806123878,0.0,0.0,0.0,0.0,0.0,0.0,0.0,0.0,0.0,10.444621938761221
2022-07-19,0.0,83.55814526510514,0.0,0.0,0.0,0.0,0.0,0.0,0.0,0.0,16.441854734894868
2022-07-20,0.0,89.55018371776337,0.0,0.0,0.0,0.0,0.0,0.0,0.0,0.0,10.449816282236622
2022-07-21,0.0,89.97676772717477,0.0,0.0,0.0,0.0,0.0,0.0,0.0,0.0,10.023232272825224
2022-07-22,0.0,80.15242830265967,0.0,0.0,0.0,0.0,0.0,0.0,0.0,0.0,19.84757169734033
2022-07-25,65.37644193144978,0.0,0.0,0.0,0.0,0.0,0.0,0.0,0.0,22.801150406902412,11.822407661647816
2022-07-26,0.0,0.0,0.0,0.0,0.0,0.0,0.0,0.0,0.0,0.0,100.0
2022-07-27,0.0,69.87857065008814,0.0,0.0,0.0,0.0,0.0,0.0,0.0,0.0,30.12142934991187
2022-07-28,0.0,0.0,0.0,0.0,0.0,0.0,0.0,0.0,0.0,0.0,100.0
2022-07-29,0.0,78.34344838221483,0.0,0.0,0.0,0.0,0.0,0.0,0.0,0.0,21.656551617785173
2022-08-01,0.0,0.0,0.0,0.0,0.0,0.0,0.0,0.0,0.0,0.0,100.0
2022-08-02,0.0,0.0,0.0,0.0,0.0,0.0,0.0,0.0,0.0,0.0,100.0
2022-08-03,56.259016512323726,37.2643912618092,0.0,0.0,0.0,0.0,0.0,0.0,0.0,0.0,6.476592225867074
2022-08-04,34.364022430332426,22.71838825707211,0.0,0.0,40.13760803707485,0.0,0.0,0.0,0.0,0.0,2.779981275520621
2022-08-05,92.31344094853554,0.0,0.0,0.0,0.0,0.0,0.0,0.0,0.0,0.0,7.686559051464465
2022-08-10,0.0,66.6636671256361,0.0,0.0,0.0,0.0,0.0,0.0,0.0,0.0,33.336332874363904
2022-08-11,55.3849055322024,36.620622218267975,0.0,0.0,0.0,0.0,0.0,0.0,0.0,0.0,7.994472249529628
2022-08-12,0.0,31.94089266240666,0.0,0.0,0.0,0.0,41.16909823729661,0.0,0.0,16.85006364955388,10.039945450742845
2022-08-15,97.85321860539936,0.0,0.0,0.0,0.0,0.0,0.0,0.0,0.0,0.0,2.1467813946006364
2022-08-16,0.0,0.0,0.0,0.0,0.0,0.0,0.0,0.0,0.0,0.0,100.0
2022-08-17,52.7708914677965,34.93638187405948,0.0,0.0,0.0,0.0,0.0,0.0,0.0,0.0,12.292726658144026
2022-08-18,0.0,62.30272074855805,0.0,0.0,0.0,0.0,0.0,20.103451226855963,0.0,0.0,17.59382802458598
2022-08-19,42.34631225902252,28.014976642651668,0.0,0.0,0.0,0.0,0.0,9.02590116236434,0.0,0.0,20.61280993596148
2022-08-22,0.0,0.0,0.0,0.0,0.0,0.0,0.0,0.0,0.0,0.0,100.0
2022-08-23,0.0,24.202519325639855,0.0,0.0,42.75756419236195,0.0,0.0,7.769544303639152,0.0,12.94053733826864,12.32983484009041
2022-08-24,0.0,0.0,0.0,29.4031278360672,48.47335387386332,0.0,0.0,0.0,0.0,14.759647749207842,7.363870540861642
2022-08-25,37.84962653655548,25.0269938633088,0.0,26.809277206922555,0.0,0.0,0.0,0.0,0.0,0.0,10.314102393213163
2022-08-26,0.0,0.0,0.0,0.0,0.0,0.0,0.0,0.0,0.0,0.0,100.0
2022-08-29,71.23297240905966,0.0,0.0,0.0,0.0,0.0,0.0,0.0,0.0,25.361922576303623,3.405105014636722
2022-08-30,0.0,0.0,0.0,0.0,0.0,0.0,0.0,0.0,0.0,0.0,100.0
2022-08-31,0.0,0.0,0.0,0.0,0.0,0.0,0.0,0.0,0.0,92.96059273998495,7.039407260015053
2022-09-01,0.0,100.0,0.0,0.0,0.0,0.0,0.0,0.0,0.0,0.0,0.0
2022-09-05,0.0,92.05785169407116,0.0,0.0,0.0,0.0,0.0,0.0,0.0,0.0,7.942148305928843
2022-09-06,0.0,0.0,0.0,0.0,0.0,0.0,94.79222281014317,0.0,0.0,0.0,5.2077771898568175
2022-09-07,0.0,0.0,0.0,0.0,0.0,0.0,0.0,0.0,0.0,0.0,100.0
2022-09-08,0.0,0.0,0.0,0.0,0.0,0.0,94.89872779077389,0.0,0.0,0.0,5.101272209226105
2022-09-09,0.0,90.13600140314799,0.0,0.0,0.0,0.0,0.0,0.0,0.0,0.0,9.863998596852003
2022-09-13,0.0,0.0,0.0,0.0,0.0,0.0,0.0,0.0,0.0,0.0,100.0
2022-09-14,45.601351532084614,0.0,0.0,0.0,53.27986230440852,0.0,0.0,0.0,0.0,0.0,1.1187861635068699
2022-09-15,0.0,34.64431544214198,0.0,0.0,61.30232511531377,0.0,0.0,0.0,0.0,0.0,4.053359442544252
2022-09-16,0.0,56.6557309994957,0.0,0.0,0.0,0.0,0.0,0.0,0.0,0.0,43.3442690005043
2022-09-19,0.0,83.25688927944591,0.0,0.0,0.0,0.0,0.0,0.0,0.0,0.0,16.743110720554093
2022-09-20,0.0,0.0,0.0,0.0,95.52514151686667,0.0,0.0,0.0,0.0,0.0,4.474858483133334
2022-09-21,0.0,24.97087896581913,0.0,26.79430913874526,44.16996220654146,0.0,0.0,0.0,0.0,0.0,4.064849688894144
2022-09-22,50.14766483615405,33.183371031693156,0.0,0.0,0.0,0.0,0.0,0.0,0.0,0.0,16.668964132152794
2022-09-23,0.0,0.0,0.0,0.0,0.0,0.0,0.0,0.0,0.0,0.0,100.0
2022-09-26,0.0,0.0,0.0,0.0,0.0,0.0,0.0,0.0,0.0,0.0,100.0
2022-09-27,88.7667645871164,0.0,0.0,0.0,0.0,0.0,0.0,0.0,0.0,0.0,11.233235412883602
2022-09-28,0.0,83.01159208512445,0.0,0.0,0.0,0.0,0.0,0.0,0.0,0.0,16.988407914875562
2022-09-29,78.43010590273458,0.0,0.0,0.0,0.0,0.0,0.0,0.0,0.0,0.0,21.569894097265415
2022-09-30,0.0,0.0,0.0,0.0,0.0,0.0,0.0,0.0,0.0,0.0,100.0
2022-10-03,0.0,30.2947275780019,0.0,0.0,53.45112431545598,0.0,0.0,0.0,0.0,0.0,16.25414810654212
2022-10-05,0.0,0.0,0.0,84.86257308122451,0.0,0.0,0.0,0.0,0.0,0.0,15.137426918775484
2022-10-06,0.0,96.26355785002238,0.0,0.0,0.0,0.0,0.0,0.0,0.0,0.0,3.7364421499776297
2022-10-07,0.0,0.0,0.0,0.0,0.0,0.0,0.0,0.0,0.0,99.81183545093003,0.18816454906996488
2022-10-10,0.0,0.0,0.0,0.0,0.0,0.0,0.0,0.0,0.0,0.0,100.0
2022-10-11,0.0,81.73222225413042,0.0,0.0,0.0,0.0,0.0,0.0,0.0,0.0,18.267777745869587
2022-10-12,0.0,33.05259206333176,0.0,0.0,58.20931407375816,0.0,0.0,0.0,0.0,0.0,8.73809386291008
2022-10-13,0.0,0.0,0.0,0.0,0.0,0.0,0.0,0.0,0.0,0.0,100.0
2022-10-14,0.0,0.0,0.0,0.0,0.0,0.0,0.0,0.0,0.0,0.0,100.0
2022-10-17,0.0,75.40877068190575,0.0,0.0,0.0,0.0,0.0,0.0,0.0,0.0,24.59122931809424
2022-10-18,0.0,64.95122875428419,0.0,0.0,0.0,0.0,0.0,0.0,0.0,35.04877124571581,0.0
2022-10-19,0.0,0.0,0.0,0.0,99.60893938650706,0.0,0.0,0.0,0.0,0.0,0.3910606134929334
2022-10-20,32.98135385413386,0.0,0.0,0.0,38.45951118034384,0.0,0.0,0.0,0.0,11.842975253629971,16.716159711892335
2022-10-21,0.0,0.0,0.0,0.0,0.0,0.0,0.0,0.0,0.0,0.0,100.0
2022-10-24,0.0,0.0,0.0,0.0,0.0,0.0,0.0,0.0,0.0,0.0,100.0
2022-10-25,77.18213040766038,0.0,0.0,0.0,0.0,0.0,0.0,0.0,0.0,0.0,22.817869592339626
2022-10-26,0.0,0.0,0.0,0.0,0.0,0.0,74.02671720221846,0.0,0.0,0.0,25.973282797781536
2022-10-27,0.0,40.0111005974737,0.0,0.0,0.0,0.0,51.507984507034664,0.0,0.0,0.0,8.480914895491631
2022-10-28,54.0757153318898,35.82149616557261,0.0,0.0,0.0,0.0,0.0,0.0,0.0,0.0,10.10278850253758
2022-10-31,0.0,0.0,0.0,90.28917557863252,0.0,0.0,0.0,0.0,0.0,0.0,9.710824421367487
2022-11-01,30.88032172194876,0.0,0.0,0.0,35.97111791917389,0.0,26.30270141793799,0.0,0.0,0.0,6.845858940939355
2022-11-02,0.0,0.0,0.0,0.0,0.0,0.0,0.0,0.0,0.0,0.0,100.0
2022-11-03,0.0,85.41796899521106,0.0,0.0,0.0,0.0,0.0,0.0,0.0,0.0,14.58203100478894
2022-11-04,0.0,0.0,0.0,0.0,0.0,0.0,0.0,0.0,0.0,0.0,100.0
2022-11-08,0.0,0.0,0.0,0.0,0.0,0.0,0.0,0.0,0.0,0.0,100.0
2022-11-09,35.25948668132301,23.31697343740447,0.0,25.0522356877571,0.0,0.0,0.0,0.0,0.0,0.0,16.37130419351542
2022-11-10,0.0,46.08263769670735,0.0,0.0,0.0,0.0,0.0,0.0,0.0,24.920197390183464,28.99716491310918
2022-11-11,88.61001627079662,0.0,0.0,0.0,0.0,0.0,0.0,0.0,0.0,0.0,11.389983729203376
2022-11-15,0.0,86.24013296267951,0.0,0.0,0.0,0.0,0.0,0.0,0.0,0.0,13.759867037320495
2022-11-16,0.0,0.0,0.0,0.0,0.0,0.0,0.0,0.0,0.0,0.0,100.0
2022-11-17,0.0,77.43899112165928,0.0,0.0,0.0,0.0,0.0,0.0,0.0,0.0,22.561008878340715
2022-11-18,0.0,0.0,0.0,0.0,0.0,0.0,0.0,0.0,0.0,0.0,100.0
2022-11-21,0.0,0.0,0.0,0.0,0.0,0.0,0.0,0.0,0.0,0.0,100.0
2022-11-23,31.107435440771606,20.508347473758302,0.0,0.0,36.18120603897216,0.0,0.0,0.0,0.0,0.0,12.203011046497927
2022-11-24,0.0,35.714947662703,0.0,0.0,62.947690218872644,0.0,0.0,0.0,0.0,0.0,1.3373621184243598
2022-11-25,0.0,0.0,0.0,0.0,0.0,0.0,0.0,0.0,0.0,0.0,100.0
2022-11-28,0.0,29.265227501442244,0.0,0.0,51.48529474827615,0.0,0.0,9.375970395030016,0.0,0.0,9.873507355251597
2022-11-29,0.0,0.0,0.0,0.0,0.0,0.0,0.0,0.0,0.0,0.0,100.0
2022-11-30,0.0,0.0,0.0,0.0,0.0,0.0,0.0,0.0,0.0,0.0,100.0
2022-12-01,0.0,0.0,0.0,0.0,0.0,0.0,0.0,0.0,0.0,0.0,100.0
2022-12-02,0.0,0.0,0.0,0.0,0.0,0.0,0.0,0.0,0.0,0.0,100.0
2022-12-05,0.0,0.0,0.0,0.0,0.0,0.0,0.0,0.0,0.0,0.0,100.0
2022-12-06,0.0,0.0,0.0,0.0,0.0,0.0,0.0,0.0,0.0,0.0,99.99999999999999
2022-12-07,0.0,29.99159434952199,0.0,0.0,0.0,0.0,38.97327277785833,0.0,0.0,16.341033040358454,14.694099832261234
2022-12-08,0.0,46.03214909622208,0.0,0.0,0.0,0.0,0.0,14.907101335304345,0.0,25.292619151110756,13.768130417362825
2022-12-09,32.00465090816351,20.982977488519026,26.162903005319055,0.0,0.0,0.0,0.0,6.781998888084612,0.0,0.0,14.067469709913793
2022-12-12,0.0,46.13370364888997,0.0,0.0,0.0,0.0,0.0,14.893420499626265,0.0,25.41911859511419,13.55375725636957
2022-12-13,0.0,51.630160389884395,0.0,0.0,0.0,9.679099590374415,0.0,0.0,0.0,28.43831614811098,10.252423871630207
2022-12-14,84.53992128114241,0.0,0.0,0.0,0.0,0.0,0.0,0.0,0.0,0.0,15.460078718857584
2022-12-15,37.45277897028142,0.0,0.0,26.642444134821357,0.0,0.0,31.864944570430136,0.0,0.0,0.0,4.039832324467084
2022-12-16,0.0,0.0,0.0,0.0,0.0,0.0,89.25038761631386,0.0,0.0,0.0,10.74961238368615
2022-12-19,17.344375153272644,11.3774022267562,0.0,12.35217447506578,20.1824364135685,0.0,14.700838589008663,0.0,0.0,0.0,24.042773142328212
2022-12-20,33.940477682865655,22.25481328045062,0.0,0.0,0.0,0.0,0.0,7.1763438406914,0.0,12.27932445182271,24.349040744169617
2022-12-21,0.0,0.0,0.0,67.1990695877737,0.0,0.0,0.0,0.0,0.0,0.0,32.80093041222629
2022-12-22,0.0,30.162416217417267,0.0,0.0,53.490947452826454,0.0,0.0,9.761992288096598,0.0,0.0,6.584644041659687
2022-12-23,0.0,0.0,0.0,0.0,0.0,0.0,0.0,0.0,0.0,0.0,100.0
2022-12-28,0.0,0.0,0.0,0.0,0.0,0.0,0.0,0.0,0.0,0.0,100.0
2022-12-29,0.0,39.0505706263379,0.0,42.42652059967213,0.0,0.0,0.0,0.0,0.0,0.0,18.522908773989975
2022-12-30,0.0,24.146810914138065,0.0,26.258566773623077,0.0,0.0,31.197900609445906,0.0,0.0,0.0,18.39672170279295
2023-01-03,0.0,0.0,0.0,0.0,0.0,0.0,0.0,0.0,0.0,0.0,100.0
2023-01-04,0.0,0.0,0.0,0.0,0.0,0.0,0.0,0.0,0.0,0.0,100.0
2023-01-05,0.0,0.0,0.0,0.0,0.0,0.0,0.0,0.0,0.0,0.0,100.0
2023-01-06,0.0,47.24276761403316,0.0,0.0,0.0,0.0,0.0,0.0,0.0,26.043750683101617,26.713481702865217
2023-01-10,0.0,0.0,0.0,0.0,0.0,19.865120162293177,0.0,0.0,0.0,0.0,80.13487983770683
2023-01-11,78.23302940111164,0.0,0.0,0.0,0.0,0.0,0.0,0.0,0.0,0.0,21.766970598888363
2023-01-12,0.0,0.0,0.0,0.0,0.0,0.0,0.0,0.0,0.0,0.0,100.00000000000001
2023-01-13,0.0,0.0,0.0,0.0,0.0,0.0,0.0,42.68267011348494,0.0,0.0,57.31732988651506
2023-01-16,37.43932405412358,24.58505262733555,0.0,26.763481239599727,0.0,0.0,0.0,0.0,0.0,0.0,11.212142078941142
2023-01-17,91.38081299473664,0.0,0.0,0.0,0.0,0.0,0.0,0.0,0.0,0.0,8.619187005263358
2023-01-18,0.0,0.0,0.0,76.15017085751707,0.0,0.0,0.0,0.0,0.0,0.0,23.84982914248292
2023-01-19,0.0,32.13749357470314,0.0,35.05515098377313,0.0,0.0,0.0,0.0,0.0,17.77740136893397,15.029954072589758
2023-01-27,0.0,0.0,0.0,86.54497406782443,0.0,0.0,0.0,0.0,0.0,0.0,13.455025932175564
2023-01-30,0.0,0.0,0.0,0.0,0.0,0.0,0.0,0.0,0.0,47.997785288544385,52.00221471145561
2023-01-31,35.718431101960405,23.407318567513844,0.0,25.588917704104663,0.0,0.0,0.0,0.0,0.0,0.0,15.285332626421091
2023-02-03,0.0,55.62676010263795,0.0,0.0,0.0,0.0,0.0,0.0,0.0,30.924308717776267,13.448931179585783
2023-02-06,49.81379932791525,32.63635409778041,0.0,0.0,0.0,0.0,0.0,0.0,0.0,0.0,17.549846574304347
2023-02-07,0.0,0.0,0.0,0.0,0.0,19.50781861655579,0.0,0.0,0.0,0.0,80.4921813834442
2023-02-08,0.0,69.03035983516676,0.0,0.0,0.0,0.0,0.0,0.0,0.0,0.0,30.96964016483324
2023-02-09,0.0,61.8863000792132,0.0,0.0,0.0,0.0,0.0,0.0,0.0,0.0,38.11369992078681
2023-02-10,0.0,0.0,0.0,0.0,0.0,0.0,0.0,0.0,0.0,0.0,99.99999999999999
2023-02-13,44.49468465980749,29.16376501710444,0.0,0.0,0.0,0.0,0.0,0.0,0.0,16.229357625096938,10.112192697991139
2023-02-14,0.0,53.25688847032664,0.0,0.0,0.0,0.0,0.0,0.0,0.0,0.0,46.74311152967336
2023-02-15,0.0,39.2966467980967,0.0,0.0,0.0,0.0,0.0,0.0,0.0,0.0,60.7033532019033
2023-02-16,0.0,40.37528627330539,0.0,0.0,0.0,0.0,0.0,0.0,0.0,0.0,59.62471372669461
2023-02-17,22.090271257616674,14.535024651148468,0.0,15.829779372178129,0.0,2.7115501805853395,0.0,4.698370897147996,0.0,8.058766989482438,32.07623665184096
2023-02-20,0.0,0.0,0.0,0.0,0.0,0.0,0.0,0.0,0.0,0.0,100.0
2023-02-21,0.0,40.52030215280554,0.0,0.0,0.0,0.0,0.0,0.0,0.0,0.0,59.47969784719446
2023-02-22,44.212082651860364,29.17826737767889,0.0,0.0,0.0,0.0,0.0,0.0,0.0,16.194260367310502,10.415389603150242
2023-02-23,21.43261357146999,0.0,0.0,15.409954883434654,25.14906336605503,0.0,18.29275237095426,0.0,0.0,0.0,19.715615808086067
2023-02-24,0.0,25.0724170255105,0.0,27.293654117104378,0.0,0.0,0.0,0.0,0.0,13.880252631845973,33.75367622553915
2023-02-27,0.0,0.0,0.0,0.0,0.0,0.0,0.0,0.0,0.0,23.6081980297726,76.3918019702274
2023-02-28,0.0,0.0,0.0,0.0,0.0,0.0,0.0,0.0,0.0,49.83381249498307,50.16618750501693
2023-03-01,19.63943160497911,12.971999417423094,0.0,14.130072754708703,23.070469001462946,0.0,0.0,0.0,0.0,7.135728996896088,23.052298224530066
2023-03-02,0.0,0.0,0.0,0.0,0.0,0.0,0.0,0.0,0.0,45.97623364021343,54.02376635978658
2023-03-03,0.0,20.37119497369733,0.0,22.226102007144668,36.3153894113512,0.0,0.0,0.0,0.0,11.143248331502983,9.94406527630382
2023-03-06,0.0,50.025660423859485,0.0,0.0,0.0,0.0,0.0,0.0,0.0,27.13904068834306,22.835298887797457
2023-03-07,0.0,40.481293922740164,0.0,0.0,0.0,0.0,0.0,13.054645851350072,0.0,21.83887497773424,24.625185248175523
2023-03-08,0.0,0.0,0.0,0.0,0.0,0.0,34.49475148045251,8.60525699486922,0.0,13.712003110186243,43.18798841449203
2023-03-09,0.0,31.850057235576013,0.0,0.0,0.0,0.0,0.0,0.0,0.0,16.318627214930284,51.8313155494937
2023-03-10,0.0,0.0,0.0,0.0,0.0,0.0,0.0,0.0,0.0,0.0,100.0
2023-03-13,46.584239127677314,30.799261300270064,0.0,0.0,0.0,0.0,0.0,0.0,0.0,0.0,22.616499572052625
2023-03-14,35.489201203197716,23.495074695578214,0.0,0.0,0.0,0.0,0.0,7.640885933731559,0.0,11.914168029682239,21.46067013781027
2023-03-15,0.0,0.0,0.0,0.0,44.06020253189604,0.0,32.08144124995947,0.0,0.0,12.52431470602566,11.334041512118828
2023-03-16,0.0,0.0,0.0,0.0,85.68561599672016,0.0,0.0,0.0,0.0,0.0,14.314384003279837
2023-03-17,0.0,0.0,0.0,0.0,0.0,0.0,42.12055225335188,10.579173841786789,0.0,16.405228315369094,30.895045589492234
2023-03-20,0.0,50.91062171222096,0.0,0.0,0.0,0.0,0.0,0.0,0.0,25.678631964243294,23.410746323535754
2023-03-21,42.98655103565997,28.538862779198524,0.0,0.0,0.0,0.0,0.0,0.0,0.0,14.295851775074391,14.178734410067113
2023-03-22,0.0,0.0,0.0,0.0,0.0,0.0,0.0,41.72708132855615,0.0,0.0,58.27291867144385
2023-03-23,64.56159228374615,0.0,0.0,0.0,0.0,0.0,0.0,0.0,0.0,0.0,35.43840771625385
2023-03-24,0.0,0.0,0.0,0.0,0.0,0.0,0.0,0.0,0.0,0.0,99.99999999999999
2023-03-27,0.0,30.71151001044444,0.0,0.0,54.51202085491431,0.0,0.0,0.0,0.0,0.0,14.776469134641257
2023-03-28,0.0,51.51286868201312,0.0,0.0,0.0,0.0,0.0,16.73404031382682,0.0,0.0,31.753091004160055
2023-03-29,0.0,70.3524732061797,0.0,0.0,0.0,0.0,0.0,0.0,0.0,0.0,29.6475267938203
2023-03-30,0.0,0.0,0.0,0.0,0.0,32.96445466172198,0.0,0.0,0.0,0.0,67.03554533827801
2023-03-31,0.0,0.0,0.0,0.0,0.0,0.0,0.0,0.0,0.0,63.90111687328242,36.09888312671758
2023-04-03,0.0,0.0,0.0,0.0,0.0,10.759568365032976,0.0,0.0,0.0,29.11008309069272,60.13034854427431
2023-04-04,0.0,0.0,0.0,0.0,0.0,0.0,0.0,0.0,0.0,51.214038222553924,48.78596177744606
2023-04-11,0.0,0.0,0.0,0.0,0.0,0.0,0.0,0.0,0.0,0.0,100.0
2023-04-19,0.0,0.0,0.0,0.0,0.0,0.0,0.0,0.0,0.0,0.0,100.0
2023-04-24,0.0,0.0,0.0,0.0,0.0,0.0,0.0,0.0,0.0,0.0,100.0
2023-04-28,0.0,0.0,0.0,0.0,0.0,0.0,0.0,0.0,0.0,0.0,100.0
2023-05-19,0.0,0.0,0.0,0.0,0.0,0.0,0.0,0.0,0.0,0.0,100.0
2023-06-12,0.0,96.87459654617977,0.0,0.0,0.0,0.0,0.0,0.0,0.0,0.0,3.1254034538202324
2023-06-20,0.0,0.0,0.0,0.0,0.0,0.0,0.0,0.0,0.0,0.0,100.0
2023-06-27,0.0,0.0,0.0,0.0,0.0,0.0,0.0,0.0,0.0,0.0,100.0
2023-07-18,43.72469987640785,0.0,0.0,0.0,51.712714556086205,0.0,0.0,0.0,0.0,0.0,4.562585567505951
2023-07-21,0.0,0.0,0.0,0.0,0.0,0.0,0.0,0.0,0.0,0.0,100.0
2023-07-26,0.0,0.0,0.0,0.0,0.0,0.0,0.0,0.0,0.0,0.0,100.0
2023-08-07,0.0,0.0,0.0,0.0,0.0,0.0,0.0,0.0,0.0,0.0,100.0
2023-08-08,55.91580804816216,0.0,0.0,44.08419195183784,0.0,0.0,0.0,0.0,0.0,0.0,0.0
2023-08-09,0.0,100.0,0.0,0.0,0.0,0.0,0.0,0.0,0.0,0.0,0.0
2023-08-10,0.0,0.0,0.0,0.0,100.0,0.0,0.0,0.0,0.0,0.0,0.0
2023-08-11,0.0,0.0,0.0,0.0,0.0,0.0,0.0,0.0,0.0,0.0,100.0
2023-08-18,0.0,0.0,0.0,0.0,97.13962464096578,0.0,0.0,0.0,0.0,0.0,2.8603753590342174
2023-08-21,0.0,0.0,0.0,0.0,0.0,0.0,0.0,0.0,0.0,0.0,100.0
2023-09-07,0.0,0.0,0.0,0.0,77.9323158071913,0.0,0.0,0.0,0.0,22.067684192808702,0.0
2023-09-11,0.0,0.0,0.0,99.99736386476343,0.0,0.0,0.0,0.0,0.0,0.0,0.0026361352365741175
2023-09-18,0.0,100.0,0.0,0.0,0.0,0.0,0.0,0.0,0.0,0.0,0.0
2023-09-19,0.0,0.0,0.0,0.0,0.0,0.0,0.0,0.0,0.0,0.0,99.99999999999999
2023-09-20,0.0,100.0,0.0,0.0,0.0,0.0,0.0,0.0,0.0,0.0,0.0
2023-10-10,0.0,0.0,0.0,0.0,0.0,0.0,0.0,0.0,0.0,0.0,0.0
2023-10-12,0.0,0.0,0.0,0.0,0.0,0.0,0.0,0.0,0.0,0.0,100.0
2023-10-24,0.0,0.0,0.0,0.0,0.0,0.0,0.0,0.0,0.0,0.0,100.0
2023-10-25,0.0,0.0,0.0,0.0,0.0,0.0,0.0,0.0,0.0,0.0,100.0
2023-11-02,0.0,0.0,0.0,0.0,0.0,0.0,0.0,0.0,0.0,0.0,100.0
2023-11-03,0.0,0.0,0.0,0.0,0.0,0.0,0.0,0.0,0.0,0.0,100.0
2023-11-06,0.0,0.0,0.0,0.0,0.0,0.0,0.0,0.0,0.0,0.0,0.0
2023-11-09,0.0,0.0,0.0,0.0,0.0,0.0,0.0,0.0,0.0,0.0,100.0
2023-11-13,0.0,0.0,0.0,0.0,0.0,0.0,0.0,0.0,0.0,0.0,100.0
2023-11-15,0.0,0.0,0.0,0.0,0.0,0.0,0.0,0.0,0.0,0.0,100.0
2023-11-17,0.0,0.0,0.0,0.0,0.0,0.0,0.0,67.66029154997834,0.0,0.0,32.33970845002167
2023-11-29,0.0,0.0,0.0,0.0,0.0,0.0,0.0,0.0,0.0,0.0,100.0
2023-11-30,0.0,0.0,0.0,0.0,0.0,0.0,0.0,0.0,0.0,0.0,100.0
2023-12-01,0.0,0.0,0.0,0.0,0.0,0.0,0.0,98.86631459742404,0.0,0.0,1.1336854025759515
2023-12-12,0.0,0.0,0.0,0.0,0.0,0.0,0.0,0.0,0.0,0.0,100.0
2023-12-20,0.0,0.0,0.0,0.0,0.0,0.0,0.0,0.0,0.0,0.0,100.0
2023-12-21,0.0,0.0,0.0,0.0,0.0,0.0,0.0,0.0,0.0,0.0,100.0
2024-01-10,0.0,0.0,0.0,0.0,0.0,0.0,0.0,0.0,0.0,0.0,100.0
2024-01-16,0.0,0.0,0.0,0.0,0.0,0.0,0.0,0.0,0.0,0.0,100.0
2024-01-24,0.0,100.0,0.0,0.0,0.0,0.0,0.0,0.0,0.0,0.0,0.0
2024-01-31,0.0,0.0,0.0,0.0,0.0,0.0,0.0,0.0,0.0,0.0,100.0
2024-02-05,0.0,0.0,0.0,0.0,0.0,0.0,0.0,0.0,0.0,0.0,100.0
2024-02-06,0.0,0.0,0.0,0.0,0.0,0.0,0.0,0.0,0.0,0.0,100.0
2024-02-15,0.0,0.0,0.0,0.0,0.0,0.0,0.0,0.0,0.0,0.0,100.0
2024-02-16,0.0,100.0,0.0,0.0,0.0,0.0,0.0,0.0,0.0,0.0,0.0
2024-03-04,0.0,0.0,0.0,0.0,0.0,0.0,0.0,0.0,0.0,0.0,100.0
2024-03-06,0.0,0.0,0.0,0.0,0.0,0.0,0.0,0.0,0.0,0.0,100.0
2024-03-18,0.0,0.0,0.0,0.0,0.0,0.0,0.0,0.0,0.0,0.0,100.0
2024-03-20,0.0,0.0,0.0,0.0,0.0,0.0,0.0,0.0,0.0,0.0,0.0
2024-03-21,0.0,0.0,0.0,0.0,0.0,0.0,0.0,0.0,0.0,0.0,100.0
2024-03-22,0.0,0.0,0.0,0.0,0.0,0.0,0.0,0.0,0.0,0.0,100.0
2024-04-03,55.00260082791837,0.0,0.0,44.99739917208163,0.0,0.0,0.0,0.0,0.0,0.0,0.0
2024-04-16,0.0,99.99714879238951,0.0,0.0,0.0,0.0,0.0,0.0,0.0,0.0,0.0028512076104866635
2024-04-17,0.0,0.0,0.0,0.0,0.0,0.0,0.0,0.0,0.0,0.0,100.0
2024-04-24,73.12229385938068,0.0,0.0,0.0,0.0,0.0,0.0,0.0,0.0,0.0,26.877706140619313
2024-04-25,0.0,0.0,0.0,0.0,0.0,0.0,0.0,0.0,0.0,0.0,100.0
2024-05-02,100.0,0.0,0.0,0.0,0.0,0.0,0.0,0.0,0.0,0.0,0.0
2024-05-03,0.0,98.2365568416504,0.0,0.0,0.0,0.0,0.0,0.0,0.0,0.0,1.763443158349601
2024-05-07,0.0,100.0,0.0,0.0,0.0,0.0,0.0,0.0,0.0,0.0,0.0
2024-05-14,0.0,0.0,0.0,0.0,0.0,0.0,0.0,0.0,0.0,0.0,100.0
2024-05-29,0.0,0.0,0.0,0.0,0.0,0.0,0.0,0.0,0.0,0.0,100.0
2024-05-31,10.947508007347391,7.492001450791687,9.485499888902314,8.880207104370388,13.430250274497915,1.35965443467994,9.717853978900411,2.360251198741431,0.0,3.743248966648558,32.58352469511996
2024-06-03,12.046331058923156,8.09843645232674,10.176155562238263,9.655772752170664,14.614916791059324,1.3592460648138283,10.571761281105992,2.5583130203238524,0.0,4.030971869816894,26.888095147221286
2024-06-04,13.595391347768604,9.097850697751117,11.398928715913994,10.835209329160003,16.572624121201336,1.5191187199480505,11.847382913756901,2.865040109974897,0.0,4.5242550317077725,17.744199012817326
2024-06-05,15.905644945542235,10.451284899230862,0.0,12.635878794452093,19.27601457907346,0.0,13.811204995761535,0.0,0.0,5.198639023605657,22.72133276233415
2024-06-06,14.423186240480126,9.381436450580095,12.056622521231276,11.448225284873619,17.479300766063897,0.0,12.525217674603342,0.0,0.0,4.6964413797074585,17.98956968246019
2024-06-07,18.61023533163649,12.119397902048675,0.0,0.0,22.582102892774746,0.0,16.16997629684196,0.0,0.0,6.063840697077535,24.454446879620598
2024-06-11,23.966318796049766,15.507803211547714,0.0,19.075183443955034,0.0,0.0,0.0,0.0,0.0,7.825917823637911,33.62477672480958
2024-06-12,41.761900544202526,27.009838153118583,0.0,0.0,0.0,0.0,0.0,0.0,0.0,0.0,31.22826130267889
2024-06-13,26.544380293176335,17.152123044267874,0.0,0.0,0.0,0.0,23.088842557497333,0.0,0.0,8.645562184821543,24.569091920236914
2024-06-14,18.994250065718127,12.231335164185067,15.890404509130985,0.0,23.03926688053962,0.0,16.492928996507846,0.0,0.0,0.0,13.351814383918358
2024-06-17,19.6580355515742,12.620132442512377,0.0,15.606428079502546,23.85604418181138,0.0,17.06814267832625,0.0,0.0,0.0,11.191217066273243
2024-06-18,25.437043843327622,0.0,0.0,20.191292310517753,0.0,0.0,0.0,5.353340218593808,0.0,8.296034717612486,40.72228890994833
2024-06-19,0.0,28.25035888071692,0.0,0.0,53.345432254109745,0.0,0.0,0.0,0.0,0.0,18.404208865173338
2024-06-20,27.567338636236467,17.727546596254236,0.0,0.0,33.44668534147361,0.0,0.0,5.8124181856005075,0.0,0.0,15.446011240435176
2024-06-21,34.85448299152426,22.066985881658884,0.0,0.0,0.0,3.8900052195142747,0.0,7.358824034102566,0.0,11.352321878150528,20.47737999504949
2024-06-24,0.0,0.0,0.0,31.685585870889078,0.0,0.0,34.71499947081945,0.0,0.0,13.042674164721928,20.556740493569546
2024-06-25,22.661870301036164,14.308864011866909,0.0,0.0,27.468593743270524,0.0,0.0,4.78669967787559,0.0,7.4335262866144145,23.340445979336394
2024-06-26,25.15673676273094,15.856939996810699,0.0,0.0,30.500781143555628,0.0,0.0,0.0,0.0,0.0,28.485542096902734
2024-06-27,50.6862376832469,31.92963107503407,0.0,0.0,0.0,0.0,0.0,0.0,0.0,0.0,17.384131241719025
2024-06-28,23.507399741446665,14.730178983999249,0.0,0.0,28.415206264243313,0.0,20.376557904352314,0.0,0.0,0.0,12.970657105958452
2024-07-02,31.558794100926413,19.635485342324525,26.239043277012502,0.0,0.0,0.0,0.0,0.0,0.0,10.384309089150303,12.18236819058625
2024-07-03,55.045692805327484,34.102226616123126,0.0,0.0,0.0,0.0,0.0,0.0,0.0,0.0,10.852080578549389
2024-07-04,8.057893027417387,4.993267246585406,0.0,0.0,0.0,0.0,0.0,0.0,81.67560302819449,0.0,5.273236697802724
2024-07-05,48.154878858454744,29.874679267052212,0.0,0.0,0.0,0.0,0.0,10.11170393275249,0.0,0.0,11.858737941740555
2024-07-08,48.06553924372488,0.0,0.0,37.84751547827005,0.0,0.0,0.0,0.0,0.0,0.0,14.086945278005079
2024-07-09,49.12025105664903,30.407349847080063,0.0,0.0,0.0,0.0,0.0,0.0,0.0,0.0,20.472399096270905
2024-07-10,28.008810546624336,0.0,0.0,0.0,33.80562216406498,3.092541796007326,0.0,0.0,0.0,9.163230048592554,25.929795444710805
2024-07-11,40.72955840441748,0.0,0.0,31.94292149109867,0.0,0.0,0.0,0.0,0.0,0.0,27.327520104483845
2024-07-12,26.818221763112334,0.0,0.0,20.97436010821324,32.22950051905962,0.0,0.0,5.605811095116472,0.0,0.0,14.372106514498327
2024-07-15,47.41119178373411,29.178506217336693,0.0,0.0,0.0,0.0,0.0,0.0,0.0,0.0,23.410301998929192
2024-07-16,48.647400202379835,0.0,0.0,0.0,0.0,0.0,41.72076665564353,0.0,0.0,0.0,9.631833141976632
2024-07-17,40.849052465026176,0.0,0.0,0.0,48.9270544210489,0.0,0.0,0.0,0.0,0.0,10.223893113924923
2024-07-18,0.0,66.60593448913052,0.0,0.0,0.0,0.0,0.0,0.0,0.0,0.0,33.394065510869474
2024-07-22,47.23803586521545,0.0,0.0,36.61241020042637,0.0,0.0,0.0,0.0,0.0,0.0,16.149553934358178
2024-07-23,0.0,0.0,0.0,0.0,0.0,0.0,0.0,0.0,0.0,0.0,100.0
2024-07-24,31.0103663627703,0.0,0.0,0.0,0.0,0.0,26.399041554544027,0.0,0.0,0.0,42.590592082685674
2024-07-25,0.0,0.0,0.0,46.17418468876783,0.0,0.0,0.0,0.0,0.0,0.0,53.82581531123216
2024-07-26,28.339219744896464,17.326434509140636,0.0,0.0,0.0,0.0,0.0,0.0,0.0,9.181328116341506,45.15301762962139
2024-07-29,36.05106796314006,22.051110831210217,0.0,0.0,0.0,0.0,30.704816417307807,0.0,0.0,0.0,11.193004788341913
2024-07-30,74.80271165696831,0.0,0.0,0.0,0.0,0.0,0.0,0.0,0.0,0.0,25.197288343031687
2024-07-31,23.289315369237165,14.250606962614516,0.0,18.044637915863106,27.807759197788595,0.0,0.0,0.0,0.0,0.0,16.60768055449662
2024-08-01,0.0,25.479554069731225,0.0,0.0,49.81443181714458,0.0,0.0,0.0,0.0,13.552249848651785,11.153764264472414
2024-08-02,22.356823195599347,13.629142961729729,0.0,0.0,26.51869814675689,0.0,0.0,0.0,0.0,7.267968227813794,30.227367468100237
2024-08-05,30.539941558460793,0.0,0.0,23.643893918535376,36.27365660157119,0.0,0.0,0.0,0.0,0.0,9.542507921432644
2024-08-06,37.62456390036398,22.943578418904185,0.0,0.0,0.0,0.0,0.0,7.792803401960876,0.0,0.0,31.639054278770963
2024-08-07,47.23222209639621,0.0,0.0,0.0,0.0,0.0,40.15181768846057,0.0,0.0,0.0,12.615960215143227
2024-08-08,36.90481694897225,0.0,0.0,28.51370150219091,0.0,0.0,0.0,0.0,0.0,0.0,34.58148154883685
2024-08-09,53.838843432717944,32.83155238875139,0.0,0.0,0.0,0.0,0.0,0.0,0.0,0.0,13.329604178530673
2024-08-12,58.46038477121381,35.65754331597625,0.0,0.0,0.0,0.0,0.0,0.0,0.0,0.0,5.882071912809937
2024-08-13,29.01435365120784,0.0,23.71155878511747,0.0,34.41251483306708,0.0,0.0,0.0,0.0,0.0,12.861572730607609
2024-08-14,20.222405492912753,12.258290125261844,0.0,15.642394579802607,24.04849145468153,0.0,0.0,4.172289011298234,0.0,6.560881379382099,17.095247956660938
2024-08-15,0.0,0.0,0.0,24.556475625410027,0.0,0.0,27.04533181701281,0.0,0.0,0.0,48.39819255757716
2024-08-16,22.44774587555985,13.611417403604955,0.0,17.343551195848303,26.700899072954133,0.0,0.0,0.0,0.0,7.282985173959417,12.613401278073344
2024-08-19,19.80488492454935,0.0,0.0,15.279133730198605,23.5424511454113,0.0,16.832000025913043,4.081597957865678,0.0,0.0,20.459932216062025
2024-08-20,88.58312112587576,0.0,0.0,0.0,0.0,0.0,0.0,0.0,0.0,0.0,11.416878874124237
2024-08-21,0.0,0.0,0.0,0.0,50.69098722427285,0.0,36.16674812988414,0.0,0.0,0.0,13.142264645842998
2024-08-22,0.0,0.0,0.0,0.0,74.81322873674378,0.0,0.0,0.0,0.0,0.0,25.18677126325621
2024-08-23,0.0,33.292088794571065,0.0,0.0,65.35207400132062,0.0,0.0,0.0,0.0,0.0,1.3558372041083238
2024-08-26,0.0,0.0,0.0,0.0,49.64947815872074,0.0,0.0,0.0,0.0,0.0,50.35052184127926
2024-08-27,25.41494308401353,15.364247975158223,0.0,0.0,30.205197542509755,2.7532996000697016,0.0,0.0,0.0,8.193336042222072,18.068975756026717
2024-08-28,26.51425022439313,15.997748061404593,21.615043506980598,0.0,31.498835243144185,2.8700557294435547,0.0,0.0,0.0,0.0,1.504067234633936
2024-08-29,55.687745438671776,33.53144655020184,0.0,0.0,0.0,0.0,0.0,0.0,0.0,0.0,10.780808011126378
2024-08-30,79.13930582901656,0.0,0.0,0.0,0.0,0.0,0.0,0.0,0.0,0.0,20.86069417098344
2024-09-02,26.161475202097233,15.741121341539998,0.0,0.0,30.9883707942467,0.0,22.080169463781854,0.0,0.0,0.0,5.028863198334211
2024-09-03,29.092272586862904,17.448019371669492,0.0,0.0,34.33098985738937,0.0,0.0,0.0,0.0,0.0,19.128718184078238
2024-09-04,28.931076826309987,0.0,0.0,0.0,34.35253325406263,0.0,0.0,0.0,0.0,0.0,36.71638991962738
2024-09-05,95.16189941839399,0.0,0.0,0.0,0.0,0.0,0.0,0.0,0.0,0.0,4.838100581606008
2024-09-09,38.02713391742478,0.0,0.0,0.0,45.195954622553444,0.0,0.0,0.0,0.0,0.0,16.77691146002178
2024-09-11,0.0,0.0,0.0,0.0,68.73280211833703,0.0,0.0,0.0,0.0,0.0,31.267197881662973
2024-09-12,88.28349695928199,0.0,0.0,0.0,0.0,0.0,0.0,0.0,0.0,0.0,11.716503040718003
2024-09-19,0.0,19.35514964182861,0.0,0.0,38.05586589562044,0.0,27.16700833445154,0.0,0.0,10.354158365552736,5.067817762546667
2024-09-20,86.27053060058229,0.0,0.0,0.0,0.0,0.0,0.0,0.0,0.0,0.0,13.729469399417706
2024-09-23,31.15221002236585,18.818629207777988,0.0,0.0,37.000944576415556,0.0,0.0,0.0,0.0,0.0,13.028216193440608
2024-09-24,26.7269302304673,16.14162278287182,0.0,0.0,31.74748851083926,0.0,22.662098126564175,0.0,0.0,0.0,2.721860349257442
2024-09-25,37.10301576264356,0.0,0.0,0.0,44.013043214676564,0.0,0.0,0.0,0.0,12.025237142850006,6.858703879829864
2024-09-26,23.356687318331,14.10147684758584,0.0,0.0,27.648723421219103,0.0,0.0,4.807384739310798,0.0,7.602078008352642,22.483649665200613
2024-09-27,35.354903322179396,0.0,0.0,0.0,41.85128727195743,0.0,0.0,0.0,0.0,11.464992835616851,11.328816570246321
2024-09-30,21.19400284943248,12.791355116359451,0.0,16.33232549715149,25.094144920104718,0.0,17.963647299895737,0.0,0.0,0.0,6.624524317056129
2024-10-02,23.29097182007435,14.051592559434303,0.0,0.0,27.510114190289364,0.0,0.0,0.0,0.0,7.555969902707519,27.59135152749446
2024-10-03,16.528710167312642,9.94127013262922,0.0,12.700849422474928,19.473889427356468,1.7955460049346457,14.008049037283191,0.0,0.0,5.444798051296941,20.106887756711963
2024-10-04,17.547341667749507,10.513016543391357,0.0,13.406940994309055,20.580437495214365,0.0,14.780000892741832,3.594861391461894,0.0,5.780660231037635,13.796740784094354
2024-10-07,18.53701305421777,11.125716857526339,0.0,14.147585661697478,21.693592635646578,0.0,15.604248659242389,0.0,0.0,6.110058760175344,12.781784371494105
2024-10-08,23.161657579641002,13.875927470067284,0.0,17.712392064921787,0.0,0.0,19.515136062246157,4.75663193823693,0.0,0.0,20.97825488488684
2024-10-09,22.215379219726575,13.2969240955212,0.0,16.953818452348994,0.0,0.0,18.72891356179569,0.0,0.0,7.339908029191294,21.46505664141624
2024-10-10,0.0,25.568533946101606,0.0,0.0,0.0,0.0,35.91819201569824,0.0,0.0,14.111377475502893,24.401896562697264
2024-10-14,36.37638904946473,21.82420703660119,0.0,27.606868954867263,0.0,0.0,0.0,0.0,0.0,0.0,14.192534959066816
2024-10-15,32.06233646616056,19.239573645584894,0.0,24.317495499698218,0.0,0.0,0.0,6.531452974789137,0.0,10.608763501524958,7.240377912242234
2024-10-16,29.68685791717181,17.751697529820543,0.0,0.0,34.81904985412646,0.0,0.0,0.0,0.0,0.0,17.742394698881185
2024-10-17,63.66340138240465,0.0,0.0,0.0,0.0,0.0,0.0,0.0,0.0,0.0,36.33659861759536
2024-10-18,0.0,37.4914723601847,0.0,47.48555929913445,0.0,0.0,0.0,0.0,0.0,0.0,15.022968340680851
2024-10-21,0.0,0.0,0.0,0.0,0.0,0.0,0.0,0.0,0.0,0.0,100.0
2024-10-22,32.13526398609965,19.156586903922967,0.0,0.0,37.670194242196544,0.0,0.0,0.0,0.0,0.0,11.037954867780837
2024-10-23,0.0,0.0,0.0,0.0,0.0,0.0,0.0,0.0,0.0,0.0,100.0
2024-10-24,69.09816532664624,0.0,0.0,0.0,0.0,0.0,0.0,0.0,0.0,23.044827714323183,7.857006959030589
2024-10-25,30.7922242611843,0.0,25.112665315975846,23.380796193600258,0.0,0.0,0.0,0.0,0.0,10.28226460386685,10.432049625372748
2024-10-28,0.0,21.942315676644185,0.0,27.876464892228032,43.11985379321056,0.0,0.0,0.0,0.0,0.0,7.061365637917225
2024-10-29,30.66541594338494,18.335481145843936,0.0,0.0,36.04100261398913,0.0,0.0,0.0,0.0,0.0,14.958100296782003
2024-10-30,47.24126300278841,0.0,0.0,0.0,0.0,0.0,40.14765880873046,0.0,0.0,0.0,12.611078188481128
2024-10-31,0.0,89.99828504989323,0.0,0.0,0.0,0.0,0.0,0.0,0.0,0.0,10.001714950106782
2024-11-01,92.06688009678983,0.0,0.0,0.0,0.0,0.0,0.0,0.0,0.0,0.0,7.9331199032101765
2024-11-04,0.0,0.0,0.0,0.0,0.0,0.0,0.0,0.0,0.0,0.0,100.0
2024-11-06,88.05154591651834,0.0,0.0,0.0,0.0,0.0,0.0,0.0,0.0,0.0,11.948454083481662
2024-11-07,0.0,46.92931545925006,0.0,0.0,0.0,8.395490886409696,0.0,0.0,0.0,26.310278239969165,18.364915414371072
2024-11-08,0.0,54.820077135363555,0.0,0.0,0.0,0.0,0.0,0.0,0.0,30.721806014910324,14.458116849726125
2024-11-11,37.5488947047363,0.0,0.0,0.0,0.0,0.0,31.85190060585078,7.703601173123216,0.0,0.0,22.8956035162897
2024-11-12,68.46066135123237,0.0,0.0,0.0,0.0,0.0,0.0,0.0,0.0,23.1660428474936,8.373295801274024
2024-11-13,0.0,0.0,0.0,0.0,0.0,0.0,0.0,0.0,0.0,0.0,100.0
2024-11-14,0.0,37.97342535251988,0.0,0.0,0.0,0.0,0.0,12.907409219192854,0.0,21.315653054384274,27.80351237390299
2024-11-15,0.0,0.0,0.0,0.0,0.0,0.0,0.0,0.0,0.0,25.834144942958936,74.16585505704107
2024-11-18,93.58752125371736,0.0,0.0,0.0,0.0,0.0,0.0,0.0,0.0,0.0,6.412478746282652
2024-11-19,0.0,0.0,0.0,0.0,0.0,0.0,0.0,0.0,0.0,0.0,100.00000000000001
2024-11-20,0.0,0.0,0.0,0.0,0.0,0.0,91.64766605185133,0.0,0.0,0.0,8.352333948148672
2024-11-21,36.200810245960454,0.0,0.0,0.0,0.0,0.0,30.77472189401384,0.0,0.0,0.0,33.02446786002571
2024-11-22,34.14841548901732,20.613691054866006,0.0,0.0,40.50610878654681,0.0,0.0,0.0,0.0,0.0,4.731784669569865
2024-11-25,43.34948687242657,0.0,0.0,0.0,51.409819382797664,0.0,0.0,0.0,0.0,0.0,5.240693744775771
2024-11-26,83.21236130210278,0.0,0.0,0.0,0.0,0.0,0.0,0.0,0.0,0.0,16.78763869789722
2024-11-27,25.750158167502295,15.537371707564857,0.0,0.0,30.532325532558673,0.0,0.0,0.0,0.0,0.0,28.180144592374173
2024-11-28,0.0,0.0,0.0,0.0,90.42099921825974,0.0,0.0,0.0,0.0,0.0,9.579000781740271
2024-11-29,33.39832769626937,20.163915324124265,0.0,0.0,39.62060030766844,0.0,0.0,0.0,0.0,0.0,6.817156671937919
2024-12-02,21.73072424221821,13.116408788337228,0.0,0.0,25.767144594710878,0.0,0.0,0.0,0.0,7.396103024859901,31.989619349873784
2024-12-03,32.993399907437244,19.97847012315651,0.0,0.0,39.123294493169645,0.0,0.0,0.0,0.0,0.0,7.904835476236607
2024-12-04,43.940227968671955,0.0,0.0,0.0,0.0,0.0,37.38201154617944,0.0,0.0,0.0,18.677760485148603
2024-12-05,26.049448047677316,0.0,0.0,20.000724546785964,30.92069976570339,0.0,0.0,0.0,0.0,8.87750676751304,14.151620872320287
2024-12-06,50.329197059362365,0.0,0.0,0.0,0.0,0.0,42.83886784840526,0.0,0.0,0.0,6.831935092232387
2024-12-09,41.204786781717765,0.0,0.0,0.0,0.0,0.0,35.09537406524984,0.0,0.0,0.0,23.69983915303239
2024-12-10,0.0,0.0,0.0,0.0,0.0,0.0,76.8456092789725,0.0,0.0,0.0,23.154390721027497
2024-12-11,25.663975105145376,0.0,0.0,0.0,30.493035981828676,0.0,21.881117677168294,0.0,0.0,0.0,21.961871235857654
2024-12-12,22.01045549431425,13.356656457623437,0.0,0.0,26.13841435339706,2.38622377159544,18.760712417141498,0.0,0.0,0.0,17.347537505928315
2024-12-13,0.0,0.0,0.0,0.0,0.0,0.0,0.0,0.0,0.0,0.0,100.0
2024-12-16,0.0,0.0,0.0,0.0,73.90158949448957,0.0,0.0,0.0,0.0,0.0,26.09841050551043
2024-12-17,32.24094334776585,19.596457237230307,0.0,0.0,38.2662189503152,0.0,0.0,0.0,0.0,0.0,9.896380464688638
2024-12-18,0.0,66.30841188887828,0.0,0.0,0.0,0.0,0.0,0.0,0.0,0.0,33.69158811112172
2024-12-19,0.0,0.0,0.0,0.0,57.584856094539305,0.0,0.0,0.0,0.0,0.0,42.41514390546069
2024-12-20,0.0,0.0,0.0,0.0,0.0,0.0,0.0,0.0,0.0,0.0,100.0
2024-12-23,44.520949869419134,0.0,0.0,0.0,0.0,0.0,37.99261219616204,0.0,0.0,0.0,17.486437934418817
2024-12-27,99.66464448306182,0.0,0.0,0.0,0.0,0.0,0.0,0.0,0.0,0.0,0.33535551693818216
2024-12-30,0.0,0.0,0.0,22.803706200802246,35.21372168570247,0.0,25.291042282040095,0.0,0.0,10.116401380848886,6.575128450606311
2025-01-02,0.0,67.19305480911783,0.0,0.0,0.0,0.0,0.0,0.0,0.0,0.0,32.806945190882175
2025-01-03,54.57007982443085,33.698370693035436,0.0,0.0,0.0,0.0,0.0,0.0,0.0,0.0,11.73154948253372
2025-01-07,0.0,0.0,40.729178421963475,0.0,0.0,0.0,42.2006485563456,10.165657838577772,0.0,0.0,6.904515183113156
2025-01-09,0.0,0.0,0.0,0.0,0.0,0.0,0.0,0.0,0.0,0.0,100.00000000000001
2025-01-13,0.0,92.37941197939284,0.0,0.0,0.0,0.0,0.0,0.0,0.0,0.0,7.620588020607158
2025-01-14,0.0,28.373515082207756,0.0,0.0,54.86387171681055,0.0,0.0,0.0,0.0,0.0,16.76261320098169
2025-01-15,51.4038252938728,0.0,0.0,39.76126192149852,0.0,0.0,0.0,0.0,0.0,0.0,8.834912784628685
2025-01-16,0.0,29.786270237115986,0.0,0.0,57.68453766944038,0.0,0.0,0.0,0.0,0.0,12.529192093443633
2025-01-17,0.0,0.0,0.0,0.0,60.34533261972233,0.0,0.0,0.0,0.0,17.327938550559285,22.32672882971839
2025-01-20,0.0,82.58514067600298,0.0,0.0,0.0,0.0,0.0,0.0,0.0,0.0,17.414859323997025
2025-01-21,54.43420202636292,33.56144854051122,0.0,0.0,0.0,0.0,0.0,0.0,0.0,0.0,12.00434943312585
2025-01-22,64.28074619284612,0.0,0.0,0.0,0.0,0.0,0.0,0.0,0.0,22.049318332432225,13.669935474721653
2025-01-23,30.749608777966053,0.0,0.0,23.785036691655066,36.76137193453996,0.0,0.0,0.0,0.0,0.0,8.70398259583892
2025-01-24,32.088796033432516,19.801248087622213,0.0,0.0,38.36565504233301,0.0,0.0,0.0,0.0,0.0,9.744300836612265
2025-01-27,57.0795006401105,35.211446343337435,0.0,0.0,0.0,0.0,0.0,0.0,0.0,0.0,7.709053016552058
2025-02-03,53.89080872306066,33.211507084975906,0.0,0.0,0.0,0.0,0.0,0.0,0.0,0.0,12.897684191963434
2025-02-04,0.0,72.13624545005972,0.0,0.0,0.0,0.0,0.0,0.0,0.0,0.0,27.86375454994028
2025-02-05,40.74950766471929,0.0,0.0,0.0,48.751030954831066,0.0,0.0,0.0,0.0,0.0,10.49946138044965
2025-02-06,31.811768459881474,19.65427708267905,0.0,0.0,38.07326068807744,0.0,0.0,0.0,0.0,0.0,10.460693769362035
2025-02-07,32.78110535751112,20.368379591176435,0.0,0.0,39.24077415538205,0.0,0.0,0.0,0.0,0.0,7.609740895930393
2025-02-10,0.0,72.93727301346925,0.0,0.0,0.0,0.0,0.0,0.0,0.0,0.0,27.06272698653075
2025-02-11,0.0,74.14875367249859,0.0,0.0,0.0,0.0,0.0,0.0,0.0,0.0,25.851246327501407
2025-02-12,0.0,88.43388117834125,0.0,0.0,0.0,0.0,0.0,0.0,0.0,0.0,11.566118821658739
2025-02-13,31.985591078746246,19.974442589015123,0.0,0.0,38.242470274719146,0.0,0.0,0.0,0.0,0.0,9.797496057519481
2025-02-14,28.526189044083207,17.790976768077858,0.0,0.0,34.091763851306425,0.0,0.0,0.0,0.0,9.799816487383083,9.791253849149427
2025-02-17,42.68706817218748,26.704120440580425,0.0,0.0,0.0,0.0,0.0,0.0,0.0,14.69005608069274,15.918755306539358
2025-02-18,0.0,0.0,0.0,0.0,0.0,0.0,0.0,0.0,0.0,0.0,100.0
2025-02-19,66.42594286821941,0.0,0.0,0.0,0.0,0.0,0.0,0.0,0.0,22.908931897089616,10.665125234690974
2025-02-20,40.32559687338686,25.263156559892025,0.0,0.0,0.0,0.0,0.0,0.0,0.0,13.912926475451512,20.498320091269616
2025-02-21,31.441781589006755,0.0,0.0,0.0,37.61672048642232,0.0,0.0,0.0,0.0,10.876632640070092,20.06486528450083
2025-02-24,0.0,0.0,0.0,27.3169954059603,42.10260206900749,0.0,0.0,0.0,0.0,12.228155330565208,18.352247194467004
2025-02-25,0.0,0.0,0.0,26.995338944777203,41.507041046826046,0.0,0.0,0.0,0.0,12.00937528133746,19.488244727059293
2025-02-26,0.0,0.0,0.0,40.58405428444781,0.0,0.0,0.0,0.0,0.0,18.072257381406708,41.343688334145476
2025-02-27,33.02934547075987,20.70424436969342,0.0,25.620116877458244,0.0,0.0,0.0,0.0,0.0,11.385353349064333,9.260939933024131
2025-02-28,0.0,0.0,0.0,0.0,0.0,0.0,0.0,0.0,0.0,0.0,100.0
2025-03-03,27.39806699165162,17.159090197409586,0.0,21.25325968808471,0.0,0.0,23.60079592701754,0.0,0.0,0.0,10.58878719583654
2025-03-04,0.0,0.0,0.0,27.89166024709574,42.78832099299158,0.0,0.0,0.0,0.0,12.43513472520625,16.88488403470643
2025-03-05,62.87107736594291,0.0,0.0,0.0,0.0,6.869098718891037,0.0,0.0,0.0,0.0,30.25982391516606
2025-03-06,87.02386940922307,0.0,0.0,0.0,0.0,0.0,0.0,0.0,0.0,0.0,12.976130590776938
2025-03-07,46.6778625055454,0.0,38.97922532520213,0.0,0.0,0.0,0.0,0.0,0.0,0.0,14.342912169252472
2025-03-10,22.087334368893142,13.827591875295095,0.0,17.129289346599755,26.226127803516917,0.0,0.0,0.0,0.0,7.6545353472904,13.075121258404694
2025-03-11,39.10420745584723,0.0,0.0,0.0,0.0,0.0,33.58096480105918,0.0,0.0,0.0,27.31482774309358
2025-03-12,72.41175507068004,0.0,0.0,0.0,0.0,0.0,0.0,0.0,0.0,0.0,27.588244929319952
2025-03-13,35.19501787066674,0.0,0.0,0.0,41.38826381701629,0.0,0.0,0.0,0.0,0.0,23.416718312316974
2025-03-14,0.0,30.921115734771693,0.0,38.27913863870525,0.0,5.333270695773685,0.0,0.0,0.0,0.0,25.46647493074938
2025-03-17,0.0,0.0,0.0,0.0,0.0,24.91296494776364,0.0,0.0,0.0,0.0,75.08703505223636
2025-03-18,0.0,28.52370617573502,0.0,0.0,53.67285879844913,0.0,0.0,0.0,0.0,0.0,17.803435025815844
2025-03-19,0.0,0.0,0.0,0.0,0.0,0.0,0.0,0.0,0.0,0.0,99.99999999999999
2025-03-20,78.60422694600473,0.0,0.0,0.0,0.0,0.0,0.0,0.0,0.0,0.0,21.395773053995274
2025-03-21,0.0,0.0,0.0,25.34441693919886,38.659611988604624,0.0,28.0151174443031,0.0,0.0,0.0,7.980853627893415
2025-03-24,0.0,0.0,0.0,0.0,62.41150381273817,0.0,0.0,0.0,0.0,0.0,37.58849618726184
2025-03-25,37.52807347844597,23.419079957633013,0.0,28.85702900783096,0.0,0.0,0.0,0.0,0.0,0.0,10.195817556090063
2025-03-26,16.96343906820237,10.374281143116525,0.0,0.0,19.843408360740725,1.8074662062367768,14.392415824266763,3.429804594118349,0.0,5.864009579243984,27.32517522407451
2025-03-27,12.266656166702285,7.4622138447266675,10.239866449987005,9.439805092828232,14.387735646909594,0.0,10.424322545336876,0.0,0.0,4.253104130760115,31.526296122749223
2025-03-28,16.721198482243732,10.08684275801164,0.0,12.86578902661002,19.583719318257863,0.0,0.0,3.4606336071538983,0.0,5.79836498946096,31.483451818261884
2025-03-31,30.36804310475264,18.315725406140224,0.0,23.36310181285505,0.0,0.0,0.0,0.0,0.0,0.0,27.953129676252082
2025-04-01,26.66242038706919,16.076704464859638,0.0,0.0,0.0,0.0,0.0,0.0,0.0,9.23964597242973,48.02122917564144
2025-04-02,23.12517452762486,13.959051835435812,0.0,17.805566435224748,0.0,0.0,0.0,0.0,0.0,8.012646407659952,37.09756079405463
2025-04-03,20.886766992809473,12.736134133634232,0.0,16.21871162071979,24.69458067477808,0.0,0.0,0.0,0.0,0.0,25.463806578058424
2025-04-07,29.390145841170863,18.01523047475226,0.0,0.0,34.80996102119091,0.0,0.0,0.0,0.0,0.0,17.78466266288597
2025-04-08,23.179219691903075,14.253459510774741,0.0,18.176132243075667,27.45174389275475,0.0,0.0,0.0,0.0,0.0,16.93944466149177
2025-04-09,15.25194275146157,9.377072295833235,0.0,11.961490466937622,18.061225680438884,0.0,13.078810859338708,0.0,0.0,5.409497499813736,26.859960446176245
2025-04-10,18.727200864176528,11.53567171646534,0.0,14.723261591270933,22.199956401704128,0.0,0.0,0.0,0.0,6.668824585817899,26.14508484056517
2025-04-11,25.05867877181261,0.0,0.0,19.740686181732737,29.680259598212334,0.0,21.53838248279787,0.0,0.0,0.0,3.981992965444449
2025-04-14,19.94177035498429,12.28300136302574,0.0,15.719997834122498,23.61843252776247,0.0,17.138290553073297,0.0,0.0,0.0,11.298507367031705
2025-04-15,23.23039957804855,14.307211012670736,0.0,18.317643754967495,0.0,0.0,0.0,0.0,0.0,8.257683041734136,35.887062612579086
2025-04-16,0.0,21.157176407701147,0.0,27.193196162961986,0.0,0.0,0.0,0.0,0.0,12.251810456576626,39.39781697276024
2025-04-17,26.001828254176402,15.912157899508216,0.0,0.0,30.790836438266965,0.0,0.0,0.0,0.0,0.0,27.295177408048417
2025-04-22,0.0,0.0,0.0,24.593409610164326,36.83596455286108,0.0,0.0,0.0,0.0,0.0,38.57062583697459
2025-04-23,0.0,0.0,0.0,0.0,0.0,0.0,0.0,0.0,0.0,0.0,100.0
2025-04-24,28.12315478088248,0.0,0.0,0.0,33.28338152876549,0.0,0.0,0.0,0.0,0.0,38.593463690352024
2025-04-25,43.9042066892123,0.0,0.0,0.0,51.984526353325435,0.0,0.0,0.0,0.0,0.0,4.111266957462269
2025-04-28,0.0,0.0,0.0,0.0,44.43338437695037,0.0,0.0,0.0,0.0,13.362572454202738,42.20404316884689
2025-04-29,0.0,0.0,0.0,0.0,0.0,0.0,79.7611822637364,0.0,0.0,0.0,20.238817736263602
2025-04-30,25.524498836244575,15.643926612090405,0.0,0.0,30.2416380003635,0.0,0.0,0.0,0.0,0.0,28.58993655130152
2025-05-02,0.0,32.19112968802209,0.0,0.0,0.0,0.0,0.0,0.0,0.0,0.0,67.80887031197791
